2010375	ET EXPLOIT Possible Oracle Database Text Component ctxsys.drvxtabc.create_tables Remote SQL Injection Attempt
2025772	ET EXPLOIT Nagios XI SQL Injection
2025775	ET EXPLOIT Nagios XI SQL Injection 2
2018288	ET EXPLOIT Joomla 3.2.1 SQL injection attempt
2018289	ET EXPLOIT Joomla 3.2.1 SQL injection attempt 2
2017060	ET EXPLOIT SolusVM 1.13.03 SQL injection
2033411	ET EXPLOIT Cisco Data Center Network Manager SQL Injection Inbound (CVE-2019-15984)
2034270	ET EXPLOIT PHP Melody v3.0 SQL Injection Attempt
2034271	ET EXPLOIT PHP Melody v3.0 SQL Injection Attempt
2035018	ET EXPLOIT MetInfo 7.0 SQL Injection (CVE-2019-17418)
2035019	ET EXPLOIT MetInfo 7.0 SQL Injection (CVE-2019-16997)
2035104	ET EXPLOIT VMware SD-WAN Orchestrator SQL Injection (CVE-2020-3984)
2034492	ET EXPLOIT Kaseya VSA ManagedITSync SQL Injection (CVE-2017-18362)
2038696	ET EXPLOIT Possible SAP NetWeaver SQL Injection Attempt Inbound (CVE-2016-2386)
2039129	ET EXPLOIT ZKBioSecurity SQL Injection Attempt (CVE-2022-36635)
2053409	ET EXPLOIT Hongjing eHR Showmedia.jsp SQL Injection Inbound
2053444	ET EXPLOIT Zhibang International ERP System SQL Injection Attempt
2058432	ET EXPLOIT Fortinet FortiClient EMS SQL Injection (CVE-2023-48788)
2060144	ET EXPLOIT PostgreSQL psql SQL Injection (CVE-2025-1094)
2062512	ET EXPLOIT RSI Queue Unauthenticated Blind SQL Injection (CVE-2025-26086)
2066335	ET EXPLOIT Synology Driver Server SQL Injection (CVE-2024-50631)
2009981	ET FTP Possible FTP Daemon Username SELECT FROM SQL Injection Attempt
2009982	ET FTP Possible FTP Daemon Username DELETE FROM SQL Injection Attempt
2009983	ET FTP Possible FTP Daemon Username INSERT INTO SQL Injection Attempt
2009984	ET FTP Possible FTP Daemon Username UPDATE SET SQL Injection Attempt
2009985	ET FTP Possible FTP Daemon Username UNION SELECT SQL Injection Attempt
2010081	ET FTP Possible FTP Daemon Username INTO OUTFILE SQL Injection Attempt
2058409	ET HUNTING Fortinet FortiWLM Unauthenticated SQL Injection (CVE-2023-34991)
2008654	ET SCAN SQLix SQL Injection Vector Scan
2009882	ET SCAN Default Mysqloit User Agent Detected - Mysql Injection Takover Tool
2009883	ET SCAN Possible Mysqloit Operating System Fingerprint/SQL Injection Test Scan Detected
2010087	ET SCAN Suspicious User-Agent Containing SQL Inject/ion Likely SQL Injection Scanner
2008362	ET SCAN bsqlbf Brute Force SQL Injection
2010215	ET SCAN SQL Injection Attempt (Agent uil2pn)
2009555	ET SCAN Absinthe SQL Injection Tool HTTP Header Detected
2009833	ET SCAN WITOOL SQL Injection Scan
2012606	ET SCAN Havij SQL Injection Tool User-Agent Inbound
2011924	ET SCAN Havij SQL Injection Tool User-Agent Outbound
2008538	ET SCAN Sqlmap SQL Injection Scan
2008729	ET SCAN Mini MySqlatOr SQL Injection Scanner
2009769	ET SCAN SQL Power Injector SQL Injection User Agent Detected
2011035	ET WEB_SERVER SQL Injection BULK INSERT in URI to Insert File Content into Database Table
2016935	ET WEB_SERVER SQL Injection Select Sleep Time Delay
2010963	ET WEB_SERVER SELECT USER SQL Injection Attempt in URI
2010966	ET WEB_SERVER SHOW CURDATE/CURTIME SQL Injection Attempt in URI
2010967	ET WEB_SERVER SHOW TABLES SQL Injection Attempt in URI
2011039	ET WEB_SERVER Possible INSERT VALUES SQL Injection Attempt
2010284	ET WEB_SERVER SELECT INSTR in URI Possible ORACLE Related Blind SQL Injection Attempt
2010965	ET WEB_SERVER SHOW VARIABLES SQL Injection Attempt in URI
2015749	ET WEB_SERVER Possible Oracle SQL Injection utl_inaddr call in URI
2010084	ET WEB_SERVER Possible ALTER SQL Injection Attempt
2010085	ET WEB_SERVER Possible DROP SQL Injection Attempt
2010086	ET WEB_SERVER Possible CREATE SQL Injection Attempt in URI
2010621	ET WEB_SERVER SQL Injection Attempt (Agent CZ32ts)
2009029	ET WEB_SERVER SQL Injection Attempt (Agent NV32ts)
2010964	ET WEB_SERVER SHOW CHARACTER SET SQL Injection Attempt in URI
2011174	ET WEB_SERVER SQL Injection Attempt (Agent CZxt2s)
2053441	ET WEB_SERVER Possible SQL Injection (varchar2) in HTTP Request Body
2053443	ET WEB_SERVER Possible SQL Injection CHAR() in HTTP Request Body M1
2053446	ET WEB_SERVER Possible SQL Injection CHAR() in HTTP Request Body M2
2053449	ET WEB_SERVER Possible SQL Injection CHR() in HTTP Request Body M1
2053452	ET WEB_SERVER Possible SQL Injection CHR() in HTTP Request Body M2
2053456	ET WEB_SERVER Possible SQL Injection sp_configure in HTTP Request Body
2053460	ET WEB_SERVER Possible SQL Injection (varchar) in HTTP Request Body
2053461	ET WEB_SERVER Possible SQL Injection (exec) in HTTP Request Body
2053462	ET WEB_SERVER Possible SQL Injection (declare) in HTTP Request Body
2053463	ET WEB_SERVER Possible SQL Injection INTO OUTFILE in HTTP Request Body
2053464	ET WEB_SERVER Possible SQL Injection Obfuscated by REVERSE function in HTTP Request Body
2053465	ET WEB_SERVER Possible SQL Injection SELECT CONCAT in HTTP Request Body
2053468	ET WEB_SERVER Possible SQL Injection UNION SELECT in HTTP Request Body
2053467	ET WEB_SERVER Possible SQL Injection SELECT CAST in HTTP URI
2011122	ET WEB_SERVER Possible SQL injection obfuscated via REVERSE function in HTTP URI
2053479	ET WEB_SERVER Possible SQL Injection WAITFOR DELAY in HTTP URI
2053480	ET WEB_SERVER Possible SQL injection WAITFOR DELAY in HTTP Request Body
2016936	ET WEB_SERVER SQL Injection Local File Access Attempt Using LOAD_FILE
2053458	ET WEB_SERVER Possible SQL Injection INSERT INTO in HTTP Request Body
2053466	ET WEB_SERVER Possible SQL Injection SELECT CAST in HTTP Request Body
2053457	ET WEB_SERVER Possible SQL Injection DELETE FROM in HTTP Request Body
2053459	ET WEB_SERVER Possible SQL Injection SELECT FROM in HTTP Request Body
2006444	ET WEB_SERVER Possible SQL Injection Attempt INSERT INTO in HTTP URI
2010285	ET WEB_SERVER SELECT SUBSTR/ING in URI Possible Blind SQL Injection Attempt
2006443	ET WEB_SERVER Possible SQL Injection Attempt DELETE FROM in HTTP URI
2006446	ET WEB_SERVER Possible SQL Injection Attempt UNION SELECT in HTTP URI
2008175	ET WEB_SERVER Possible SQL Injection (varchar) in HTTP URI
2008176	ET WEB_SERVER Possible SQL Injection (exec) in HTTP URI
2008467	ET WEB_SERVER Possible SQL Injection Attempt Danmec related (declare) in HTTP URI
2010037	ET WEB_SERVER Possible SQL Injection INTO OUTFILE Arbitrary File Write Attempt in HTTP URI
2011042	ET WEB_SERVER Possible SQL Injection SELECT CONCAT in HTTP URI
2011424	ET WEB_SERVER Possible SQL Injection Using MSSQL sp_configure Command in HTTP URI
2014352	ET WEB_SERVER Possible SQL Injection Attempt char() Danmec related in HTTP URI
2016596	ET WEB_SERVER Possible SQL Injection (varchar2) in HTTP URI
2006547	ET WEB_SPECIFIC_APPS NetClassifieds Premium Edition SQL Injection Attempt -- ViewCat.php s_user_id SELECT
2006548	ET WEB_SPECIFIC_APPS NetClassifieds Premium Edition SQL Injection Attempt -- ViewCat.php s_user_id UNION SELECT
2006549	ET WEB_SPECIFIC_APPS NetClassifieds Premium Edition SQL Injection Attempt -- ViewCat.php s_user_id INSERT
2006550	ET WEB_SPECIFIC_APPS NetClassifieds Premium Edition SQL Injection Attempt -- ViewCat.php s_user_id DELETE
2006551	ET WEB_SPECIFIC_APPS NetClassifieds Premium Edition SQL Injection Attempt -- ViewCat.php s_user_id ASCII
2006552	ET WEB_SPECIFIC_APPS NetClassifieds Premium Edition SQL Injection Attempt -- ViewCat.php s_user_id UPDATE
2004158	ET WEB_SPECIFIC_APPS NetVIOS Portal SQL Injection Attempt -- page.asp NewsID SELECT
2004159	ET WEB_SPECIFIC_APPS NetVIOS Portal SQL Injection Attempt -- page.asp NewsID UNION SELECT
2004160	ET WEB_SPECIFIC_APPS NetVIOS Portal SQL Injection Attempt -- page.asp NewsID INSERT
2004161	ET WEB_SPECIFIC_APPS NetVIOS Portal SQL Injection Attempt -- page.asp NewsID DELETE
2004162	ET WEB_SPECIFIC_APPS NetVIOS Portal SQL Injection Attempt -- page.asp NewsID ASCII
2004163	ET WEB_SPECIFIC_APPS NetVIOS Portal SQL Injection Attempt -- page.asp NewsID UPDATE
2004936	ET WEB_SPECIFIC_APPS Neuron Blog SQL Injection Attempt -- addcomment2.php commentname SELECT
2004937	ET WEB_SPECIFIC_APPS Neuron Blog SQL Injection Attempt -- addcomment2.php commentname UNION SELECT
2004938	ET WEB_SPECIFIC_APPS Neuron Blog SQL Injection Attempt -- addcomment2.php commentname INSERT
2004939	ET WEB_SPECIFIC_APPS Neuron Blog SQL Injection Attempt -- addcomment2.php commentname DELETE
2004940	ET WEB_SPECIFIC_APPS Neuron Blog SQL Injection Attempt -- addcomment2.php commentname ASCII
2004941	ET WEB_SPECIFIC_APPS Neuron Blog SQL Injection Attempt -- addcomment2.php commentname UPDATE
2004942	ET WEB_SPECIFIC_APPS Neuron Blog SQL Injection Attempt -- addcomment2.php commentmail SELECT
2004943	ET WEB_SPECIFIC_APPS Neuron Blog SQL Injection Attempt -- addcomment2.php commentmail UNION SELECT
2004945	ET WEB_SPECIFIC_APPS Neuron Blog SQL Injection Attempt -- addcomment2.php commentmail INSERT
2004946	ET WEB_SPECIFIC_APPS Neuron Blog SQL Injection Attempt -- addcomment2.php commentmail DELETE
2004947	ET WEB_SPECIFIC_APPS Neuron Blog SQL Injection Attempt -- addcomment2.php commentmail ASCII
2004948	ET WEB_SPECIFIC_APPS Neuron Blog SQL Injection Attempt -- addcomment2.php commentmail UPDATE
2004949	ET WEB_SPECIFIC_APPS Neuron Blog SQL Injection Attempt -- addcomment2.php commentwebsite SELECT
2004950	ET WEB_SPECIFIC_APPS Neuron Blog SQL Injection Attempt -- addcomment2.php commentwebsite UNION SELECT
2004951	ET WEB_SPECIFIC_APPS Neuron Blog SQL Injection Attempt -- addcomment2.php commentwebsite INSERT
2004952	ET WEB_SPECIFIC_APPS Neuron Blog SQL Injection Attempt -- addcomment2.php commentwebsite DELETE
2004953	ET WEB_SPECIFIC_APPS Neuron Blog SQL Injection Attempt -- addcomment2.php commentwebsite ASCII
2004954	ET WEB_SPECIFIC_APPS Neuron Blog SQL Injection Attempt -- addcomment2.php commentwebsite UPDATE
2004955	ET WEB_SPECIFIC_APPS Neuron Blog SQL Injection Attempt -- addcomment2.php comment SELECT
2004956	ET WEB_SPECIFIC_APPS Neuron Blog SQL Injection Attempt -- addcomment2.php comment UNION SELECT
2004957	ET WEB_SPECIFIC_APPS Neuron Blog SQL Injection Attempt -- addcomment2.php comment INSERT
2004958	ET WEB_SPECIFIC_APPS Neuron Blog SQL Injection Attempt -- addcomment2.php comment DELETE
2004959	ET WEB_SPECIFIC_APPS Neuron Blog SQL Injection Attempt -- addcomment2.php comment ASCII
2004960	ET WEB_SPECIFIC_APPS Neuron Blog SQL Injection Attempt -- addcomment2.php comment UPDATE
2012420	ET WEB_SPECIFIC_APPS SOPHIA CMS SQL Injection Attempt dsp_page.cfm pageid SELECT
2012421	ET WEB_SPECIFIC_APPS SOPHIA CMS SQL Injection Attempt -- dsp_page.cfm pageid UNION SELECT
2012422	ET WEB_SPECIFIC_APPS SOPHIA CMS SQL Injection Attempt -- dsp_page.cfm pageid INSERT
2012423	ET WEB_SPECIFIC_APPS SOPHIA CMS SQL Injection Attempt -- dsp_page.cfm pageid DELETE
2012424	ET WEB_SPECIFIC_APPS SOPHIA CMS SQL Injection Attempt -- dsp_page.cfm pageid ASCII
2012425	ET WEB_SPECIFIC_APPS SOPHIA CMS SQL Injection Attempt -- dsp_page.cfm pageid UPDATE
2012431	ET WEB_SPECIFIC_APPS WP Forum Server wordpress plugin SQL Injection Attempt -- feed.php topic SELECT
2012432	ET WEB_SPECIFIC_APPS WP Forum Server wordpress plugin SQL Injection Attempt -- feed.php topic UNION SELECT
2012433	ET WEB_SPECIFIC_APPS WP Forum Server wordpress plugin SQL Injection Attempt -- feed.php topic INSERT
2012434	ET WEB_SPECIFIC_APPS WP Forum Server wordpress plugin SQL Injection Attempt -- feed.php topic DELETE
2012435	ET WEB_SPECIFIC_APPS WP Forum Server wordpress plugin SQL Injection Attempt -- feed.php topic ASCII
2012436	ET WEB_SPECIFIC_APPS WP Forum Server wordpress plugin SQL Injection Attempt -- feed.php topic UPDATE
2012468	ET WEB_SPECIFIC_APPS All In One Control Panel SQL Injection Attempt -- cp_menu_data_file.php menu SELECT
2012469	ET WEB_SPECIFIC_APPS All In One Control Panel SQL Injection Attempt -- cp_menu_data_file.php menu UNION SELECT
2012471	ET WEB_SPECIFIC_APPS All In One Control Panel SQL Injection Attempt -- cp_menu_data_file.php menu DELETE
2012472	ET WEB_SPECIFIC_APPS All In One Control Panel SQL Injection Attempt -- cp_menu_data_file.php menu ASCII
2012473	ET WEB_SPECIFIC_APPS All In One Control Panel SQL Injection Attempt -- cp_menu_data_file.php menu UPDATE
2012478	ET WEB_SPECIFIC_APPS Flash Gallery wordpress plugin SQL Injection Attempt -- massedit_album.php gall_id UNION SELECT
2012480	ET WEB_SPECIFIC_APPS Flash Gallery wordpress plugin SQL Injection Attempt -- massedit_album.php gall_id DELETE
2012481	ET WEB_SPECIFIC_APPS Flash Gallery wordpress plugin SQL Injection Attempt -- massedit_album.php gall_id ASCII
2012482	ET WEB_SPECIFIC_APPS Flash Gallery wordpress plugin SQL Injection Attempt -- massedit_album.php gall_id UPDATE
2012485	ET WEB_SPECIFIC_APPS Keynect Ecommerce SQL Injection Attempt -- products.php ctf SELECT
2012486	ET WEB_SPECIFIC_APPS Keynect Ecommerce SQL Injection Attempt -- products.php ctf UNION SELECT
2012487	ET WEB_SPECIFIC_APPS Keynect Ecommerce SQL Injection Attempt -- products.php ctf INSERT
2012488	ET WEB_SPECIFIC_APPS Keynect Ecommerce SQL Injection Attempt -- products.php ctf DELETE
2012490	ET WEB_SPECIFIC_APPS Keynect Ecommerce SQL Injection Attempt -- products.php ctf UPDATE
2012470	ET WEB_SPECIFIC_APPS All In One Control Panel SQL Injection Attempt -- cp_menu_data_file.php menu INSERT
2012479	ET WEB_SPECIFIC_APPS Flash Gallery wordpress plugin SQL Injection Attempt -- massedit_album.php gall_id INSERT
2012489	ET WEB_SPECIFIC_APPS Keynect Ecommerce SQL Injection Attempt -- products.php ctf ASCII
2012498	ET WEB_SPECIFIC_APPS Constructr CMS SQL Injection Attempt -- constructrXmlOutput.content.xml.php page_id SELECT
2012499	ET WEB_SPECIFIC_APPS Constructr CMS SQL Injection Attempt -- constructrXmlOutput.content.xml.php page_id UNION SELECT
2012500	ET WEB_SPECIFIC_APPS Constructr CMS SQL Injection Attempt -- constructrXmlOutput.content.xml.php page_id INSERT
2012502	ET WEB_SPECIFIC_APPS Constructr CMS SQL Injection Attempt -- constructrXmlOutput.content.xml.php page_id ASCII
2012557	ET WEB_SPECIFIC_APPS Shape Web Solutions imprimir.php DELETE FROM SQL Injection Attempt
2012556	ET WEB_SPECIFIC_APPS Shape Web Solutions imprimir.php SELECT FROM SQL Injection Attempt
2012558	ET WEB_SPECIFIC_APPS Shape Web Solutions imprimir.php UNION SELECT SQL Injection Attempt
2012559	ET WEB_SPECIFIC_APPS Shape Web Solutions imprimir.php INSERT INTO SQL Injection Attempt
2012560	ET WEB_SPECIFIC_APPS Shape Web Solutions imprimir.php UPDATE SET SQL Injection Attempt
2012567	ET WEB_SPECIFIC_APPS coRED CMS rubID Parameter SELECT FROM SQL Injection Attempt
2012568	ET WEB_SPECIFIC_APPS coRED CMS rubID Parameter UNION SELECT SQL Injection Attempt
2012569	ET WEB_SPECIFIC_APPS coRED CMS rubID Parameter INSERT INTO SQL Injection Attempt
2012570	ET WEB_SPECIFIC_APPS coRED CMS rubID Parameter UPDATE SET SQL Injection Attempt
2012575	ET WEB_SPECIFIC_APPS mySeatXT SQL Injection Attempt autocomplete.php field SELECT
2012579	ET WEB_SPECIFIC_APPS mySeatXT SQL Injection Attempt autocomplete.php field ASCII
2012577	ET WEB_SPECIFIC_APPS mySeatXT SQL Injection Attempt autocomplete.php field INSERT
2012585	ET WEB_SPECIFIC_APPS coRED CMS rubID Parameter DELETE FROM SQL Injection Attempt
2012596	ET WEB_SPECIFIC_APPS mySeatXT SQL Injection Attempt autocomplete.php field UNION SELECT
2012598	ET WEB_SPECIFIC_APPS mySeatXT SQL Injection Attempt autocomplete.php field DELETE
2012600	ET WEB_SPECIFIC_APPS mySeatXT SQL Injection Attempt autocomplete.php field UPDATE
2012673	ET WEB_SPECIFIC_APPS Andy PHP Knowledgebase SQL Injection Attempt pdfgen.php pdfa UNION SELECT
2012674	ET WEB_SPECIFIC_APPS Andy PHP Knowledgebase SQL Injection Attempt pdfgen.php pdfa INSERT
2012675	ET WEB_SPECIFIC_APPS Andy PHP Knowledgebase SQL Injection Attempt pdfgen.php pdfa DELETE
2012676	ET WEB_SPECIFIC_APPS Andy PHP Knowledgebase SQL Injection Attempt pdfgen.php pdfa ASCII
2012677	ET WEB_SPECIFIC_APPS Andy PHP Knowledgebase SQL Injection Attempt pdfgen.php pdfa UPDATE
2012672	ET WEB_SPECIFIC_APPS Andy PHP Knowledgebase SQL Injection Attempt pdfgen.php pdfa SELECT
2012667	ET WEB_SPECIFIC_APPS Joomla Component Media Mall Factory Blind SQL Injection Attempt
2012664	ET WEB_SPECIFIC_APPS vBulletin cChatBox messageid Parameter INSERT INTO SQL Injection Attempt
2012663	ET WEB_SPECIFIC_APPS vBulletin cChatBox messageid Parameter UNION SELECT SQL Injection Attempt
2012662	ET WEB_SPECIFIC_APPS vBulletin cChatBox messageid Parameter DELETE FROM SQL Injection Attempt
2012661	ET WEB_SPECIFIC_APPS vBulletin cChatBox messageid Parameter SELECT FROM SQL Injection Attempt
2012660	ET WEB_SPECIFIC_APPS Portel patron Parameter Blind SQL Injection Attempt
2012655	ET WEB_SPECIFIC_APPS PHP-Nuke Surveys pollID parameter UPDATE SET SQL Injection Attempt
2012654	ET WEB_SPECIFIC_APPS PHP-Nuke Surveys pollID parameter INSERT INTO SQL Injection Attempt
2012653	ET WEB_SPECIFIC_APPS PHP-Nuke Surveys pollID parameter UNION SELECT SQL Injection Attempt
2012652	ET WEB_SPECIFIC_APPS PHP-Nuke Surveys pollID parameter DELETE FROM SQL Injection Attempt
2012651	ET WEB_SPECIFIC_APPS PHP-Nuke Surveys pollID parameter SELECT FROM SQL Injection Attempt
2012665	ET WEB_SPECIFIC_APPS vBulletin cChatBox messageid Parameter UPDATE SET SQL Injection Attempt
2012698	ET WEB_SPECIFIC_APPS eGroupware loaddetails.php script SELECT FROM SQL Injection Attempt
2012566	ET WEB_SPECIFIC_APPS vBulletin vbBux vbplaza.php Blind SQL Injection Attempt
2012697	ET WEB_SPECIFIC_APPS Joomla virtuemart Blind SQL Injection Attempt
2012699	ET WEB_SPECIFIC_APPS eGroupware loaddetails.php script DELETE FROM SQL Injection Attempt
2012700	ET WEB_SPECIFIC_APPS eGroupware loaddetails.php script UNION SELECT SQL Injection Attempt
2012701	ET WEB_SPECIFIC_APPS eGroupware loaddetails.php script INSERT INTO SQL Injection Attempt
2012702	ET WEB_SPECIFIC_APPS eGroupware loaddetails.php script UPDATE SET SQL Injection Attempt
2012723	ET WEB_SPECIFIC_APPS Mambo component com_zoom Blind SQL Injection Vulnerability
2012719	ET WEB_SPECIFIC_APPS I-Escorts Directory country_id parameter UPDATE SET SQL Injection Attempt
2012718	ET WEB_SPECIFIC_APPS I-Escorts Directory country_id parameter INSERT INTO SQL Injection Attempt
2012717	ET WEB_SPECIFIC_APPS I-Escorts Directory country_id parameter UNION SELECT SQL Injection Attempt
2012716	ET WEB_SPECIFIC_APPS I-Escorts Directory country_id parameter DELETE FROM SQL Injection Attempt
2012715	ET WEB_SPECIFIC_APPS I-Escorts Directory country_id parameter SELECT FROM SQL Injection Attempt
2012744	ET WEB_SPECIFIC_APPS Publishing Technology id Parameter Blind SQL Injection Attempt
2012745	ET WEB_SPECIFIC_APPS phpRS id parameter SELECT FROM SQL Injection Attempt
2012746	ET WEB_SPECIFIC_APPS phpRS id parameter DELETE FROM SQL Injection Attempt
2012747	ET WEB_SPECIFIC_APPS phpRS id parameter UNION SELECT SQL Injection Attempt
2012748	ET WEB_SPECIFIC_APPS phpRS id parameter INSERT INTO SQL Injection Attempt
2012749	ET WEB_SPECIFIC_APPS phpRS id parameter UPDATE SET SQL Injection Attempt
2012788	ET WEB_SPECIFIC_APPS KLINK txtCodiInfo parameter SELECT FROM SQL Injection Attempt
2012789	ET WEB_SPECIFIC_APPS KLINK txtCodiInfo parameter DELETE FROM SQL Injection Attempt
2012790	ET WEB_SPECIFIC_APPS KLINK txtCodiInfo parameter UNION SELECT SQL Injection Attempt
2012791	ET WEB_SPECIFIC_APPS KLINK txtCodiInfo parameter INSERT INTO SQL Injection Attempt
2012792	ET WEB_SPECIFIC_APPS KLINK txtCodiInfo parameter UPDATE SET SQL Injection Attempt
2012793	ET WEB_SPECIFIC_APPS E-Xoopport Samsara Sections module secid Parameter Blind SQL Injection Exploit
2012818	ET WEB_SPECIFIC_APPS Cisco Unified Operations Manager Blind SQL Injection Attempt
2012829	ET WEB_SPECIFIC_APPS Joomla Component com_hello SELECT FROM SQL Injection Attempt
2012830	ET WEB_SPECIFIC_APPS Joomla Component com_hello DELETE FROM SQL Injection Attempt
2012831	ET WEB_SPECIFIC_APPS Joomla Component com_hello UNION SELECT SQL Injection Attempt
2012832	ET WEB_SPECIFIC_APPS Joomla Component com_hello INSERT INTO SQL Injection Attempt
2012833	ET WEB_SPECIFIC_APPS Joomla Component com_hello UPDATE SET SQL Injection Attempt
2012872	ET WEB_SPECIFIC_APPS TCExam tce_xml_user_results.php script SELECT FROM SQL Injection Attempt
2012873	ET WEB_SPECIFIC_APPS TCExam tce_xml_user_results.php script DELETE FROM SQL Injection Attempt
2012874	ET WEB_SPECIFIC_APPS TCExam tce_xml_user_results.php script UNION SELECT SQL Injection Attempt
2012875	ET WEB_SPECIFIC_APPS TCExam tce_xml_user_results.php script INSERT INTO SQL Injection Attempt
2012876	ET WEB_SPECIFIC_APPS TCExam tce_xml_user_results.php script UPDATE SET SQL Injection Attempt
2012991	ET WEB_SPECIFIC_APPS TEDE Simplificado processaPesquisa.php script UPDATE SET SQL Injection Attempt
2012990	ET WEB_SPECIFIC_APPS TEDE Simplificado processaPesquisa.php script INSERT INTO SQL Injection Attempt
2012989	ET WEB_SPECIFIC_APPS TEDE Simplificado processaPesquisa.php script UNION SELECT SQL Injection Attempt
2012988	ET WEB_SPECIFIC_APPS TEDE Simplificado processaPesquisa.php script DELETE FROM SQL Injection Attempt
2012987	ET WEB_SPECIFIC_APPS TEDE Simplificado processaPesquisa.php script SELECT FROM SQL Injection Attempt
2013080	ET WEB_SPECIFIC_APPS PHP link Directory sbcat_id Parameter SELECT FROM SQL Injection Attempt
2013081	ET WEB_SPECIFIC_APPS PHP link Directory sbcat_id Parameter DELETE FROM SQL Injection Attempt
2013082	ET WEB_SPECIFIC_APPS PHP link Directory sbcat_id Parameter UNION SELECT SQL Injection Attempt
2013083	ET WEB_SPECIFIC_APPS PHP link Directory sbcat_id Parameter INSERT INTO SQL Injection Attempt
2013084	ET WEB_SPECIFIC_APPS PHP link Directory sbcat_id Parameter UPDATE SET SQL Injection Attempt
2013129	ET WEB_SPECIFIC_APPS SoftMP3 search Parameter UPDATE SET SQL Injection Attempt
2013128	ET WEB_SPECIFIC_APPS SoftMP3 search Parameter INSERT INTO SQL Injection Attempt
2013127	ET WEB_SPECIFIC_APPS SoftMP3 search Parameter UNION SELECT SQL Injection Attempt
2013126	ET WEB_SPECIFIC_APPS SoftMP3 search Parameter DELETE FROM SQL Injection Attempt
2013125	ET WEB_SPECIFIC_APPS SoftMP3 search Parameter SELECT FROM SQL Injection Attempt
2013159	ET WEB_SPECIFIC_APPS Wordpress plugin Flash Album Gallery pid Parameter UPDATE SET SQL Injection Attempt
2013158	ET WEB_SPECIFIC_APPS Wordpress plugin Flash Album Gallery pid Parameter INSERT INTO SQL Injection Attempt
2013157	ET WEB_SPECIFIC_APPS Wordpress plugin Flash Album Gallery pid Parameter UNION SELECT SQL Injection Attempt
2013164	ET WEB_SPECIFIC_APPS Webcat web_id Parameter Blind SQL Injection Vulnerability
2013156	ET WEB_SPECIFIC_APPS Wordpress plugin Flash Album Gallery pid Parameter DELETE FROM SQL Injection Attempt
2013234	ET WEB_SPECIFIC_APPS ActivDesk cid Parameter Blind SQL Injection Attempt
2013231	ET WEB_SPECIFIC_APPS Immophp annonce parameter UPDATE SET SQL Injection Attempt
2013230	ET WEB_SPECIFIC_APPS Immophp annonce parameter INSERT INTO SQL Injection Attempt
2013229	ET WEB_SPECIFIC_APPS Immophp annonce parameter UNION SELECT SQL Injection Attempt
2013228	ET WEB_SPECIFIC_APPS Immophp annonce parameter DELETE FROM SQL Injection Attempt
2013227	ET WEB_SPECIFIC_APPS Immophp annonce parameter SELECT FROM SQL Injection Attempt
2013303	ET WEB_SPECIFIC_APPS Nuke Evolution Xtreme pid Parameter SELECT FROM SQL Injection Attempt
2013304	ET WEB_SPECIFIC_APPS Nuke Evolution Xtreme pid Parameter DELETE FROM SQL Injection Attempt
2013305	ET WEB_SPECIFIC_APPS Nuke Evolution Xtreme pid Parameter UNION SELECT SQL Injection Attempt
2013306	ET WEB_SPECIFIC_APPS Nuke Evolution Xtreme pid Parameter INSERT INTO SQL Injection Attempt
2013307	ET WEB_SPECIFIC_APPS Nuke Evolution Xtreme pid Parameter UPDATE SET SQL Injection Attempt
2013471	ET WEB_SPECIFIC_APPS Joomla Community component userid parameter UPDATE SET SQL Injection Attempt
2013470	ET WEB_SPECIFIC_APPS Joomla Community component userid parameter INSERT INTO SQL Injection Attempt
2013469	ET WEB_SPECIFIC_APPS Joomla Community component userid parameter UNION SELECT SQL Injection Attempt
2013468	ET WEB_SPECIFIC_APPS Joomla Community component userid parameter DELETE FROM SQL Injection Attempt
2013673	ET WEB_SPECIFIC_APPS WordPress Tune Library Plugin letter parameter SELECT FROM SQL Injection Attempt
2013674	ET WEB_SPECIFIC_APPS WordPress Tune Library Plugin letter parameter DELETE FROM SQL Injection Attempt
2013675	ET WEB_SPECIFIC_APPS WordPress Tune Library Plugin letter parameter UNION SELECT SQL Injection Attempt
2013676	ET WEB_SPECIFIC_APPS WordPress Tune Library Plugin letter parameter INSERT INTO SQL Injection Attempt
2013677	ET WEB_SPECIFIC_APPS WordPress Tune Library Plugin letter parameter UPDATE SET SQL Injection Attempt
2013680	ET WEB_SPECIFIC_APPS Joomla EZ Realty id Parameter Blind SQL Injection Attempt
2013704	ET WEB_SPECIFIC_APPS Mambo N-Myndir SELECT FROM SQL Injection Attempt
2013705	ET WEB_SPECIFIC_APPS Mambo N-Myndir DELETE FROM SQL Injection Attempt
2013706	ET WEB_SPECIFIC_APPS Mambo N-Myndir UNION SELECT SQL Injection Attempt
2013707	ET WEB_SPECIFIC_APPS Mambo N-Myndir INSERT INTO SQL Injection Attempt
2013708	ET WEB_SPECIFIC_APPS Mambo N-Myndir UPDATE SET SQL Injection Attempt
2013713	ET WEB_SPECIFIC_APPS Joostina CMS users component Blind SQL Injection Attempt
2013762	ET WEB_SPECIFIC_APPS Mambo AHS Shop component INSERT INTO SQL Injection Attempt
2013760	ET WEB_SPECIFIC_APPS Mambo AHS Shop component DELETE FROM SQL Injection Attempt
2013759	ET WEB_SPECIFIC_APPS Mambo AHS Shop component SELECT FROM SQL Injection Attempt
2013763	ET WEB_SPECIFIC_APPS Mambo AHS Shop component UPDATE SET SQL Injection Attempt
2013872	ET WEB_SPECIFIC_APPS Mole Group Vacation Estate Listing Script Blind SQL Injection Attempt
2013873	ET WEB_SPECIFIC_APPS Joomla techfolio component SELECT FROM SQL Injection Attempt
2013877	ET WEB_SPECIFIC_APPS Joomla techfolio component UPDATE SET SQL Injection Attempt
2013988	ET WEB_SPECIFIC_APPS Zabbix popup.php INSERT INTO  SQL Injection Vulnerability
2013987	ET WEB_SPECIFIC_APPS Zabbix popup.php UPDATE SET SQL Injection Vulnerability
2013986	ET WEB_SPECIFIC_APPS Zabbix popup.php UNION SELECT SQL Injection Vulnerability
2013985	ET WEB_SPECIFIC_APPS Zabbix popup.php DELETE FROM SQL Injection Vulnerability
2014061	ET WEB_SPECIFIC_APPS Joomla com_dshop Component SELECT FROM SQL Injection Attempt
2014062	ET WEB_SPECIFIC_APPS Joomla com_dshop Component DELETE FROM SQL Injection Attempt
2014063	ET WEB_SPECIFIC_APPS Joomla com_dshop Component UNION SELECT SQL Injection Attempt
2014064	ET WEB_SPECIFIC_APPS Joomla com_dshop Component INSERT INTO SQL Injection Attempt
2014065	ET WEB_SPECIFIC_APPS Joomla com_dshop Component UPDATE SET SQL Injection Attempt
2014074	ET WEB_SPECIFIC_APPS jbShop e107 CMS plugin item_id parameter SELECT FROM SQL Injection Attempt
2014075	ET WEB_SPECIFIC_APPS jbShop e107 CMS plugin item_id parameter DELETE FROM SQL Injection Attempt
2014076	ET WEB_SPECIFIC_APPS jbShop e107 CMS plugin item_id parameter UNION SELECT SQL Injection Attempt
2014077	ET WEB_SPECIFIC_APPS jbShop e107 CMS plugin item_id parameter INSERT INTO SQL Injection Attempt
2014078	ET WEB_SPECIFIC_APPS jbShop e107 CMS plugin item_id parameter UPDATE SET SQL Injection Attempt
2014080	ET WEB_SPECIFIC_APPS Mambo Zorder zorder Parameter UPDATE SET SQL Injection Vulnerability
2014087	ET WEB_SPECIFIC_APPS Mambo Zorder zorder Parameter SELECT FROM SQL Injection Vulnerability
2014088	ET WEB_SPECIFIC_APPS Mambo Zorder zorder Parameter DELETE FROM SQL Injection Vulnerability
2014184	ET WEB_SPECIFIC_APPS IBBY nouvelles.php id Parameter SELECT FROM SQL Injection Attempt
2014185	ET WEB_SPECIFIC_APPS IBBY nouvelles.php id Parameter DELETE FROM SQL Injection Attempt
2014186	ET WEB_SPECIFIC_APPS IBBY nouvelles.php id Parameter UNION SELECT SQL Injection Attempt
2014187	ET WEB_SPECIFIC_APPS IBBY nouvelles.php id Parameter INSERT INTO SQL Injection Attempt
2014188	ET WEB_SPECIFIC_APPS IBBY nouvelles.php id Parameter UPDATE SET SQL Injection Attempt
2014253	ET WEB_SPECIFIC_APPS pfile file.php id Parameter SELECT FROM SQL Injection Attempt
2014254	ET WEB_SPECIFIC_APPS pfile file.php id Parameter DELETE FROM SQL Injection Attempt
2014255	ET WEB_SPECIFIC_APPS pfile file.php id Parameter UNION SELECT SQL Injection Attempt
2014256	ET WEB_SPECIFIC_APPS pfile file.php id Parameter INSERT INTO SQL Injection Attempt
2014257	ET WEB_SPECIFIC_APPS pfile file.php id Parameter UPDATE SET SQL Injection Attempt
2006932	ET WEB_SPECIFIC_APPS PHP-Nuke SQL Injection Attempt -- modules.php cid UPDATE
2006933	ET WEB_SPECIFIC_APPS PHP-Nuke SQL Injection Attempt -- modules.php pid SELECT
2011158	ET WEB_SPECIFIC_APPS RJ-iTop Network Vulnerabilities Scan System id INSERT INTO SQL Injection Attempt
2011159	ET WEB_SPECIFIC_APPS RJ-iTop Network Vulnerabilities Scan System id UPDATE SET SQL Injection Attempt
2013467	ET WEB_SPECIFIC_APPS Joomla Community component userid parameter SELECT FROM SQL Injection Attempt
2005570	ET WEB_SPECIFIC_APPS ThWboard SQL Injection Attempt -- index.php board DELETE
2006959	ET WEB_SPECIFIC_APPS dev4u CMS SQL Injection Attempt -- index.php gruppe_id INSERT
2007266	ET WEB_SPECIFIC_APPS ClickTech ClickContact SQL Injection Attempt -- default.asp AlphaSort UNION SELECT
2017622	ET WEB_SPECIFIC_APPS WHMCS lt 5.2.8 SQL Injection
2025738	ET WEB_SPECIFIC_APPS WordPress Plugin iThemes Security SQL Injection
2025746	ET WEB_SPECIFIC_APPS Joomla Component Ek rishta 2.10 - SQL Injection 3
2025745	ET WEB_SPECIFIC_APPS Joomla Component Ek rishta 2.10 - SQL Injection 2
2025748	ET WEB_SPECIFIC_APPS WordPress Contact Form Maker Plugin - SQL Injection 1
2025749	ET WEB_SPECIFIC_APPS WordPress Contact Form Maker Plugin - SQL Injection 2
2025744	ET WEB_SPECIFIC_APPS Joomla Component Ek rishta 2.10 - SQL Injection 1
2025786	ET WEB_SPECIFIC_APPS SoftExpert Excellence Suite 2.0 SQL Injection
2025819	ET WEB_SPECIFIC_APPS Elektronischer Leitz-Ordner 10 - SQL Injection
2026036	ET WEB_SPECIFIC_APPS MicroFocus Secure Messaging Gateway SQL Injection
2027416	ET WEB_SPECIFIC_APPS ECSHOP user.php SQL INJECTION via Referer
2004011	ET WEB_SPECIFIC_APPS WordPress SQL Injection Attempt -- admin-ajax.php cookie SELECT
2011378	ET WEB_SPECIFIC_APPS iScripts MultiCart orderid Parameter SELECT FROM SQL Injection Attempt
2011380	ET WEB_SPECIFIC_APPS iScripts MultiCart orderid Parameter UNION SELECT SQL Injection Attempt
2011381	ET WEB_SPECIFIC_APPS iScripts MultiCart orderid Parameter INSERT INTO SQL Injection Attempt
2011382	ET WEB_SPECIFIC_APPS iScripts MultiCart orderid Parameter UPDATE SET SQL Injection Attempt
2004132	ET WEB_SPECIFIC_APPS w-Agora SQL Injection Attempt -- search.php search_forum ASCII
2004133	ET WEB_SPECIFIC_APPS w-Agora SQL Injection Attempt -- search.php search_forum UPDATE
2004134	ET WEB_SPECIFIC_APPS w-Agora SQL Injection Attempt -- search.php search_user SELECT
2004135	ET WEB_SPECIFIC_APPS w-Agora SQL Injection Attempt -- search.php search_user UNION SELECT
2004136	ET WEB_SPECIFIC_APPS w-Agora SQL Injection Attempt -- search.php search_user INSERT
2004137	ET WEB_SPECIFIC_APPS w-Agora SQL Injection Attempt -- search.php search_user DELETE
2004138	ET WEB_SPECIFIC_APPS w-Agora SQL Injection Attempt -- search.php search_user ASCII
2004139	ET WEB_SPECIFIC_APPS w-Agora SQL Injection Attempt -- search.php search_user UPDATE
2004647	ET WEB_SPECIFIC_APPS W1L3D4 WEBmarket SQL Injection Attempt -- urunbak.asp id SELECT
2004648	ET WEB_SPECIFIC_APPS W1L3D4 WEBmarket SQL Injection Attempt -- urunbak.asp id UNION SELECT
2004649	ET WEB_SPECIFIC_APPS W1L3D4 WEBmarket SQL Injection Attempt -- urunbak.asp id INSERT
2004650	ET WEB_SPECIFIC_APPS W1L3D4 WEBmarket SQL Injection Attempt -- urunbak.asp id DELETE
2004651	ET WEB_SPECIFIC_APPS W1L3D4 WEBmarket SQL Injection Attempt -- urunbak.asp id ASCII
2004652	ET WEB_SPECIFIC_APPS W1L3D4 WEBmarket SQL Injection Attempt -- urunbak.asp id UPDATE
2005304	ET WEB_SPECIFIC_APPS W2B Online Banking SQL Injection Attempt -- mailer.w2b draft SELECT
2005305	ET WEB_SPECIFIC_APPS W2B Online Banking SQL Injection Attempt -- mailer.w2b draft UNION SELECT
2005306	ET WEB_SPECIFIC_APPS W2B Online Banking SQL Injection Attempt -- mailer.w2b draft INSERT
2005307	ET WEB_SPECIFIC_APPS W2B Online Banking SQL Injection Attempt -- mailer.w2b draft DELETE
2005308	ET WEB_SPECIFIC_APPS W2B Online Banking SQL Injection Attempt -- mailer.w2b draft ASCII
2005309	ET WEB_SPECIFIC_APPS W2B Online Banking SQL Injection Attempt -- mailer.w2b draft UPDATE
2005310	ET WEB_SPECIFIC_APPS W2B Online Banking SQL Injection Attempt -- DocPay.w2b listDocPay SELECT
2005187	ET WEB_SPECIFIC_APPS W2B Online Banking SQL Injection Attempt -- DocPay.w2b listDocPay UNION SELECT
2005188	ET WEB_SPECIFIC_APPS W2B Online Banking SQL Injection Attempt -- DocPay.w2b listDocPay INSERT
2005189	ET WEB_SPECIFIC_APPS W2B Online Banking SQL Injection Attempt -- DocPay.w2b listDocPay DELETE
2005190	ET WEB_SPECIFIC_APPS W2B Online Banking SQL Injection Attempt -- DocPay.w2b listDocPay ASCII
2005191	ET WEB_SPECIFIC_APPS W2B Online Banking SQL Injection Attempt -- DocPay.w2b listDocPay UPDATE
2005949	ET WEB_SPECIFIC_APPS Website Designs For Less Click N Print Coupons SQL Injection Attempt -- coupon_detail.asp key SELECT
2005950	ET WEB_SPECIFIC_APPS Website Designs For Less Click N Print Coupons SQL Injection Attempt -- coupon_detail.asp key UNION SELECT
2005951	ET WEB_SPECIFIC_APPS Website Designs For Less Click N Print Coupons SQL Injection Attempt -- coupon_detail.asp key INSERT
2005952	ET WEB_SPECIFIC_APPS Website Designs For Less Click N Print Coupons SQL Injection Attempt -- coupon_detail.asp key DELETE
2005953	ET WEB_SPECIFIC_APPS Website Designs For Less Click N Print Coupons SQL Injection Attempt -- coupon_detail.asp key ASCII
2005954	ET WEB_SPECIFIC_APPS Website Designs For Less Click N Print Coupons SQL Injection Attempt -- coupon_detail.asp key UPDATE
2004253	ET WEB_SPECIFIC_APPS WSN Guest SQL Injection Attempt -- comments.php id SELECT
2004254	ET WEB_SPECIFIC_APPS WSN Guest SQL Injection Attempt -- comments.php id UNION SELECT
2004255	ET WEB_SPECIFIC_APPS WSN Guest SQL Injection Attempt -- comments.php id INSERT
2004256	ET WEB_SPECIFIC_APPS WSN Guest SQL Injection Attempt -- comments.php id DELETE
2004257	ET WEB_SPECIFIC_APPS WSN Guest SQL Injection Attempt -- comments.php id ASCII
2004258	ET WEB_SPECIFIC_APPS WSN Guest SQL Injection Attempt -- comments.php id UPDATE
2006455	ET WEB_SPECIFIC_APPS WSPortal SQL Injection Attempt -- content.php page SELECT
2006456	ET WEB_SPECIFIC_APPS WSPortal SQL Injection Attempt -- content.php page UNION SELECT
2006457	ET WEB_SPECIFIC_APPS WSPortal SQL Injection Attempt -- content.php page INSERT
2006458	ET WEB_SPECIFIC_APPS WSPortal SQL Injection Attempt -- content.php page DELETE
2006459	ET WEB_SPECIFIC_APPS WSPortal SQL Injection Attempt -- content.php page ASCII
2006460	ET WEB_SPECIFIC_APPS WSPortal SQL Injection Attempt -- content.php page UPDATE
2005955	ET WEB_SPECIFIC_APPS While You Were Out (WYWO) InOut Board SQL Injection Attempt -- phonemessage.asp num SELECT
2005956	ET WEB_SPECIFIC_APPS While You Were Out (WYWO) InOut Board SQL Injection Attempt -- phonemessage.asp num UNION SELECT
2005957	ET WEB_SPECIFIC_APPS While You Were Out (WYWO) InOut Board SQL Injection Attempt -- phonemessage.asp num INSERT
2005958	ET WEB_SPECIFIC_APPS While You Were Out (WYWO) InOut Board SQL Injection Attempt -- phonemessage.asp num DELETE
2005959	ET WEB_SPECIFIC_APPS While You Were Out (WYWO) InOut Board SQL Injection Attempt -- phonemessage.asp num ASCII
2005960	ET WEB_SPECIFIC_APPS While You Were Out (WYWO) InOut Board SQL Injection Attempt -- phonemessage.asp num UPDATE
2005961	ET WEB_SPECIFIC_APPS While You Were Out (WYWO) InOut Board SQL Injection Attempt -- faqDsp.asp catcode SELECT
2005962	ET WEB_SPECIFIC_APPS While You Were Out (WYWO) InOut Board SQL Injection Attempt -- faqDsp.asp catcode UNION SELECT
2005963	ET WEB_SPECIFIC_APPS While You Were Out (WYWO) InOut Board SQL Injection Attempt -- faqDsp.asp catcode INSERT
2005964	ET WEB_SPECIFIC_APPS While You Were Out (WYWO) InOut Board SQL Injection Attempt -- faqDsp.asp catcode DELETE
2005965	ET WEB_SPECIFIC_APPS While You Were Out (WYWO) InOut Board SQL Injection Attempt -- faqDsp.asp catcode ASCII
2005966	ET WEB_SPECIFIC_APPS While You Were Out (WYWO) InOut Board SQL Injection Attempt -- faqDsp.asp catcode UPDATE
2011794	ET WEB_SPECIFIC_APPS iScripts MultiCart orderid Parameter DELETE FROM SQL Injection Attempt
2005177	ET WEB_SPECIFIC_APPS AJ Forum SQL Injection Attempt -- topic_title.php td_id UNION SELECT
2004549	ET WEB_SPECIFIC_APPS AJ Forum SQL Injection Attempt -- topic_title.php td_id DELETE
2006826	ET WEB_SPECIFIC_APPS ASPMForum SQL Injection Attempt -- kullanicilistesi.asp ak UNION SELECT
2006851	ET WEB_SPECIFIC_APPS ASPMForum SQL Injection Attempt -- kullanicilistesi.asp harf INSERT
2006978	ET WEB_SPECIFIC_APPS Wallpaper Complete Website SQL Injection Attempt -- process.php login DELETE
2006345	ET WEB_SPECIFIC_APPS Messageriescripthp SQL Injection Attempt -- lire-avis.php aa SELECT
2006346	ET WEB_SPECIFIC_APPS Messageriescripthp SQL Injection Attempt -- lire-avis.php aa UNION SELECT
2006348	ET WEB_SPECIFIC_APPS Messageriescripthp SQL Injection Attempt -- lire-avis.php aa DELETE
2006349	ET WEB_SPECIFIC_APPS Messageriescripthp SQL Injection Attempt -- lire-avis.php aa ASCII
2006350	ET WEB_SPECIFIC_APPS Messageriescripthp SQL Injection Attempt -- lire-avis.php aa UPDATE
2006795	ET WEB_SPECIFIC_APPS Metyus Okul Yonetim Sistemi SQL Injection Attempt -- uye_giris_islem.asp kullanici_ismi SELECT
2006796	ET WEB_SPECIFIC_APPS Metyus Okul Yonetim Sistemi SQL Injection Attempt -- uye_giris_islem.asp kullanici_ismi UNION SELECT
2006797	ET WEB_SPECIFIC_APPS Metyus Okul Yonetim Sistemi SQL Injection Attempt -- uye_giris_islem.asp kullanici_ismi INSERT
2006798	ET WEB_SPECIFIC_APPS Metyus Okul Yonetim Sistemi SQL Injection Attempt -- uye_giris_islem.asp kullanici_ismi DELETE
2006799	ET WEB_SPECIFIC_APPS Metyus Okul Yonetim Sistemi SQL Injection Attempt -- uye_giris_islem.asp kullanici_ismi ASCII
2006800	ET WEB_SPECIFIC_APPS Metyus Okul Yonetim Sistemi SQL Injection Attempt -- uye_giris_islem.asp kullanici_ismi UPDATE
2006801	ET WEB_SPECIFIC_APPS Metyus Okul Yonetim Sistemi SQL Injection Attempt -- uye_giris_islem.asp sifre SELECT
2006802	ET WEB_SPECIFIC_APPS Metyus Okul Yonetim Sistemi SQL Injection Attempt -- uye_giris_islem.asp sifre UNION SELECT
2006803	ET WEB_SPECIFIC_APPS Metyus Okul Yonetim Sistemi SQL Injection Attempt -- uye_giris_islem.asp sifre INSERT
2006804	ET WEB_SPECIFIC_APPS Metyus Okul Yonetim Sistemi SQL Injection Attempt -- uye_giris_islem.asp sifre DELETE
2006805	ET WEB_SPECIFIC_APPS Metyus Okul Yonetim Sistemi SQL Injection Attempt -- uye_giris_islem.asp sifre ASCII
2006806	ET WEB_SPECIFIC_APPS Metyus Okul Yonetim Sistemi SQL Injection Attempt -- uye_giris_islem.asp sifre UPDATE
2005603	ET WEB_SPECIFIC_APPS MiNT Haber Sistemi SQL Injection Attempt -- duyuru.asp id SELECT
2005604	ET WEB_SPECIFIC_APPS MiNT Haber Sistemi SQL Injection Attempt -- duyuru.asp id UNION SELECT
2005605	ET WEB_SPECIFIC_APPS MiNT Haber Sistemi SQL Injection Attempt -- duyuru.asp id INSERT
2005606	ET WEB_SPECIFIC_APPS MiNT Haber Sistemi SQL Injection Attempt -- duyuru.asp id DELETE
2005607	ET WEB_SPECIFIC_APPS MiNT Haber Sistemi SQL Injection Attempt -- duyuru.asp id ASCII
2005608	ET WEB_SPECIFIC_APPS MiNT Haber Sistemi SQL Injection Attempt -- duyuru.asp id UPDATE
2007006	ET WEB_SPECIFIC_APPS MidiCart ASP Shopping Cart and ASP Plus Shopping Cart SQL Injection Attempt -- item_show.asp id2006quant SELECT
2007007	ET WEB_SPECIFIC_APPS MidiCart ASP Shopping Cart and ASP Plus Shopping Cart SQL Injection Attempt -- item_show.asp id2006quant UNION SELECT
2007008	ET WEB_SPECIFIC_APPS MidiCart ASP Shopping Cart and ASP Plus Shopping Cart SQL Injection Attempt -- item_show.asp id2006quant INSERT
2007009	ET WEB_SPECIFIC_APPS MidiCart ASP Shopping Cart and ASP Plus Shopping Cart SQL Injection Attempt -- item_show.asp id2006quant DELETE
2007010	ET WEB_SPECIFIC_APPS MidiCart ASP Shopping Cart and ASP Plus Shopping Cart SQL Injection Attempt -- item_show.asp id2006quant ASCII
2007011	ET WEB_SPECIFIC_APPS MidiCart ASP Shopping Cart and ASP Plus Shopping Cart SQL Injection Attempt -- item_show.asp id2006quant UPDATE
2007012	ET WEB_SPECIFIC_APPS MidiCart ASP Shopping Cart and ASP Plus Shopping Cart SQL Injection Attempt -- item_list.asp maingroup SELECT
2007013	ET WEB_SPECIFIC_APPS MidiCart ASP Shopping Cart and ASP Plus Shopping Cart SQL Injection Attempt -- item_list.asp maingroup UNION SELECT
2007014	ET WEB_SPECIFIC_APPS MidiCart ASP Shopping Cart and ASP Plus Shopping Cart SQL Injection Attempt -- item_list.asp maingroup INSERT
2007015	ET WEB_SPECIFIC_APPS MidiCart ASP Shopping Cart and ASP Plus Shopping Cart SQL Injection Attempt -- item_list.asp maingroup DELETE
2007016	ET WEB_SPECIFIC_APPS MidiCart ASP Shopping Cart and ASP Plus Shopping Cart SQL Injection Attempt -- item_list.asp maingroup ASCII
2007017	ET WEB_SPECIFIC_APPS MidiCart ASP Shopping Cart and ASP Plus Shopping Cart SQL Injection Attempt -- item_list.asp maingroup UPDATE
2007018	ET WEB_SPECIFIC_APPS MidiCart ASP Shopping Cart and ASP Plus Shopping Cart SQL Injection Attempt -- item_list.asp secondgroup SELECT
2007019	ET WEB_SPECIFIC_APPS MidiCart ASP Shopping Cart and ASP Plus Shopping Cart SQL Injection Attempt -- item_list.asp secondgroup UNION SELECT
2007020	ET WEB_SPECIFIC_APPS MidiCart ASP Shopping Cart and ASP Plus Shopping Cart SQL Injection Attempt -- item_list.asp secondgroup INSERT
2007021	ET WEB_SPECIFIC_APPS MidiCart ASP Shopping Cart and ASP Plus Shopping Cart SQL Injection Attempt -- item_list.asp secondgroup DELETE
2007022	ET WEB_SPECIFIC_APPS MidiCart ASP Shopping Cart and ASP Plus Shopping Cart SQL Injection Attempt -- item_list.asp secondgroup ASCII
2007023	ET WEB_SPECIFIC_APPS MidiCart ASP Shopping Cart and ASP Plus Shopping Cart SQL Injection Attempt -- item_list.asp secondgroup UPDATE
2004635	ET WEB_SPECIFIC_APPS Comicsense SQL Injection Attempt -- index.php epi SELECT
2004714	ET WEB_SPECIFIC_APPS Connectix Boards SQL Injection Attempt -- index.php p_skin DELETE
2004164	ET WEB_SPECIFIC_APPS Minerva mod SQL Injection Attempt -- forum.php c SELECT
2004165	ET WEB_SPECIFIC_APPS Minerva mod SQL Injection Attempt -- forum.php c UNION SELECT
2004166	ET WEB_SPECIFIC_APPS Minerva mod SQL Injection Attempt -- forum.php c INSERT
2004167	ET WEB_SPECIFIC_APPS Minerva mod SQL Injection Attempt -- forum.php c DELETE
2004169	ET WEB_SPECIFIC_APPS Minerva mod SQL Injection Attempt -- forum.php c UPDATE
2005778	ET WEB_SPECIFIC_APPS Motionborg Web Real Estate SQL Injection Attempt -- admin_check_user.asp txtUserName SELECT
2005779	ET WEB_SPECIFIC_APPS Motionborg Web Real Estate SQL Injection Attempt -- admin_check_user.asp txtUserName UNION SELECT
2005780	ET WEB_SPECIFIC_APPS Motionborg Web Real Estate SQL Injection Attempt -- admin_check_user.asp txtUserName INSERT
2005781	ET WEB_SPECIFIC_APPS Motionborg Web Real Estate SQL Injection Attempt -- admin_check_user.asp txtUserName DELETE
2005782	ET WEB_SPECIFIC_APPS Motionborg Web Real Estate SQL Injection Attempt -- admin_check_user.asp txtUserName ASCII
2005783	ET WEB_SPECIFIC_APPS Motionborg Web Real Estate SQL Injection Attempt -- admin_check_user.asp txtUserName UPDATE
2005855	ET WEB_SPECIFIC_APPS Coppermine Photo Gallery SQL Injection Attempt -- db_ecard.php start INSERT
2004461	ET WEB_SPECIFIC_APPS DGNews SQL Injection Attempt -- news.php newsid UPDATE
2004683	ET WEB_SPECIFIC_APPS DMXReady Site Engine Manager SQL Injection Attempt -- index.asp mid SELECT
2006083	ET WEB_SPECIFIC_APPS DMXReady Secure Login Manager SQL Injection Attempt -- set_preferences.asp INSERT
2006093	ET WEB_SPECIFIC_APPS DMXReady Secure Login Manager SQL Injection Attempt -- list.asp SELECT
2011832	ET WEB_SPECIFIC_APPS OvBB admincp.php smilieid Parameter SELECT FROM SQL Injection Attempt
2011833	ET WEB_SPECIFIC_APPS OvBB admincp.php smilieid Parameter DELETE FROM SQL Injection Attempt
2011834	ET WEB_SPECIFIC_APPS OvBB admincp.php smilieid Parameter UNION SELECT SQL Injection Attempt
2011835	ET WEB_SPECIFIC_APPS OvBB admincp.php smilieid Parameter UPDATE SET SQL Injection Attempt
2011836	ET WEB_SPECIFIC_APPS OvBB admincp.php smilieid Parameter INSERT INTO SQL Injection Attempt
2011838	ET WEB_SPECIFIC_APPS PHP-Fusion mguser fotoalbum album_id Parameter SELECT FROM SQL Injection Attempt
2011840	ET WEB_SPECIFIC_APPS PHP-Fusion mguser fotoalbum album_id Parameter UNION SELECT SQL Injection Attempt
2011841	ET WEB_SPECIFIC_APPS PHP-Fusion mguser fotoalbum album_id Parameter UPDATE SET SQL Injection Attempt
2011842	ET WEB_SPECIFIC_APPS PHP-Fusion mguser fotoalbum album_id Parameter INSERT INTO SQL Injection Attempt
2006138	ET WEB_SPECIFIC_APPS Enthrallweb eMates SQL Injection Attempt -- newsdetail.asp ID DELETE
2006158	ET WEB_SPECIFIC_APPS Enthrallweb ePages SQL Injection Attempt -- actualpic.asp Biz_ID UPDATE
2011930	ET WEB_SPECIFIC_APPS Interactive Web Solutions site_info.php SELECT FROM SQL Injection Attempt
2011931	ET WEB_SPECIFIC_APPS Interactive Web Solutions site_info.php DELETE FROM SQL Injection Attempt
2011933	ET WEB_SPECIFIC_APPS Interactive Web Solutions site_info.php INSERT INTO SQL Injection Attempt
2011943	ET WEB_SPECIFIC_APPS GeekLog filemgt SELECT FROM SQL Injection Attempt
2011944	ET WEB_SPECIFIC_APPS GeekLog filemgt DELETE FROM SQL Injection Attempt
2011946	ET WEB_SPECIFIC_APPS GeekLog filemgt INSERT INTO SQL Injection Attempt
2011947	ET WEB_SPECIFIC_APPS GeekLog filemgt UPDATE SET SQL Injection Attempt
2011932	ET WEB_SPECIFIC_APPS Interactive Web Solutions site_info.php UNION SELECT SQL Injection Attempt
2011934	ET WEB_SPECIFIC_APPS Interactive Web Solutions site_info.php UPDATE SET SQL Injection Attempt
2011945	ET WEB_SPECIFIC_APPS GeekLog filemgt UNION SELECT SQL Injection Attempt
2011987	ET WEB_SPECIFIC_APPS Softbiz Article Directory Script sbiz_id Parameter Blind SQL Injection Attempt
2006494	ET WEB_SPECIFIC_APPS Jasmine CMS SQL Injection Attempt -- login.php login_username INSERT
2006501	ET WEB_SPECIFIC_APPS Jasmine CMS SQL Injection Attempt -- news.php item DELETE
2004147	ET WEB_SPECIFIC_APPS Jelsoft vBulletin SQL Injection Attempt -- attachment.php UNION SELECT
2004666	ET WEB_SPECIFIC_APPS Jelsoft vBulletin SQL Injection Attempt -- inlinemod.php postids SELECT
2012001	ET WEB_SPECIFIC_APPS digiSHOP cart.php SELECT FROM SQL Injection Attempt
2012002	ET WEB_SPECIFIC_APPS digiSHOP cart.php DELETE FROM SQL Injection Attempt
2012003	ET WEB_SPECIFIC_APPS digiSHOP cart.php UNION SELECT SQL Injection Attempt
2012004	ET WEB_SPECIFIC_APPS digiSHOP cart.php INSERT INTO SQL Injection Attempt
2012005	ET WEB_SPECIFIC_APPS digiSHOP cart.php UPDATE SET SQL Injection Attempt
2012016	ET WEB_SPECIFIC_APPS DVD Rental Software cat_id parameter SELECT FROM SQL Injection Attempt
2012017	ET WEB_SPECIFIC_APPS DVD Rental Software cat_id parameter DELETE FROM SQL Injection Attempt
2012018	ET WEB_SPECIFIC_APPS DVD Rental Software cat_id parameter UNION SELECT SQL Injection Attempt
2012019	ET WEB_SPECIFIC_APPS DVD Rental Software cat_id parameter INSERT INTO SQL Injection Attempt
2012020	ET WEB_SPECIFIC_APPS DVD Rental Software cat_id parameter UPDATE SET SQL Injection Attempt
2012021	ET WEB_SPECIFIC_APPS jSchool Advanced id_gallery Parameter SQL Injection Attempt
2012026	ET WEB_SPECIFIC_APPS Pre Online Tests Generator Pro SELECT FROM SQL Injection Attempt
2012027	ET WEB_SPECIFIC_APPS Pre Online Tests Generator Pro DELETE FROM SQL Injection Attempt
2012028	ET WEB_SPECIFIC_APPS Pre Online Tests Generator Pro UNION SELECT SQL Injection Attempt
2012029	ET WEB_SPECIFIC_APPS Pre Online Tests Generator Pro INSERT INTO SQL Injection Attempt
2012030	ET WEB_SPECIFIC_APPS Pre Online Tests Generator Pro UPDATE SET SQL Injection Attempt
2012034	ET WEB_SPECIFIC_APPS eNdonesia artid Parameter SELECT FROM SQL Injection Attempt
2012035	ET WEB_SPECIFIC_APPS eNdonesia artid Parameter DELETE FROM SQL Injection Attempt
2012036	ET WEB_SPECIFIC_APPS eNdonesia artid Parameter UNION SELECT SQL Injection Attempt
2012037	ET WEB_SPECIFIC_APPS eNdonesia artid Parameter INSERT INTO SQL Injection Attempt
2012038	ET WEB_SPECIFIC_APPS eNdonesia artid Parameter UPDATE SET SQL Injection Attempt
2012039	ET WEB_SPECIFIC_APPS Car Portal car Parameter Blind SQL Injection Attempt
2010018	ET WEB_SPECIFIC_APPS Possible Joomla Game Server Component id Parameter INSERT INTO SQL Injection
2012073	ET WEB_SPECIFIC_APPS Aigaion ID Parameter SELECT FROM SQL Injection Attempt
2012074	ET WEB_SPECIFIC_APPS Aigaion ID Parameter DELETE FROM SQL Injection Attempt
2012099	ET WEB_SPECIFIC_APPS Joomla Component Billy Portfolio catid Parameter Blind SQL Injection Attempt
2006750	ET WEB_SPECIFIC_APPS Neocrome Seditio SQL Injection Attempt -- users.register.inc.php INSERT
2013876	ET WEB_SPECIFIC_APPS Joomla techfolio component INSERT INTO SQL Injection Attempt
2013875	ET WEB_SPECIFIC_APPS Joomla techfolio component UNION SELECT SQL Injection Attempt
2013874	ET WEB_SPECIFIC_APPS Joomla techfolio component DELETE FROM SQL Injection Attempt
2011876	ET WEB_SPECIFIC_APPS DBHcms editmenu Parameter DELETE FROM SQL Injection Attempt
2011877	ET WEB_SPECIFIC_APPS DBHcms editmenu Parameter UNION SELECT SQL Injection Attempt
2011878	ET WEB_SPECIFIC_APPS DBHcms editmenu Parameter INSERT INTO SQL Injection Attempt
2011879	ET WEB_SPECIFIC_APPS DBHcms editmenu Parameter UPDATE SET SQL Injection Attempt
2011886	ET WEB_SPECIFIC_APPS Webspell wCMS-Clanscript staticID Parameter SQL Injection Attempt
2005647	ET WEB_SPECIFIC_APPS Image Gallery with Access Database SQL Injection Attempt -- default.asp order INSERT
2004481	ET WEB_SPECIFIC_APPS PHP JackKnife SQL Injection Attempt -- G_Display.php iCategoryUnq UNION SELECT
2010539	ET WEB_SPECIFIC_APPS Joomla Component com_digistore (pid) Blind SQL Injection Attempt
2010540	ET WEB_SPECIFIC_APPS Joomla Component com_jbook (Itemid) Blind SQL Injection Attempt
2005675	ET WEB_SPECIFIC_APPS Nicola Asuni All In One Control Panel (AIOCP) SQL Injection Attempt -- cp_functions_downloads.php download_category SELECT
2005676	ET WEB_SPECIFIC_APPS Nicola Asuni All In One Control Panel (AIOCP) SQL Injection Attempt -- cp_functions_downloads.php download_category UNION SELECT
2005677	ET WEB_SPECIFIC_APPS Nicola Asuni All In One Control Panel (AIOCP) SQL Injection Attempt -- cp_functions_downloads.php download_category INSERT
2005678	ET WEB_SPECIFIC_APPS Nicola Asuni All In One Control Panel (AIOCP) SQL Injection Attempt -- cp_functions_downloads.php download_category DELETE
2005679	ET WEB_SPECIFIC_APPS Nicola Asuni All In One Control Panel (AIOCP) SQL Injection Attempt -- cp_functions_downloads.php download_category ASCII
2005680	ET WEB_SPECIFIC_APPS Nicola Asuni All In One Control Panel (AIOCP) SQL Injection Attempt -- cp_functions_downloads.php download_category UPDATE
2005015	ET WEB_SPECIFIC_APPS Noname Media Photo Galerie Standard SQL Injection Attempt -- view.php id SELECT
2005016	ET WEB_SPECIFIC_APPS Noname Media Photo Galerie Standard SQL Injection Attempt -- view.php id UNION SELECT
2005017	ET WEB_SPECIFIC_APPS Noname Media Photo Galerie Standard SQL Injection Attempt -- view.php id INSERT
2005018	ET WEB_SPECIFIC_APPS Noname Media Photo Galerie Standard SQL Injection Attempt -- view.php id DELETE
2005019	ET WEB_SPECIFIC_APPS Noname Media Photo Galerie Standard SQL Injection Attempt -- view.php id ASCII
2005020	ET WEB_SPECIFIC_APPS Noname Media Photo Galerie Standard SQL Injection Attempt -- view.php id UPDATE
2006591	ET WEB_SPECIFIC_APPS Novell ZENworks Patch Management (ZPM) SQL Injection Attempt -- downloadreport.asp agentid SELECT
2006592	ET WEB_SPECIFIC_APPS Novell ZENworks Patch Management (ZPM) SQL Injection Attempt -- downloadreport.asp agentid UNION SELECT
2006593	ET WEB_SPECIFIC_APPS Novell ZENworks Patch Management (ZPM) SQL Injection Attempt -- downloadreport.asp agentid INSERT
2006594	ET WEB_SPECIFIC_APPS Novell ZENworks Patch Management (ZPM) SQL Injection Attempt -- downloadreport.asp agentid DELETE
2006595	ET WEB_SPECIFIC_APPS Novell ZENworks Patch Management (ZPM) SQL Injection Attempt -- downloadreport.asp agentid ASCII
2006596	ET WEB_SPECIFIC_APPS Novell ZENworks Patch Management (ZPM) SQL Injection Attempt -- downloadreport.asp agentid UPDATE
2006597	ET WEB_SPECIFIC_APPS Novell ZENworks Patch Management (ZPM) SQL Injection Attempt -- downloadreport.asp pass SELECT
2006598	ET WEB_SPECIFIC_APPS Novell ZENworks Patch Management (ZPM) SQL Injection Attempt -- downloadreport.asp pass UNION SELECT
2006599	ET WEB_SPECIFIC_APPS Novell ZENworks Patch Management (ZPM) SQL Injection Attempt -- downloadreport.asp pass INSERT
2006600	ET WEB_SPECIFIC_APPS Novell ZENworks Patch Management (ZPM) SQL Injection Attempt -- downloadreport.asp pass DELETE
2006601	ET WEB_SPECIFIC_APPS Novell ZENworks Patch Management (ZPM) SQL Injection Attempt -- downloadreport.asp pass ASCII
2006602	ET WEB_SPECIFIC_APPS Novell ZENworks Patch Management (ZPM) SQL Injection Attempt -- downloadreport.asp pass UPDATE
2004307	ET WEB_SPECIFIC_APPS NukeSentinel SQL Injection Attempt -- nukesentinel.php SELECT
2004308	ET WEB_SPECIFIC_APPS NukeSentinel SQL Injection Attempt -- nukesentinel.php UNION SELECT
2004309	ET WEB_SPECIFIC_APPS NukeSentinel SQL Injection Attempt -- nukesentinel.php INSERT
2004310	ET WEB_SPECIFIC_APPS NukeSentinel SQL Injection Attempt -- nukesentinel.php DELETE
2004311	ET WEB_SPECIFIC_APPS NukeSentinel SQL Injection Attempt -- nukesentinel.php ASCII
2004312	ET WEB_SPECIFIC_APPS NukeSentinel SQL Injection Attempt -- nukesentinel.php UPDATE
2004736	ET WEB_SPECIFIC_APPS NukeSentinel SQL Injection Attempt -- nsbypass.php SELECT
2004737	ET WEB_SPECIFIC_APPS NukeSentinel SQL Injection Attempt -- nsbypass.php UNION SELECT
2004738	ET WEB_SPECIFIC_APPS NukeSentinel SQL Injection Attempt -- nsbypass.php INSERT
2004739	ET WEB_SPECIFIC_APPS NukeSentinel SQL Injection Attempt -- nsbypass.php DELETE
2004740	ET WEB_SPECIFIC_APPS NukeSentinel SQL Injection Attempt -- nsbypass.php ASCII
2004741	ET WEB_SPECIFIC_APPS NukeSentinel SQL Injection Attempt -- nsbypass.php UPDATE
2006807	ET WEB_SPECIFIC_APPS Oxygen (O2PHP Bulletin Board) SQL Injection Attempt -- viewthread.php pid SELECT
2006808	ET WEB_SPECIFIC_APPS Oxygen (O2PHP Bulletin Board) SQL Injection Attempt -- viewthread.php pid UNION SELECT
2006809	ET WEB_SPECIFIC_APPS Oxygen (O2PHP Bulletin Board) SQL Injection Attempt -- viewthread.php pid INSERT
2006810	ET WEB_SPECIFIC_APPS Oxygen (O2PHP Bulletin Board) SQL Injection Attempt -- viewthread.php pid DELETE
2006811	ET WEB_SPECIFIC_APPS Oxygen (O2PHP Bulletin Board) SQL Injection Attempt -- viewthread.php pid ASCII
2006812	ET WEB_SPECIFIC_APPS Oxygen (O2PHP Bulletin Board) SQL Injection Attempt -- viewthread.php pid UPDATE
2010652	ET WEB_SPECIFIC_APPS OSSIM repository_attachment.php SELECT FROM SQL Injection Attempt
2010653	ET WEB_SPECIFIC_APPS OSSIM repository_attachment.php DELETE FROM SQL Injection Attempt
2010654	ET WEB_SPECIFIC_APPS OSSIM repository_attachment.php UNION SELECT SQL Injection Attempt
2010655	ET WEB_SPECIFIC_APPS OSSIM repository_attachment.php INSERT INTO SQL Injection Attempt
2010656	ET WEB_SPECIFIC_APPS OSSIM repository_attachment.php UPDATE SET SQL Injection Attempt
2005597	ET WEB_SPECIFIC_APPS Okul Web Otomasyon Sistemi SQL Injection Attempt -- etkinlikbak.asp id SELECT
2005598	ET WEB_SPECIFIC_APPS Okul Web Otomasyon Sistemi SQL Injection Attempt -- etkinlikbak.asp id UNION SELECT
2005599	ET WEB_SPECIFIC_APPS Okul Web Otomasyon Sistemi SQL Injection Attempt -- etkinlikbak.asp id INSERT
2005600	ET WEB_SPECIFIC_APPS Okul Web Otomasyon Sistemi SQL Injection Attempt -- etkinlikbak.asp id DELETE
2005601	ET WEB_SPECIFIC_APPS Okul Web Otomasyon Sistemi SQL Injection Attempt -- etkinlikbak.asp id ASCII
2005602	ET WEB_SPECIFIC_APPS Okul Web Otomasyon Sistemi SQL Injection Attempt -- etkinlikbak.asp id UPDATE
2004450	ET WEB_SPECIFIC_APPS Omegasoft SQL Injection Attempt -- OmegaMw7.asp SELECT
2004451	ET WEB_SPECIFIC_APPS Omegasoft SQL Injection Attempt -- OmegaMw7.asp UNION SELECT
2004452	ET WEB_SPECIFIC_APPS Omegasoft SQL Injection Attempt -- OmegaMw7.asp INSERT
2004453	ET WEB_SPECIFIC_APPS Omegasoft SQL Injection Attempt -- OmegaMw7.asp DELETE
2004454	ET WEB_SPECIFIC_APPS Omegasoft SQL Injection Attempt -- OmegaMw7.asp ASCII
2004455	ET WEB_SPECIFIC_APPS Omegasoft SQL Injection Attempt -- OmegaMw7.asp UPDATE
2005186	ET WEB_SPECIFIC_APPS Online Web Building SQL Injection Attempt -- page.asp art_id SELECT
2004846	ET WEB_SPECIFIC_APPS Online Web Building SQL Injection Attempt -- page.asp art_id UNION SELECT
2004847	ET WEB_SPECIFIC_APPS Online Web Building SQL Injection Attempt -- page.asp art_id INSERT
2004848	ET WEB_SPECIFIC_APPS Online Web Building SQL Injection Attempt -- page.asp art_id DELETE
2004849	ET WEB_SPECIFIC_APPS Online Web Building SQL Injection Attempt -- page.asp art_id ASCII
2004850	ET WEB_SPECIFIC_APPS Online Web Building SQL Injection Attempt -- page.asp art_id UPDATE
2011057	ET WEB_SPECIFIC_APPS Oracle E-Business Suite Financials jtfwcpnt.jsp SELECT FROM SQL Injection Attempt
2011058	ET WEB_SPECIFIC_APPS Oracle E-Business Suite Financials jtfwcpnt.jsp DELETE FROM SQL Injection Attempt
2011059	ET WEB_SPECIFIC_APPS Oracle E-Business Suite Financials jtfwcpnt.jsp UNION SELECT SQL Injection Attempt
2011060	ET WEB_SPECIFIC_APPS Oracle E-Business Suite Financials jtfwcpnt.jsp INSERT INTO SQL Injection Attempt
2011061	ET WEB_SPECIFIC_APPS Oracle E-Business Suite Financials jtfwcpnt.jsp UPDATE SET SQL Injection Attempt
2005937	ET WEB_SPECIFIC_APPS Outfront Spooky Login SQL Injection Attempt -- register.asp UserUpdate SELECT
2005938	ET WEB_SPECIFIC_APPS Outfront Spooky Login SQL Injection Attempt -- register.asp UserUpdate UNION SELECT
2005939	ET WEB_SPECIFIC_APPS Outfront Spooky Login SQL Injection Attempt -- register.asp UserUpdate INSERT
2005940	ET WEB_SPECIFIC_APPS Outfront Spooky Login SQL Injection Attempt -- register.asp UserUpdate DELETE
2005941	ET WEB_SPECIFIC_APPS Outfront Spooky Login SQL Injection Attempt -- register.asp UserUpdate ASCII
2005942	ET WEB_SPECIFIC_APPS Outfront Spooky Login SQL Injection Attempt -- register.asp UserUpdate UPDATE
2005943	ET WEB_SPECIFIC_APPS Outfront Spooky Login SQL Injection Attempt -- a_register.asp SELECT
2005944	ET WEB_SPECIFIC_APPS Outfront Spooky Login SQL Injection Attempt -- a_register.asp UNION SELECT
2005945	ET WEB_SPECIFIC_APPS Outfront Spooky Login SQL Injection Attempt -- a_register.asp INSERT
2005946	ET WEB_SPECIFIC_APPS Outfront Spooky Login SQL Injection Attempt -- a_register.asp DELETE
2005947	ET WEB_SPECIFIC_APPS Outfront Spooky Login SQL Injection Attempt -- a_register.asp ASCII
2005948	ET WEB_SPECIFIC_APPS Outfront Spooky Login SQL Injection Attempt -- a_register.asp UPDATE
2009065	ET WEB_SPECIFIC_APPS PHP-Daily add_postit.php id Parameter SQL Injection
2009066	ET WEB_SPECIFIC_APPS PHP-Daily delete.php id Parameter SQL Injection
2009067	ET WEB_SPECIFIC_APPS PHP-Fusion Members CV(job) Module members.php sortby parameter SQL injection
2004241	ET WEB_SPECIFIC_APPS PHP-Stats SQL Injection Attempt -- php-stats.recphp.php ip SELECT
2004242	ET WEB_SPECIFIC_APPS PHP-Stats SQL Injection Attempt -- php-stats.recphp.php ip UNION SELECT
2004243	ET WEB_SPECIFIC_APPS PHP-Stats SQL Injection Attempt -- php-stats.recphp.php ip INSERT
2004244	ET WEB_SPECIFIC_APPS PHP-Stats SQL Injection Attempt -- php-stats.recphp.php ip DELETE
2004245	ET WEB_SPECIFIC_APPS PHP-Stats SQL Injection Attempt -- php-stats.recphp.php ip ASCII
2004246	ET WEB_SPECIFIC_APPS PHP-Stats SQL Injection Attempt -- php-stats.recphp.php ip UPDATE
2009068	ET WEB_SPECIFIC_APPS iGaming CMS previews.php browse parameter SQL injection
2009069	ET WEB_SPECIFIC_APPS iGaming CMS reviews.php browse parameter SQL injection
2006510	ET WEB_SPECIFIC_APPS PHPAccounts SQL Injection Attempt -- index.php Outgoing_Type_ID SELECT
2006511	ET WEB_SPECIFIC_APPS PHPAccounts SQL Injection Attempt -- index.php Outgoing_Type_ID UNION SELECT
2006512	ET WEB_SPECIFIC_APPS PHPAccounts SQL Injection Attempt -- index.php Outgoing_Type_ID INSERT
2006513	ET WEB_SPECIFIC_APPS PHPAccounts SQL Injection Attempt -- index.php Outgoing_Type_ID DELETE
2006514	ET WEB_SPECIFIC_APPS PHPAccounts SQL Injection Attempt -- index.php Outgoing_Type_ID ASCII
2006515	ET WEB_SPECIFIC_APPS PHPAccounts SQL Injection Attempt -- index.php Outgoing_Type_ID UPDATE
2006516	ET WEB_SPECIFIC_APPS PHPAccounts SQL Injection Attempt -- index.php Outgoing_ID SELECT
2006517	ET WEB_SPECIFIC_APPS PHPAccounts SQL Injection Attempt -- index.php Outgoing_ID UNION SELECT
2006518	ET WEB_SPECIFIC_APPS PHPAccounts SQL Injection Attempt -- index.php Outgoing_ID INSERT
2006519	ET WEB_SPECIFIC_APPS PHPAccounts SQL Injection Attempt -- index.php Outgoing_ID DELETE
2006520	ET WEB_SPECIFIC_APPS PHPAccounts SQL Injection Attempt -- index.php Outgoing_ID ASCII
2006521	ET WEB_SPECIFIC_APPS PHPAccounts SQL Injection Attempt -- index.php Outgoing_ID UPDATE
2006522	ET WEB_SPECIFIC_APPS PHPAccounts SQL Injection Attempt -- index.php Project_ID SELECT
2006523	ET WEB_SPECIFIC_APPS PHPAccounts SQL Injection Attempt -- index.php Project_ID UNION SELECT
2006524	ET WEB_SPECIFIC_APPS PHPAccounts SQL Injection Attempt -- index.php Project_ID INSERT
2006525	ET WEB_SPECIFIC_APPS PHPAccounts SQL Injection Attempt -- index.php Project_ID DELETE
2006526	ET WEB_SPECIFIC_APPS PHPAccounts SQL Injection Attempt -- index.php Project_ID ASCII
2006527	ET WEB_SPECIFIC_APPS PHPAccounts SQL Injection Attempt -- index.php Project_ID UPDATE
2005967	ET WEB_SPECIFIC_APPS phpBB2 Plus SQL Injection Attempt -- admin_acronyms.php id SELECT
2005968	ET WEB_SPECIFIC_APPS phpBB2 Plus SQL Injection Attempt -- admin_acronyms.php id UNION SELECT
2005969	ET WEB_SPECIFIC_APPS phpBB2 Plus SQL Injection Attempt -- admin_acronyms.php id INSERT
2005970	ET WEB_SPECIFIC_APPS phpBB2 Plus SQL Injection Attempt -- admin_acronyms.php id DELETE
2005971	ET WEB_SPECIFIC_APPS phpBB2 Plus SQL Injection Attempt -- admin_acronyms.php id ASCII
2005972	ET WEB_SPECIFIC_APPS phpBB2 Plus SQL Injection Attempt -- admin_acronyms.php id UPDATE
2006969	ET WEB_SPECIFIC_APPS phpBB SQL Injection Attempt -- admin_hacks_list.php hack_id SELECT
2006970	ET WEB_SPECIFIC_APPS phpBB SQL Injection Attempt -- admin_hacks_list.php hack_id UNION SELECT
2006971	ET WEB_SPECIFIC_APPS phpBB SQL Injection Attempt -- admin_hacks_list.php hack_id INSERT
2006972	ET WEB_SPECIFIC_APPS phpBB SQL Injection Attempt -- admin_hacks_list.php hack_id DELETE
2006973	ET WEB_SPECIFIC_APPS phpBB SQL Injection Attempt -- admin_hacks_list.php hack_id ASCII
2006974	ET WEB_SPECIFIC_APPS phpBB SQL Injection Attempt -- admin_hacks_list.php hack_id UPDATE
2004041	ET WEB_SPECIFIC_APPS PHPEcho CMS SQL Injection Attempt -- gallery.php id SELECT
2004042	ET WEB_SPECIFIC_APPS PHPEcho CMS SQL Injection Attempt -- gallery.php id UNION SELECT
2004043	ET WEB_SPECIFIC_APPS PHPEcho CMS SQL Injection Attempt -- gallery.php id INSERT
2004044	ET WEB_SPECIFIC_APPS PHPEcho CMS SQL Injection Attempt -- gallery.php id DELETE
2004045	ET WEB_SPECIFIC_APPS PHPEcho CMS SQL Injection Attempt -- gallery.php id ASCII
2004046	ET WEB_SPECIFIC_APPS PHPEcho CMS SQL Injection Attempt -- gallery.php id UPDATE
2004695	ET WEB_SPECIFIC_APPS PHPKit SQL Injection Attempt -- include.php catid SELECT
2004696	ET WEB_SPECIFIC_APPS PHPKit SQL Injection Attempt -- include.php catid UNION SELECT
2004697	ET WEB_SPECIFIC_APPS PHPKit SQL Injection Attempt -- include.php catid INSERT
2004698	ET WEB_SPECIFIC_APPS PHPKit SQL Injection Attempt -- include.php catid DELETE
2004699	ET WEB_SPECIFIC_APPS PHPKit SQL Injection Attempt -- include.php catid ASCII
2004700	ET WEB_SPECIFIC_APPS PHPKit SQL Injection Attempt -- include.php catid UPDATE
2005784	ET WEB_SPECIFIC_APPS PHPKIT SQL Injection Attempt -- comment.php subid SELECT
2005785	ET WEB_SPECIFIC_APPS PHPKIT SQL Injection Attempt -- comment.php subid UNION SELECT
2005786	ET WEB_SPECIFIC_APPS PHPKIT SQL Injection Attempt -- comment.php subid INSERT
2005787	ET WEB_SPECIFIC_APPS PHPKIT SQL Injection Attempt -- comment.php subid DELETE
2005788	ET WEB_SPECIFIC_APPS PHPKIT SQL Injection Attempt -- comment.php subid ASCII
2005789	ET WEB_SPECIFIC_APPS PHPKIT SQL Injection Attempt -- comment.php subid UPDATE
2009139	ET WEB_SPECIFIC_APPS Million Pixel Ad Script tops_top.php id_cat parameter SQL Injection
2009137	ET WEB_SPECIFIC_APPS PHP Realty dpage.php docID parameter SQL Injection
2004701	ET WEB_SPECIFIC_APPS PHPWind SQL Injection Attempt -- admin.php SELECT
2004702	ET WEB_SPECIFIC_APPS PHPWind SQL Injection Attempt -- admin.php UNION SELECT
2005180	ET WEB_SPECIFIC_APPS PHPWind SQL Injection Attempt -- admin.php INSERT
2004703	ET WEB_SPECIFIC_APPS PHPWind SQL Injection Attempt -- admin.php DELETE
2004704	ET WEB_SPECIFIC_APPS PHPWind SQL Injection Attempt -- admin.php ASCII
2005181	ET WEB_SPECIFIC_APPS PHPWind SQL Injection Attempt -- admin.php UPDATE
2008614	ET WEB_SPECIFIC_APPS PHP-Lance show.php catid SQL Injection
2004325	ET WEB_SPECIFIC_APPS PHP-Nuke SQL Injection Attempt -- mainfile.php lang SELECT
2004326	ET WEB_SPECIFIC_APPS PHP-Nuke SQL Injection Attempt -- mainfile.php lang UNION SELECT
2004327	ET WEB_SPECIFIC_APPS PHP-Nuke SQL Injection Attempt -- mainfile.php lang INSERT
2004328	ET WEB_SPECIFIC_APPS PHP-Nuke SQL Injection Attempt -- mainfile.php lang DELETE
2004329	ET WEB_SPECIFIC_APPS PHP-Nuke SQL Injection Attempt -- mainfile.php lang ASCII
2004330	ET WEB_SPECIFIC_APPS PHP-Nuke SQL Injection Attempt -- mainfile.php lang UPDATE
2004851	ET WEB_SPECIFIC_APPS PHP-Nuke SQL Injection Attempt -- modules.php category_id SELECT
2004852	ET WEB_SPECIFIC_APPS PHP-Nuke SQL Injection Attempt -- modules.php category_id UNION SELECT
2004853	ET WEB_SPECIFIC_APPS PHP-Nuke SQL Injection Attempt -- modules.php category_id INSERT
2004854	ET WEB_SPECIFIC_APPS PHP-Nuke SQL Injection Attempt -- modules.php category_id DELETE
2004855	ET WEB_SPECIFIC_APPS PHP-Nuke SQL Injection Attempt -- modules.php category_id ASCII
2004856	ET WEB_SPECIFIC_APPS PHP-Nuke SQL Injection Attempt -- modules.php category_id UPDATE
2005456	ET WEB_SPECIFIC_APPS Francisco Burzi PHP-Nuke SQL Injection Attempt -- modules.php active SELECT
2005457	ET WEB_SPECIFIC_APPS Francisco Burzi PHP-Nuke SQL Injection Attempt -- modules.php active UNION SELECT
2005458	ET WEB_SPECIFIC_APPS Francisco Burzi PHP-Nuke SQL Injection Attempt -- modules.php active INSERT
2005459	ET WEB_SPECIFIC_APPS Francisco Burzi PHP-Nuke SQL Injection Attempt -- modules.php active DELETE
2005460	ET WEB_SPECIFIC_APPS Francisco Burzi PHP-Nuke SQL Injection Attempt -- modules.php active ASCII
2005461	ET WEB_SPECIFIC_APPS Francisco Burzi PHP-Nuke SQL Injection Attempt -- modules.php active UPDATE
2005462	ET WEB_SPECIFIC_APPS Francisco Burzi PHP-Nuke SQL Injection Attempt -- index.php ad_class SELECT
2005463	ET WEB_SPECIFIC_APPS Francisco Burzi PHP-Nuke SQL Injection Attempt -- index.php ad_class UNION SELECT
2005464	ET WEB_SPECIFIC_APPS Francisco Burzi PHP-Nuke SQL Injection Attempt -- index.php ad_class INSERT
2005465	ET WEB_SPECIFIC_APPS Francisco Burzi PHP-Nuke SQL Injection Attempt -- index.php ad_class DELETE
2005466	ET WEB_SPECIFIC_APPS Francisco Burzi PHP-Nuke SQL Injection Attempt -- index.php ad_class ASCII
2005467	ET WEB_SPECIFIC_APPS Francisco Burzi PHP-Nuke SQL Injection Attempt -- index.php ad_class UPDATE
2005468	ET WEB_SPECIFIC_APPS Francisco Burzi PHP-Nuke SQL Injection Attempt -- index.php imageurl SELECT
2005469	ET WEB_SPECIFIC_APPS Francisco Burzi PHP-Nuke SQL Injection Attempt -- index.php imageurl UNION SELECT
2005470	ET WEB_SPECIFIC_APPS Francisco Burzi PHP-Nuke SQL Injection Attempt -- index.php imageurl INSERT
2005471	ET WEB_SPECIFIC_APPS Francisco Burzi PHP-Nuke SQL Injection Attempt -- index.php imageurl DELETE
2005472	ET WEB_SPECIFIC_APPS Francisco Burzi PHP-Nuke SQL Injection Attempt -- index.php imageurl ASCII
2005473	ET WEB_SPECIFIC_APPS Francisco Burzi PHP-Nuke SQL Injection Attempt -- index.php imageurl UPDATE
2005474	ET WEB_SPECIFIC_APPS Francisco Burzi PHP-Nuke SQL Injection Attempt -- index.php clickurl SELECT
2005475	ET WEB_SPECIFIC_APPS Francisco Burzi PHP-Nuke SQL Injection Attempt -- index.php clickurl UNION SELECT
2005476	ET WEB_SPECIFIC_APPS Francisco Burzi PHP-Nuke SQL Injection Attempt -- index.php clickurl INSERT
2005477	ET WEB_SPECIFIC_APPS Francisco Burzi PHP-Nuke SQL Injection Attempt -- index.php clickurl DELETE
2005479	ET WEB_SPECIFIC_APPS Francisco Burzi PHP-Nuke SQL Injection Attempt -- index.php clickurl UPDATE
2005480	ET WEB_SPECIFIC_APPS Francisco Burzi PHP-Nuke SQL Injection Attempt -- index.php ad_code SELECT
2005481	ET WEB_SPECIFIC_APPS Francisco Burzi PHP-Nuke SQL Injection Attempt -- index.php ad_code UNION SELECT
2005482	ET WEB_SPECIFIC_APPS Francisco Burzi PHP-Nuke SQL Injection Attempt -- index.php ad_code INSERT
2005483	ET WEB_SPECIFIC_APPS Francisco Burzi PHP-Nuke SQL Injection Attempt -- index.php ad_code DELETE
2005484	ET WEB_SPECIFIC_APPS Francisco Burzi PHP-Nuke SQL Injection Attempt -- index.php ad_code ASCII
2005485	ET WEB_SPECIFIC_APPS Francisco Burzi PHP-Nuke SQL Injection Attempt -- index.php ad_code UPDATE
2005486	ET WEB_SPECIFIC_APPS Francisco Burzi PHP-Nuke SQL Injection Attempt -- index.php position SELECT
2005487	ET WEB_SPECIFIC_APPS Francisco Burzi PHP-Nuke SQL Injection Attempt -- index.php position UNION SELECT
2005489	ET WEB_SPECIFIC_APPS Francisco Burzi PHP-Nuke SQL Injection Attempt -- index.php position INSERT
2005490	ET WEB_SPECIFIC_APPS Francisco Burzi PHP-Nuke SQL Injection Attempt -- index.php position DELETE
2005491	ET WEB_SPECIFIC_APPS Francisco Burzi PHP-Nuke SQL Injection Attempt -- index.php position ASCII
2005492	ET WEB_SPECIFIC_APPS Francisco Burzi PHP-Nuke SQL Injection Attempt -- index.php position UPDATE
2005585	ET WEB_SPECIFIC_APPS Francisco Burzi PHP-Nuke SQL Injection Attempt -- block-Old_Articles.php cat SELECT
2005586	ET WEB_SPECIFIC_APPS Francisco Burzi PHP-Nuke SQL Injection Attempt -- block-Old_Articles.php cat UNION SELECT
2005587	ET WEB_SPECIFIC_APPS Francisco Burzi PHP-Nuke SQL Injection Attempt -- block-Old_Articles.php cat INSERT
2005588	ET WEB_SPECIFIC_APPS Francisco Burzi PHP-Nuke SQL Injection Attempt -- block-Old_Articles.php cat DELETE
2005589	ET WEB_SPECIFIC_APPS Francisco Burzi PHP-Nuke SQL Injection Attempt -- block-Old_Articles.php cat ASCII
2005590	ET WEB_SPECIFIC_APPS Francisco Burzi PHP-Nuke SQL Injection Attempt -- block-Old_Articles.php cat UPDATE
2006927	ET WEB_SPECIFIC_APPS PHP-Nuke SQL Injection Attempt -- modules.php cid SELECT
2006928	ET WEB_SPECIFIC_APPS PHP-Nuke SQL Injection Attempt -- modules.php cid UNION SELECT
2006929	ET WEB_SPECIFIC_APPS PHP-Nuke SQL Injection Attempt -- modules.php cid INSERT
2006930	ET WEB_SPECIFIC_APPS PHP-Nuke SQL Injection Attempt -- modules.php cid DELETE
2006931	ET WEB_SPECIFIC_APPS PHP-Nuke SQL Injection Attempt -- modules.php cid ASCII
2006934	ET WEB_SPECIFIC_APPS PHP-Nuke SQL Injection Attempt -- modules.php pid UNION SELECT
2006936	ET WEB_SPECIFIC_APPS PHP-Nuke SQL Injection Attempt -- modules.php pid DELETE
2006937	ET WEB_SPECIFIC_APPS PHP-Nuke SQL Injection Attempt -- modules.php pid ASCII
2006938	ET WEB_SPECIFIC_APPS PHP-Nuke SQL Injection Attempt -- modules.php pid UPDATE
2007176	ET WEB_SPECIFIC_APPS Francisco Burzi PHP-Nuke SQL Injection Attempt -- index.php sid SELECT
2007177	ET WEB_SPECIFIC_APPS Francisco Burzi PHP-Nuke SQL Injection Attempt -- index.php sid UNION SELECT
2007178	ET WEB_SPECIFIC_APPS Francisco Burzi PHP-Nuke SQL Injection Attempt -- index.php sid INSERT
2007179	ET WEB_SPECIFIC_APPS Francisco Burzi PHP-Nuke SQL Injection Attempt -- index.php sid DELETE
2007180	ET WEB_SPECIFIC_APPS Francisco Burzi PHP-Nuke SQL Injection Attempt -- index.php sid ASCII
2007181	ET WEB_SPECIFIC_APPS Francisco Burzi PHP-Nuke SQL Injection Attempt -- index.php sid UPDATE
2010553	ET WEB_SPECIFIC_APPS PHP-Nuke Module Emporium SQL Injection Attempt
2011133	ET WEB_SPECIFIC_APPS PHP-Nuke viewslink module sid Parameter SELECT FROM SQL Injection Attempt
2011134	ET WEB_SPECIFIC_APPS PHP-Nuke viewslink module sid Parameter DELETE FROM SQL Injection Attempt
2011135	ET WEB_SPECIFIC_APPS PHP-Nuke viewslink module sid Parameter UNION SELECT SQL Injection Attempt
2011136	ET WEB_SPECIFIC_APPS PHP-Nuke viewslink module sid Parameter INSERT INTO SQL Injection Attempt
2011137	ET WEB_SPECIFIC_APPS PHP-Nuke viewslink module sid Parameter UPDATE SET SQL Injection Attempt
2011168	ET WEB_SPECIFIC_APPS PHP-Nuke FriendSend module sid Parameter SELECT FROM SQL Injection Attempt
2011169	ET WEB_SPECIFIC_APPS PHP-Nuke FriendSend module sid Parameter DELETE FROM SQL Injection Attempt
2011170	ET WEB_SPECIFIC_APPS PHP-Nuke FriendSend module sid Parameter UNION SELECT SQL Injection Attempt
2011171	ET WEB_SPECIFIC_APPS PHP-Nuke FriendSend module sid Parameter INSERT INTO SQL Injection Attempt
2011172	ET WEB_SPECIFIC_APPS PHP-Nuke FriendSend module sid Parameter UPDATE SET SQL Injection Attempt
2008649	ET WEB_SPECIFIC_APPS Realtor v_cat SQL Injection
2005901	ET WEB_SPECIFIC_APPS PHP-Update SQL Injection Attempt -- guestadd.php newmessage SELECT
2005902	ET WEB_SPECIFIC_APPS PHP-Update SQL Injection Attempt -- guestadd.php newmessage UNION SELECT
2005903	ET WEB_SPECIFIC_APPS PHP-Update SQL Injection Attempt -- guestadd.php newmessage INSERT
2005904	ET WEB_SPECIFIC_APPS PHP-Update SQL Injection Attempt -- guestadd.php newmessage DELETE
2005905	ET WEB_SPECIFIC_APPS PHP-Update SQL Injection Attempt -- guestadd.php newmessage ASCII
2005906	ET WEB_SPECIFIC_APPS PHP-Update SQL Injection Attempt -- guestadd.php newmessage UPDATE
2005907	ET WEB_SPECIFIC_APPS PHP-Update SQL Injection Attempt -- guestadd.php newname SELECT
2005908	ET WEB_SPECIFIC_APPS PHP-Update SQL Injection Attempt -- guestadd.php newname UNION SELECT
2005909	ET WEB_SPECIFIC_APPS PHP-Update SQL Injection Attempt -- guestadd.php newname INSERT
2005910	ET WEB_SPECIFIC_APPS PHP-Update SQL Injection Attempt -- guestadd.php newname DELETE
2005911	ET WEB_SPECIFIC_APPS PHP-Update SQL Injection Attempt -- guestadd.php newname ASCII
2005912	ET WEB_SPECIFIC_APPS PHP-Update SQL Injection Attempt -- guestadd.php newname UPDATE
2005913	ET WEB_SPECIFIC_APPS PHP-Update SQL Injection Attempt -- guestadd.php newwebsite SELECT
2005914	ET WEB_SPECIFIC_APPS PHP-Update SQL Injection Attempt -- guestadd.php newwebsite UNION SELECT
2005915	ET WEB_SPECIFIC_APPS PHP-Update SQL Injection Attempt -- guestadd.php newwebsite INSERT
2005916	ET WEB_SPECIFIC_APPS PHP-Update SQL Injection Attempt -- guestadd.php newwebsite DELETE
2005917	ET WEB_SPECIFIC_APPS PHP-Update SQL Injection Attempt -- guestadd.php newwebsite ASCII
2005918	ET WEB_SPECIFIC_APPS PHP-Update SQL Injection Attempt -- guestadd.php newwebsite UPDATE
2005919	ET WEB_SPECIFIC_APPS PHP-Update SQL Injection Attempt -- guestadd.php newemail SELECT
2005920	ET WEB_SPECIFIC_APPS PHP-Update SQL Injection Attempt -- guestadd.php newemail UNION SELECT
2005921	ET WEB_SPECIFIC_APPS PHP-Update SQL Injection Attempt -- guestadd.php newemail INSERT
2005922	ET WEB_SPECIFIC_APPS PHP-Update SQL Injection Attempt -- guestadd.php newemail DELETE
2005923	ET WEB_SPECIFIC_APPS PHP-Update SQL Injection Attempt -- guestadd.php newemail ASCII
2005924	ET WEB_SPECIFIC_APPS PHP-Update SQL Injection Attempt -- guestadd.php newemail UPDATE
2004930	ET WEB_SPECIFIC_APPS PSY Auction SQL Injection Attempt -- item.php id SELECT
2004931	ET WEB_SPECIFIC_APPS PSY Auction SQL Injection Attempt -- item.php id UNION SELECT
2004932	ET WEB_SPECIFIC_APPS PSY Auction SQL Injection Attempt -- item.php id INSERT
2004933	ET WEB_SPECIFIC_APPS PSY Auction SQL Injection Attempt -- item.php id DELETE
2004934	ET WEB_SPECIFIC_APPS PSY Auction SQL Injection Attempt -- item.php id ASCII
2004935	ET WEB_SPECIFIC_APPS PSY Auction SQL Injection Attempt -- item.php id UPDATE
2006730	ET WEB_SPECIFIC_APPS PWP Technologies The Classified Ad System SQL Injection Attempt -- default.asp main SELECT
2006731	ET WEB_SPECIFIC_APPS PWP Technologies The Classified Ad System SQL Injection Attempt -- default.asp main UNION SELECT
2006732	ET WEB_SPECIFIC_APPS PWP Technologies The Classified Ad System SQL Injection Attempt -- default.asp main INSERT
2006733	ET WEB_SPECIFIC_APPS PWP Technologies The Classified Ad System SQL Injection Attempt -- default.asp main DELETE
2006734	ET WEB_SPECIFIC_APPS PWP Technologies The Classified Ad System SQL Injection Attempt -- default.asp main ASCII
2006735	ET WEB_SPECIFIC_APPS PWP Technologies The Classified Ad System SQL Injection Attempt -- default.asp main UPDATE
2004259	ET WEB_SPECIFIC_APPS Particle Blogger SQL Injection Attempt -- post.php postid SELECT
2004260	ET WEB_SPECIFIC_APPS Particle Blogger SQL Injection Attempt -- post.php postid UNION SELECT
2004261	ET WEB_SPECIFIC_APPS Particle Blogger SQL Injection Attempt -- post.php postid INSERT
2004262	ET WEB_SPECIFIC_APPS Particle Blogger SQL Injection Attempt -- post.php postid DELETE
2004263	ET WEB_SPECIFIC_APPS Particle Blogger SQL Injection Attempt -- post.php postid ASCII
2004264	ET WEB_SPECIFIC_APPS Particle Blogger SQL Injection Attempt -- post.php postid UPDATE
2005216	ET WEB_SPECIFIC_APPS Particle Blogger SQL Injection Attempt -- archives.php month SELECT
2005217	ET WEB_SPECIFIC_APPS Particle Blogger SQL Injection Attempt -- archives.php month UNION SELECT
2005218	ET WEB_SPECIFIC_APPS Particle Blogger SQL Injection Attempt -- archives.php month INSERT
2005219	ET WEB_SPECIFIC_APPS Particle Blogger SQL Injection Attempt -- archives.php month DELETE
2005220	ET WEB_SPECIFIC_APPS Particle Blogger SQL Injection Attempt -- archives.php month ASCII
2005221	ET WEB_SPECIFIC_APPS Particle Blogger SQL Injection Attempt -- archives.php month UPDATE
2004618	ET WEB_SPECIFIC_APPS Particle Soft Particle Gallery SQL Injection Attempt -- viewimage.php editcomment SELECT
2004619	ET WEB_SPECIFIC_APPS Particle Soft Particle Gallery SQL Injection Attempt -- viewimage.php editcomment UNION SELECT
2004620	ET WEB_SPECIFIC_APPS Particle Soft Particle Gallery SQL Injection Attempt -- viewimage.php editcomment INSERT
2004621	ET WEB_SPECIFIC_APPS Particle Soft Particle Gallery SQL Injection Attempt -- viewimage.php editcomment DELETE
2004622	ET WEB_SPECIFIC_APPS Particle Soft Particle Gallery SQL Injection Attempt -- viewimage.php editcomment ASCII
2004623	ET WEB_SPECIFIC_APPS Particle Soft Particle Gallery SQL Injection Attempt -- viewimage.php editcomment UPDATE
2004924	ET WEB_SPECIFIC_APPS Philboard SQL Injection Attempt -- philboard_forum.asp forumid SELECT
2004925	ET WEB_SPECIFIC_APPS Philboard SQL Injection Attempt -- philboard_forum.asp forumid UNION SELECT
2004926	ET WEB_SPECIFIC_APPS Philboard SQL Injection Attempt -- philboard_forum.asp forumid INSERT
2004927	ET WEB_SPECIFIC_APPS Philboard SQL Injection Attempt -- philboard_forum.asp forumid DELETE
2004928	ET WEB_SPECIFIC_APPS Philboard SQL Injection Attempt -- philboard_forum.asp forumid ASCII
2004929	ET WEB_SPECIFIC_APPS Philboard SQL Injection Attempt -- philboard_forum.asp forumid UPDATE
2008616	ET WEB_SPECIFIC_APPS Pilot Online Training Solution news_read.php id SQL Injection
2009056	ET WEB_SPECIFIC_APPS Pixel8 Web Photo Album AlbumID SQL Injection
2009055	ET WEB_SPECIFIC_APPS Pligg check_url.php url parameter SQL Injection
2004905	ET WEB_SPECIFIC_APPS PollMentor SQL Injection Attempt -- pollmentorres.asp id SELECT
2004906	ET WEB_SPECIFIC_APPS PollMentor SQL Injection Attempt -- pollmentorres.asp id UNION SELECT
2004907	ET WEB_SPECIFIC_APPS PollMentor SQL Injection Attempt -- pollmentorres.asp id INSERT
2004908	ET WEB_SPECIFIC_APPS PollMentor SQL Injection Attempt -- pollmentorres.asp id DELETE
2004909	ET WEB_SPECIFIC_APPS PollMentor SQL Injection Attempt -- pollmentorres.asp id ASCII
2004910	ET WEB_SPECIFIC_APPS PollMentor SQL Injection Attempt -- pollmentorres.asp id UPDATE
2005621	ET WEB_SPECIFIC_APPS Portix-PHP SQL Injection Attempt -- archive.php blogid SELECT
2005622	ET WEB_SPECIFIC_APPS Portix-PHP SQL Injection Attempt -- archive.php blogid UNION SELECT
2005623	ET WEB_SPECIFIC_APPS Portix-PHP SQL Injection Attempt -- archive.php blogid INSERT
2005624	ET WEB_SPECIFIC_APPS Portix-PHP SQL Injection Attempt -- archive.php blogid DELETE
2005625	ET WEB_SPECIFIC_APPS Portix-PHP SQL Injection Attempt -- archive.php blogid ASCII
2005626	ET WEB_SPECIFIC_APPS Portix-PHP SQL Injection Attempt -- archive.php blogid UPDATE
2005627	ET WEB_SPECIFIC_APPS Portix-PHP SQL Injection Attempt -- archive.php pid SELECT
2005628	ET WEB_SPECIFIC_APPS Portix-PHP SQL Injection Attempt -- archive.php pid UNION SELECT
2005629	ET WEB_SPECIFIC_APPS Portix-PHP SQL Injection Attempt -- archive.php pid INSERT
2005630	ET WEB_SPECIFIC_APPS Portix-PHP SQL Injection Attempt -- archive.php pid DELETE
2005631	ET WEB_SPECIFIC_APPS Portix-PHP SQL Injection Attempt -- archive.php pid ASCII
2005632	ET WEB_SPECIFIC_APPS Portix-PHP SQL Injection Attempt -- archive.php pid UPDATE
2005633	ET WEB_SPECIFIC_APPS Portix-PHP SQL Injection Attempt -- index.php blogid SELECT
2005634	ET WEB_SPECIFIC_APPS Portix-PHP SQL Injection Attempt -- index.php blogid UNION SELECT
2005635	ET WEB_SPECIFIC_APPS Portix-PHP SQL Injection Attempt -- index.php blogid INSERT
2005636	ET WEB_SPECIFIC_APPS Portix-PHP SQL Injection Attempt -- index.php blogid DELETE
2005637	ET WEB_SPECIFIC_APPS Portix-PHP SQL Injection Attempt -- index.php blogid ASCII
2005638	ET WEB_SPECIFIC_APPS Portix-PHP SQL Injection Attempt -- index.php blogid UPDATE
2009057	ET WEB_SPECIFIC_APPS PowerNews news.php newsid parameter SQL Injection
2010604	ET WEB_SPECIFIC_APPS PozScripts Classified Ads 'store_info.php' SQL Injection Attempt
2010185	ET WEB_SPECIFIC_APPS QUICKTEAM qte_result.php title Parameter SELECT FROM SQL Injection Attempt
2010186	ET WEB_SPECIFIC_APPS QUICKTEAM qte_result.php title Parameter DELETE FROM SQL Injection Attempt
2010187	ET WEB_SPECIFIC_APPS QUICKTEAM qte_result.php title Parameter UNION SELECT SQL Injection Attempt
2010188	ET WEB_SPECIFIC_APPS QUICKTEAM qte_result.php title Parameter INSERT INTO SQL Injection Attempt
2010189	ET WEB_SPECIFIC_APPS QUICKTEAM qte_result.php title Parameter UPDATE SET SQL Injection Attempt
2008924	ET WEB_SPECIFIC_APPS Rakhi Software Price Comparison Script product.php subcategory_id SQL Injection
2005681	ET WEB_SPECIFIC_APPS Rapid Classified SQL Injection Attempt -- viewad.asp id SELECT
2005682	ET WEB_SPECIFIC_APPS Rapid Classified SQL Injection Attempt -- viewad.asp id UNION SELECT
2005683	ET WEB_SPECIFIC_APPS Rapid Classified SQL Injection Attempt -- viewad.asp id INSERT
2005684	ET WEB_SPECIFIC_APPS Rapid Classified SQL Injection Attempt -- viewad.asp id DELETE
2005685	ET WEB_SPECIFIC_APPS Rapid Classified SQL Injection Attempt -- viewad.asp id ASCII
2005686	ET WEB_SPECIFIC_APPS Rapid Classified SQL Injection Attempt -- viewad.asp id UPDATE
2005021	ET WEB_SPECIFIC_APPS Raymond BERTHOU script SQL Injection Attempt -- login.asp user SELECT
2005022	ET WEB_SPECIFIC_APPS Raymond BERTHOU script SQL Injection Attempt -- login.asp user UNION SELECT
2005023	ET WEB_SPECIFIC_APPS Raymond BERTHOU script SQL Injection Attempt -- login.asp user INSERT
2005024	ET WEB_SPECIFIC_APPS Raymond BERTHOU script SQL Injection Attempt -- login.asp user DELETE
2005025	ET WEB_SPECIFIC_APPS Raymond BERTHOU script SQL Injection Attempt -- login.asp user ASCII
2005026	ET WEB_SPECIFIC_APPS Raymond BERTHOU script SQL Injection Attempt -- login.asp user UPDATE
2005027	ET WEB_SPECIFIC_APPS Raymond BERTHOU script SQL Injection Attempt -- login.asp password SELECT
2005028	ET WEB_SPECIFIC_APPS Raymond BERTHOU script SQL Injection Attempt -- login.asp password UNION SELECT
2005029	ET WEB_SPECIFIC_APPS Raymond BERTHOU script SQL Injection Attempt -- login.asp password INSERT
2005030	ET WEB_SPECIFIC_APPS Raymond BERTHOU script SQL Injection Attempt -- login.asp password DELETE
2005031	ET WEB_SPECIFIC_APPS Raymond BERTHOU script SQL Injection Attempt -- login.asp password ASCII
2005032	ET WEB_SPECIFIC_APPS Raymond BERTHOU script SQL Injection Attempt -- login.asp password UPDATE
2005093	ET WEB_SPECIFIC_APPS Raymond BERTHOU script SQL Injection Attempt -- user_confirm.asp id SELECT
2005094	ET WEB_SPECIFIC_APPS Raymond BERTHOU script SQL Injection Attempt -- user_confirm.asp id UNION SELECT
2005095	ET WEB_SPECIFIC_APPS Raymond BERTHOU script SQL Injection Attempt -- user_confirm.asp id INSERT
2005096	ET WEB_SPECIFIC_APPS Raymond BERTHOU script SQL Injection Attempt -- user_confirm.asp id DELETE
2005097	ET WEB_SPECIFIC_APPS Raymond BERTHOU script SQL Injection Attempt -- user_confirm.asp id ASCII
2005098	ET WEB_SPECIFIC_APPS Raymond BERTHOU script SQL Injection Attempt -- user_confirm.asp id UPDATE
2005099	ET WEB_SPECIFIC_APPS Raymond BERTHOU script SQL Injection Attempt -- user_confirm.asp pass SELECT
2005100	ET WEB_SPECIFIC_APPS Raymond BERTHOU script SQL Injection Attempt -- user_confirm.asp pass UNION SELECT
2005101	ET WEB_SPECIFIC_APPS Raymond BERTHOU script SQL Injection Attempt -- user_confirm.asp pass INSERT
2005102	ET WEB_SPECIFIC_APPS Raymond BERTHOU script SQL Injection Attempt -- user_confirm.asp pass DELETE
2005103	ET WEB_SPECIFIC_APPS Raymond BERTHOU script SQL Injection Attempt -- user_confirm.asp pass ASCII
2005104	ET WEB_SPECIFIC_APPS Raymond BERTHOU script SQL Injection Attempt -- user_confirm.asp pass UPDATE
2008615	ET WEB_SPECIFIC_APPS Real Estate Manager realestate-index.php cat_id SQL Injection
2006939	ET WEB_SPECIFIC_APPS Recipes Complete Website SQL Injection Attempt -- recipe.php recipeid SELECT
2006940	ET WEB_SPECIFIC_APPS Recipes Complete Website SQL Injection Attempt -- recipe.php recipeid UNION SELECT
2006941	ET WEB_SPECIFIC_APPS Recipes Complete Website SQL Injection Attempt -- recipe.php recipeid INSERT
2006942	ET WEB_SPECIFIC_APPS Recipes Complete Website SQL Injection Attempt -- recipe.php recipeid DELETE
2006943	ET WEB_SPECIFIC_APPS Recipes Complete Website SQL Injection Attempt -- recipe.php recipeid ASCII
2006944	ET WEB_SPECIFIC_APPS Recipes Complete Website SQL Injection Attempt -- recipe.php recipeid UPDATE
2006945	ET WEB_SPECIFIC_APPS Recipes Complete Website SQL Injection Attempt -- list.php categoryid SELECT
2006946	ET WEB_SPECIFIC_APPS Recipes Complete Website SQL Injection Attempt -- list.php categoryid UNION SELECT
2006947	ET WEB_SPECIFIC_APPS Recipes Complete Website SQL Injection Attempt -- list.php categoryid INSERT
2006948	ET WEB_SPECIFIC_APPS Recipes Complete Website SQL Injection Attempt -- list.php categoryid DELETE
2006949	ET WEB_SPECIFIC_APPS Recipes Complete Website SQL Injection Attempt -- list.php categoryid ASCII
2006950	ET WEB_SPECIFIC_APPS Recipes Complete Website SQL Injection Attempt -- list.php categoryid UPDATE
2009011	ET WEB_SPECIFIC_APPS Rematic CMS referenzdetail.php id parameter SQL Injection
2009012	ET WEB_SPECIFIC_APPS Rematic CMS produkte.php id parameter SQL Injection
2004600	ET WEB_SPECIFIC_APPS RevokeSoft RevokeBB SQL Injection Attempt -- class_users.php SELECT
2004601	ET WEB_SPECIFIC_APPS RevokeSoft RevokeBB SQL Injection Attempt -- class_users.php UNION SELECT
2004602	ET WEB_SPECIFIC_APPS RevokeSoft RevokeBB SQL Injection Attempt -- class_users.php INSERT
2004603	ET WEB_SPECIFIC_APPS RevokeSoft RevokeBB SQL Injection Attempt -- class_users.php DELETE
2004604	ET WEB_SPECIFIC_APPS RevokeSoft RevokeBB SQL Injection Attempt -- class_users.php ASCII
2004605	ET WEB_SPECIFIC_APPS RevokeSoft RevokeBB SQL Injection Attempt -- class_users.php UPDATE
2005687	ET WEB_SPECIFIC_APPS Rialto SQL Injection Attempt -- listfull.asp ID SELECT
2005688	ET WEB_SPECIFIC_APPS Rialto SQL Injection Attempt -- listfull.asp ID UNION SELECT
2005689	ET WEB_SPECIFIC_APPS Rialto SQL Injection Attempt -- listfull.asp ID INSERT
2005690	ET WEB_SPECIFIC_APPS Rialto SQL Injection Attempt -- listfull.asp ID DELETE
2005691	ET WEB_SPECIFIC_APPS Rialto SQL Injection Attempt -- listfull.asp ID ASCII
2005692	ET WEB_SPECIFIC_APPS Rialto SQL Injection Attempt -- listfull.asp ID UPDATE
2005693	ET WEB_SPECIFIC_APPS Rialto SQL Injection Attempt -- printmain.asp ID SELECT
2005694	ET WEB_SPECIFIC_APPS Rialto SQL Injection Attempt -- printmain.asp ID UNION SELECT
2005695	ET WEB_SPECIFIC_APPS Rialto SQL Injection Attempt -- printmain.asp ID INSERT
2005696	ET WEB_SPECIFIC_APPS Rialto SQL Injection Attempt -- printmain.asp ID DELETE
2005697	ET WEB_SPECIFIC_APPS Rialto SQL Injection Attempt -- printmain.asp ID ASCII
2005698	ET WEB_SPECIFIC_APPS Rialto SQL Injection Attempt -- printmain.asp ID UPDATE
2005699	ET WEB_SPECIFIC_APPS Rialto SQL Injection Attempt -- listmain.asp cat SELECT
2005700	ET WEB_SPECIFIC_APPS Rialto SQL Injection Attempt -- listmain.asp cat UNION SELECT
2005701	ET WEB_SPECIFIC_APPS Rialto SQL Injection Attempt -- listmain.asp cat INSERT
2005702	ET WEB_SPECIFIC_APPS Rialto SQL Injection Attempt -- listmain.asp cat DELETE
2005703	ET WEB_SPECIFIC_APPS Rialto SQL Injection Attempt -- listmain.asp cat ASCII
2005704	ET WEB_SPECIFIC_APPS Rialto SQL Injection Attempt -- listmain.asp cat UPDATE
2005705	ET WEB_SPECIFIC_APPS Rialto SQL Injection Attempt -- searchoption.asp cat SELECT
2005706	ET WEB_SPECIFIC_APPS Rialto SQL Injection Attempt -- searchoption.asp cat UNION SELECT
2005707	ET WEB_SPECIFIC_APPS Rialto SQL Injection Attempt -- searchoption.asp cat INSERT
2005708	ET WEB_SPECIFIC_APPS Rialto SQL Injection Attempt -- searchoption.asp cat DELETE
2005709	ET WEB_SPECIFIC_APPS Rialto SQL Injection Attempt -- searchoption.asp cat ASCII
2005710	ET WEB_SPECIFIC_APPS Rialto SQL Injection Attempt -- searchoption.asp cat UPDATE
2005711	ET WEB_SPECIFIC_APPS Rialto SQL Injection Attempt -- searchmain.asp cat SELECT
2005712	ET WEB_SPECIFIC_APPS Rialto SQL Injection Attempt -- searchmain.asp cat UNION SELECT
2005713	ET WEB_SPECIFIC_APPS Rialto SQL Injection Attempt -- searchmain.asp cat INSERT
2005714	ET WEB_SPECIFIC_APPS Rialto SQL Injection Attempt -- searchmain.asp cat DELETE
2005715	ET WEB_SPECIFIC_APPS Rialto SQL Injection Attempt -- searchmain.asp cat ASCII
2005716	ET WEB_SPECIFIC_APPS Rialto SQL Injection Attempt -- searchmain.asp cat UPDATE
2005717	ET WEB_SPECIFIC_APPS Rialto SQL Injection Attempt -- searchkey.asp Keyword SELECT
2005718	ET WEB_SPECIFIC_APPS Rialto SQL Injection Attempt -- searchkey.asp Keyword UNION SELECT
2005719	ET WEB_SPECIFIC_APPS Rialto SQL Injection Attempt -- searchkey.asp Keyword INSERT
2005720	ET WEB_SPECIFIC_APPS Rialto SQL Injection Attempt -- searchkey.asp Keyword DELETE
2005721	ET WEB_SPECIFIC_APPS Rialto SQL Injection Attempt -- searchkey.asp Keyword ASCII
2005722	ET WEB_SPECIFIC_APPS Rialto SQL Injection Attempt -- searchkey.asp Keyword UPDATE
2005723	ET WEB_SPECIFIC_APPS Rialto SQL Injection Attempt -- searchmain.asp area SELECT
2005724	ET WEB_SPECIFIC_APPS Rialto SQL Injection Attempt -- searchmain.asp area UNION SELECT
2005725	ET WEB_SPECIFIC_APPS Rialto SQL Injection Attempt -- searchmain.asp area INSERT
2005726	ET WEB_SPECIFIC_APPS Rialto SQL Injection Attempt -- searchmain.asp area DELETE
2005727	ET WEB_SPECIFIC_APPS Rialto SQL Injection Attempt -- searchmain.asp area ASCII
2005728	ET WEB_SPECIFIC_APPS Rialto SQL Injection Attempt -- searchmain.asp area UPDATE
2005729	ET WEB_SPECIFIC_APPS Rialto SQL Injection Attempt -- searchoption.asp area SELECT
2005730	ET WEB_SPECIFIC_APPS Rialto SQL Injection Attempt -- searchoption.asp area UNION SELECT
2005731	ET WEB_SPECIFIC_APPS Rialto SQL Injection Attempt -- searchoption.asp area INSERT
2005732	ET WEB_SPECIFIC_APPS Rialto SQL Injection Attempt -- searchoption.asp area DELETE
2005733	ET WEB_SPECIFIC_APPS Rialto SQL Injection Attempt -- searchoption.asp area ASCII
2005734	ET WEB_SPECIFIC_APPS Rialto SQL Injection Attempt -- searchoption.asp area UPDATE
2005735	ET WEB_SPECIFIC_APPS Rialto SQL Injection Attempt -- searchkey.asp searchin SELECT
2005736	ET WEB_SPECIFIC_APPS Rialto SQL Injection Attempt -- searchkey.asp searchin UNION SELECT
2005738	ET WEB_SPECIFIC_APPS Rialto SQL Injection Attempt -- searchkey.asp searchin INSERT
2005739	ET WEB_SPECIFIC_APPS Rialto SQL Injection Attempt -- searchkey.asp searchin DELETE
2005740	ET WEB_SPECIFIC_APPS Rialto SQL Injection Attempt -- searchkey.asp searchin ASCII
2005741	ET WEB_SPECIFIC_APPS Rialto SQL Injection Attempt -- searchkey.asp searchin UPDATE
2005742	ET WEB_SPECIFIC_APPS Rialto SQL Injection Attempt -- searchoption.asp cost1 SELECT
2005743	ET WEB_SPECIFIC_APPS Rialto SQL Injection Attempt -- searchoption.asp cost1 UNION SELECT
2005744	ET WEB_SPECIFIC_APPS Rialto SQL Injection Attempt -- searchoption.asp cost1 INSERT
2005745	ET WEB_SPECIFIC_APPS Rialto SQL Injection Attempt -- searchoption.asp cost1 DELETE
2005746	ET WEB_SPECIFIC_APPS Rialto SQL Injection Attempt -- searchoption.asp cost1 ASCII
2005747	ET WEB_SPECIFIC_APPS Rialto SQL Injection Attempt -- searchoption.asp cost1 UPDATE
2005748	ET WEB_SPECIFIC_APPS Rialto SQL Injection Attempt -- searchoption.asp cost2 SELECT
2005749	ET WEB_SPECIFIC_APPS Rialto SQL Injection Attempt -- searchoption.asp cost2 UNION SELECT
2005750	ET WEB_SPECIFIC_APPS Rialto SQL Injection Attempt -- searchoption.asp cost2 INSERT
2005751	ET WEB_SPECIFIC_APPS Rialto SQL Injection Attempt -- searchoption.asp cost2 DELETE
2005752	ET WEB_SPECIFIC_APPS Rialto SQL Injection Attempt -- searchoption.asp cost2 ASCII
2005753	ET WEB_SPECIFIC_APPS Rialto SQL Injection Attempt -- searchoption.asp cost2 UPDATE
2005754	ET WEB_SPECIFIC_APPS Rialto SQL Injection Attempt -- searchoption.asp acreage1 SELECT
2005755	ET WEB_SPECIFIC_APPS Rialto SQL Injection Attempt -- searchoption.asp acreage1 UNION SELECT
2005756	ET WEB_SPECIFIC_APPS Rialto SQL Injection Attempt -- searchoption.asp acreage1 INSERT
2005757	ET WEB_SPECIFIC_APPS Rialto SQL Injection Attempt -- searchoption.asp acreage1 DELETE
2005758	ET WEB_SPECIFIC_APPS Rialto SQL Injection Attempt -- searchoption.asp acreage1 ASCII
2005759	ET WEB_SPECIFIC_APPS Rialto SQL Injection Attempt -- searchoption.asp acreage1 UPDATE
2005760	ET WEB_SPECIFIC_APPS Rialto SQL Injection Attempt -- searchoption.asp squarefeet1 SELECT
2005761	ET WEB_SPECIFIC_APPS Rialto SQL Injection Attempt -- searchoption.asp squarefeet1 UNION SELECT
2005762	ET WEB_SPECIFIC_APPS Rialto SQL Injection Attempt -- searchoption.asp squarefeet1 INSERT
2005763	ET WEB_SPECIFIC_APPS Rialto SQL Injection Attempt -- searchoption.asp squarefeet1 DELETE
2005764	ET WEB_SPECIFIC_APPS Rialto SQL Injection Attempt -- searchoption.asp squarefeet1 ASCII
2005765	ET WEB_SPECIFIC_APPS Rialto SQL Injection Attempt -- searchoption.asp squarefeet1 UPDATE
2011155	ET WEB_SPECIFIC_APPS RJ-iTop Network Vulnerabilities Scan System id SELECT FROM SQL Injection Attempt
2011156	ET WEB_SPECIFIC_APPS RJ-iTop Network Vulnerabilities Scan System id DELETE FROM SQL Injection Attempt
2011157	ET WEB_SPECIFIC_APPS RJ-iTop Network Vulnerabilities Scan System id UNION SELECT SQL Injection Attempt
2008793	ET WEB_SPECIFIC_APPS SFS EZ BIZ PRO track.php id Parameter Remote SQL Injection
2004463	ET WEB_SPECIFIC_APPS SalesCart Shopping Cart SQL Injection Attempt -- reorder2.asp SELECT
2004464	ET WEB_SPECIFIC_APPS SalesCart Shopping Cart SQL Injection Attempt -- reorder2.asp UNION SELECT
2004465	ET WEB_SPECIFIC_APPS SalesCart Shopping Cart SQL Injection Attempt -- reorder2.asp INSERT
2004466	ET WEB_SPECIFIC_APPS SalesCart Shopping Cart SQL Injection Attempt -- reorder2.asp DELETE
2004467	ET WEB_SPECIFIC_APPS SalesCart Shopping Cart SQL Injection Attempt -- reorder2.asp ASCII
2004468	ET WEB_SPECIFIC_APPS SalesCart Shopping Cart SQL Injection Attempt -- reorder2.asp UPDATE
2004493	ET WEB_SPECIFIC_APPS Savas Guestbook SQL Injection Attempt -- add2.php name SELECT
2004494	ET WEB_SPECIFIC_APPS Savas Guestbook SQL Injection Attempt -- add2.php name UNION SELECT
2004495	ET WEB_SPECIFIC_APPS Savas Guestbook SQL Injection Attempt -- add2.php name INSERT
2004496	ET WEB_SPECIFIC_APPS Savas Guestbook SQL Injection Attempt -- add2.php name DELETE
2004497	ET WEB_SPECIFIC_APPS Savas Guestbook SQL Injection Attempt -- add2.php name ASCII
2004498	ET WEB_SPECIFIC_APPS Savas Guestbook SQL Injection Attempt -- add2.php name UPDATE
2004499	ET WEB_SPECIFIC_APPS Savas Guestbook SQL Injection Attempt -- add2.php country SELECT
2004500	ET WEB_SPECIFIC_APPS Savas Guestbook SQL Injection Attempt -- add2.php country UNION SELECT
2004501	ET WEB_SPECIFIC_APPS Savas Guestbook SQL Injection Attempt -- add2.php country INSERT
2004502	ET WEB_SPECIFIC_APPS Savas Guestbook SQL Injection Attempt -- add2.php country DELETE
2004503	ET WEB_SPECIFIC_APPS Savas Guestbook SQL Injection Attempt -- add2.php country ASCII
2004504	ET WEB_SPECIFIC_APPS Savas Guestbook SQL Injection Attempt -- add2.php country UPDATE
2004505	ET WEB_SPECIFIC_APPS Savas Guestbook SQL Injection Attempt -- add2.php email SELECT
2004506	ET WEB_SPECIFIC_APPS Savas Guestbook SQL Injection Attempt -- add2.php email UNION SELECT
2004507	ET WEB_SPECIFIC_APPS Savas Guestbook SQL Injection Attempt -- add2.php email INSERT
2004508	ET WEB_SPECIFIC_APPS Savas Guestbook SQL Injection Attempt -- add2.php email DELETE
2004509	ET WEB_SPECIFIC_APPS Savas Guestbook SQL Injection Attempt -- add2.php email ASCII
2004510	ET WEB_SPECIFIC_APPS Savas Guestbook SQL Injection Attempt -- add2.php email UPDATE
2004511	ET WEB_SPECIFIC_APPS Savas Guestbook SQL Injection Attempt -- add2.php website SELECT
2004512	ET WEB_SPECIFIC_APPS Savas Guestbook SQL Injection Attempt -- add2.php website UNION SELECT
2004513	ET WEB_SPECIFIC_APPS Savas Guestbook SQL Injection Attempt -- add2.php website INSERT
2004514	ET WEB_SPECIFIC_APPS Savas Guestbook SQL Injection Attempt -- add2.php website DELETE
2004515	ET WEB_SPECIFIC_APPS Savas Guestbook SQL Injection Attempt -- add2.php website ASCII
2004516	ET WEB_SPECIFIC_APPS Savas Guestbook SQL Injection Attempt -- add2.php website UPDATE
2004517	ET WEB_SPECIFIC_APPS Savas Guestbook SQL Injection Attempt -- add2.php message SELECT
2004518	ET WEB_SPECIFIC_APPS Savas Guestbook SQL Injection Attempt -- add2.php message UNION SELECT
2004519	ET WEB_SPECIFIC_APPS Savas Guestbook SQL Injection Attempt -- add2.php message INSERT
2004520	ET WEB_SPECIFIC_APPS Savas Guestbook SQL Injection Attempt -- add2.php message DELETE
2004521	ET WEB_SPECIFIC_APPS Savas Guestbook SQL Injection Attempt -- add2.php message ASCII
2004522	ET WEB_SPECIFIC_APPS Savas Guestbook SQL Injection Attempt -- add2.php message UPDATE
2011726	ET WEB_SPECIFIC_APPS SchoolMation studentmain.php session Parameter SELECT FROM SQL Injection Attempt
2011727	ET WEB_SPECIFIC_APPS SchoolMation studentmain.php session Parameter DELETE FROM SQL Injection Attempt
2011728	ET WEB_SPECIFIC_APPS SchoolMation studentmain.php session Parameter UNION SELECT SQL Injection Attempt
2011729	ET WEB_SPECIFIC_APPS SchoolMation studentmain.php session Parameter INSERT INTO SQL Injection Attempt
2011730	ET WEB_SPECIFIC_APPS SchoolMation studentmain.php session Parameter UPDATE SET SQL Injection Attempt
2006309	ET WEB_SPECIFIC_APPS ScriptMate User Manager SQL Injection Attempt -- usermessages.asp mesid SELECT
2006310	ET WEB_SPECIFIC_APPS ScriptMate User Manager SQL Injection Attempt -- usermessages.asp mesid UNION SELECT
2006311	ET WEB_SPECIFIC_APPS ScriptMate User Manager SQL Injection Attempt -- usermessages.asp mesid INSERT
2006312	ET WEB_SPECIFIC_APPS ScriptMate User Manager SQL Injection Attempt -- usermessages.asp mesid DELETE
2006313	ET WEB_SPECIFIC_APPS ScriptMate User Manager SQL Injection Attempt -- usermessages.asp mesid ASCII
2006314	ET WEB_SPECIFIC_APPS ScriptMate User Manager SQL Injection Attempt -- usermessages.asp mesid UPDATE
2009048	ET WEB_SPECIFIC_APPS Sepcity Lawyer Portal deptdisplay.asp ID parameter SQL Injection
2004415	ET WEB_SPECIFIC_APPS Serendipity SQL Injection Attempt -- index.php serendipity SELECT
2004416	ET WEB_SPECIFIC_APPS Serendipity SQL Injection Attempt -- index.php serendipity UNION SELECT
2004417	ET WEB_SPECIFIC_APPS Serendipity SQL Injection Attempt -- index.php serendipity INSERT
2004418	ET WEB_SPECIFIC_APPS Serendipity SQL Injection Attempt -- index.php serendipity DELETE
2004419	ET WEB_SPECIFIC_APPS Serendipity SQL Injection Attempt -- index.php serendipity ASCII
2004420	ET WEB_SPECIFIC_APPS Serendipity SQL Injection Attempt -- index.php serendipity UPDATE
2005790	ET WEB_SPECIFIC_APPS ShopStoreNow E-commerce Shopping Cart SQL Injection Attempt -- orange.asp CatID SELECT
2005791	ET WEB_SPECIFIC_APPS ShopStoreNow E-commerce Shopping Cart SQL Injection Attempt -- orange.asp CatID UNION SELECT
2005792	ET WEB_SPECIFIC_APPS ShopStoreNow E-commerce Shopping Cart SQL Injection Attempt -- orange.asp CatID INSERT
2005793	ET WEB_SPECIFIC_APPS ShopStoreNow E-commerce Shopping Cart SQL Injection Attempt -- orange.asp CatID DELETE
2005794	ET WEB_SPECIFIC_APPS ShopStoreNow E-commerce Shopping Cart SQL Injection Attempt -- orange.asp CatID ASCII
2005795	ET WEB_SPECIFIC_APPS ShopStoreNow E-commerce Shopping Cart SQL Injection Attempt -- orange.asp CatID UPDATE
2004779	ET WEB_SPECIFIC_APPS Simple PHP Forum SQL Injection Attempt -- logon_user.php username SELECT
2004780	ET WEB_SPECIFIC_APPS Simple PHP Forum SQL Injection Attempt -- logon_user.php username UNION SELECT
2004781	ET WEB_SPECIFIC_APPS Simple PHP Forum SQL Injection Attempt -- logon_user.php username INSERT
2004782	ET WEB_SPECIFIC_APPS Simple PHP Forum SQL Injection Attempt -- logon_user.php username DELETE
2004783	ET WEB_SPECIFIC_APPS Simple PHP Forum SQL Injection Attempt -- logon_user.php username ASCII
2004784	ET WEB_SPECIFIC_APPS Simple PHP Forum SQL Injection Attempt -- logon_user.php username UPDATE
2004785	ET WEB_SPECIFIC_APPS Simple PHP Forum SQL Injection Attempt -- update_profile.php username SELECT
2004786	ET WEB_SPECIFIC_APPS Simple PHP Forum SQL Injection Attempt -- update_profile.php username UNION SELECT
2004787	ET WEB_SPECIFIC_APPS Simple PHP Forum SQL Injection Attempt -- update_profile.php username INSERT
2004788	ET WEB_SPECIFIC_APPS Simple PHP Forum SQL Injection Attempt -- update_profile.php username DELETE
2004789	ET WEB_SPECIFIC_APPS Simple PHP Forum SQL Injection Attempt -- update_profile.php username ASCII
2004790	ET WEB_SPECIFIC_APPS Simple PHP Forum SQL Injection Attempt -- update_profile.php username UPDATE
2005871	ET WEB_SPECIFIC_APPS Simple Web Content Management System SQL Injection Attempt -- page.php id SELECT
2005872	ET WEB_SPECIFIC_APPS Simple Web Content Management System SQL Injection Attempt -- page.php id UNION SELECT
2005873	ET WEB_SPECIFIC_APPS Simple Web Content Management System SQL Injection Attempt -- page.php id INSERT
2005874	ET WEB_SPECIFIC_APPS Simple Web Content Management System SQL Injection Attempt -- page.php id DELETE
2005875	ET WEB_SPECIFIC_APPS Simple Web Content Management System SQL Injection Attempt -- page.php id ASCII
2005876	ET WEB_SPECIFIC_APPS Simple Web Content Management System SQL Injection Attempt -- page.php id UPDATE
2005542	ET WEB_SPECIFIC_APPS SmE FileMailer SQL Injection Attempt -- dl.php code SELECT
2005543	ET WEB_SPECIFIC_APPS SmE FileMailer SQL Injection Attempt -- dl.php code UNION SELECT
2005544	ET WEB_SPECIFIC_APPS SmE FileMailer SQL Injection Attempt -- dl.php code INSERT
2005545	ET WEB_SPECIFIC_APPS SmE FileMailer SQL Injection Attempt -- dl.php code DELETE
2005546	ET WEB_SPECIFIC_APPS SmE FileMailer SQL Injection Attempt -- dl.php code ASCII
2005547	ET WEB_SPECIFIC_APPS SmE FileMailer SQL Injection Attempt -- dl.php code UPDATE
2005548	ET WEB_SPECIFIC_APPS SmE FileMailer SQL Injection Attempt -- dl.php f SELECT
2005549	ET WEB_SPECIFIC_APPS SmE FileMailer SQL Injection Attempt -- dl.php f UNION SELECT
2005550	ET WEB_SPECIFIC_APPS SmE FileMailer SQL Injection Attempt -- dl.php f INSERT
2005551	ET WEB_SPECIFIC_APPS SmE FileMailer SQL Injection Attempt -- dl.php f DELETE
2005552	ET WEB_SPECIFIC_APPS SmE FileMailer SQL Injection Attempt -- dl.php f ASCII
2005553	ET WEB_SPECIFIC_APPS SmE FileMailer SQL Injection Attempt -- dl.php f UPDATE
2005554	ET WEB_SPECIFIC_APPS SmE FileMailer SQL Injection Attempt -- dl.php us SELECT
2005555	ET WEB_SPECIFIC_APPS SmE FileMailer SQL Injection Attempt -- dl.php us UNION SELECT
2005556	ET WEB_SPECIFIC_APPS SmE FileMailer SQL Injection Attempt -- dl.php us INSERT
2005557	ET WEB_SPECIFIC_APPS SmE FileMailer SQL Injection Attempt -- dl.php us DELETE
2005558	ET WEB_SPECIFIC_APPS SmE FileMailer SQL Injection Attempt -- dl.php us ASCII
2005559	ET WEB_SPECIFIC_APPS SmE FileMailer SQL Injection Attempt -- dl.php us UPDATE
2005560	ET WEB_SPECIFIC_APPS SmE FileMailer SQL Injection Attempt -- dl.php ps SELECT
2005561	ET WEB_SPECIFIC_APPS SmE FileMailer SQL Injection Attempt -- dl.php ps UNION SELECT
2005562	ET WEB_SPECIFIC_APPS SmE FileMailer SQL Injection Attempt -- dl.php ps INSERT
2005563	ET WEB_SPECIFIC_APPS SmE FileMailer SQL Injection Attempt -- dl.php ps DELETE
2005564	ET WEB_SPECIFIC_APPS SmE FileMailer SQL Injection Attempt -- dl.php ps ASCII
2005566	ET WEB_SPECIFIC_APPS SmE FileMailer SQL Injection Attempt -- dl.php ps UPDATE
2004863	ET WEB_SPECIFIC_APPS Snitz Forums 2000 SQL Injection Attempt -- pop_profile.asp id SELECT
2004864	ET WEB_SPECIFIC_APPS Snitz Forums 2000 SQL Injection Attempt -- pop_profile.asp id UNION SELECT
2004865	ET WEB_SPECIFIC_APPS Snitz Forums 2000 SQL Injection Attempt -- pop_profile.asp id INSERT
2004866	ET WEB_SPECIFIC_APPS Snitz Forums 2000 SQL Injection Attempt -- pop_profile.asp id DELETE
2004867	ET WEB_SPECIFIC_APPS Snitz Forums 2000 SQL Injection Attempt -- pop_profile.asp id ASCII
2004868	ET WEB_SPECIFIC_APPS Snitz Forums 2000 SQL Injection Attempt -- pop_profile.asp id UPDATE
2009100	ET WEB_SPECIFIC_APPS SocialEngine browse_classifieds.php Remote SQL Injection
2006129	ET WEB_SPECIFIC_APPS Softwebs Nepal Ananda Real Estate SQL Injection Attempt -- list.asp agent SELECT
2006130	ET WEB_SPECIFIC_APPS Softwebs Nepal Ananda Real Estate SQL Injection Attempt -- list.asp agent UNION SELECT
2006131	ET WEB_SPECIFIC_APPS Softwebs Nepal Ananda Real Estate SQL Injection Attempt -- list.asp agent INSERT
2006132	ET WEB_SPECIFIC_APPS Softwebs Nepal Ananda Real Estate SQL Injection Attempt -- list.asp agent DELETE
2006133	ET WEB_SPECIFIC_APPS Softwebs Nepal Ananda Real Estate SQL Injection Attempt -- list.asp agent ASCII
2006134	ET WEB_SPECIFIC_APPS Softwebs Nepal Ananda Real Estate SQL Injection Attempt -- list.asp agent UPDATE
2006479	ET WEB_SPECIFIC_APPS Solar Empire SQL Injection Attempt -- game_listing.php SELECT
2006480	ET WEB_SPECIFIC_APPS Solar Empire SQL Injection Attempt -- game_listing.php UNION SELECT
2006481	ET WEB_SPECIFIC_APPS Solar Empire SQL Injection Attempt -- game_listing.php INSERT
2006482	ET WEB_SPECIFIC_APPS Solar Empire SQL Injection Attempt -- game_listing.php DELETE
2006484	ET WEB_SPECIFIC_APPS Solar Empire SQL Injection Attempt -- game_listing.php ASCII
2006485	ET WEB_SPECIFIC_APPS Solar Empire SQL Injection Attempt -- game_listing.php UPDATE
2004816	ET WEB_SPECIFIC_APPS Sphider SQL Injection Attempt -- search.php category SELECT
2004817	ET WEB_SPECIFIC_APPS Sphider SQL Injection Attempt -- search.php category UNION SELECT
2004818	ET WEB_SPECIFIC_APPS Sphider SQL Injection Attempt -- search.php category INSERT
2004819	ET WEB_SPECIFIC_APPS Sphider SQL Injection Attempt -- search.php category DELETE
2004820	ET WEB_SPECIFIC_APPS Sphider SQL Injection Attempt -- search.php category ASCII
2004821	ET WEB_SPECIFIC_APPS Sphider SQL Injection Attempt -- search.php category UPDATE
2005152	ET WEB_SPECIFIC_APPS SpoonLabs Vivvo Article Management CMS (phpWordPress) SQL Injection Attempt -- show_webfeed.php wcHeadlines SELECT
2005153	ET WEB_SPECIFIC_APPS SpoonLabs Vivvo Article Management CMS (phpWordPress) SQL Injection Attempt -- show_webfeed.php wcHeadlines UNION SELECT
2005155	ET WEB_SPECIFIC_APPS SpoonLabs Vivvo Article Management CMS (phpWordPress) SQL Injection Attempt -- show_webfeed.php wcHeadlines INSERT
2005154	ET WEB_SPECIFIC_APPS SpoonLabs Vivvo Article Management CMS (phpWordPress) SQL Injection Attempt -- show_webfeed.php wcHeadlines DELETE
2005156	ET WEB_SPECIFIC_APPS SpoonLabs Vivvo Article Management CMS (phpWordPress) SQL Injection Attempt -- show_webfeed.php wcHeadlines ASCII
2005157	ET WEB_SPECIFIC_APPS SpoonLabs Vivvo Article Management CMS (phpWordPress) SQL Injection Attempt -- show_webfeed.php wcHeadlines UPDATE
2004822	ET WEB_SPECIFIC_APPS Super Link Exchange Script SQL Injection Attempt -- directory.php cat SELECT
2004823	ET WEB_SPECIFIC_APPS Super Link Exchange Script SQL Injection Attempt -- directory.php cat UNION SELECT
2004824	ET WEB_SPECIFIC_APPS Super Link Exchange Script SQL Injection Attempt -- directory.php cat INSERT
2004825	ET WEB_SPECIFIC_APPS Super Link Exchange Script SQL Injection Attempt -- directory.php cat DELETE
2004826	ET WEB_SPECIFIC_APPS Super Link Exchange Script SQL Injection Attempt -- directory.php cat ASCII
2004827	ET WEB_SPECIFIC_APPS Super Link Exchange Script SQL Injection Attempt -- directory.php cat UPDATE
2006633	ET WEB_SPECIFIC_APPS Superfreaker Studios UPublisher SQL Injection Attempt -- sendarticle.asp SELECT
2006634	ET WEB_SPECIFIC_APPS Superfreaker Studios UPublisher SQL Injection Attempt -- sendarticle.asp UNION SELECT
2006635	ET WEB_SPECIFIC_APPS Superfreaker Studios UPublisher SQL Injection Attempt -- sendarticle.asp INSERT
2006636	ET WEB_SPECIFIC_APPS Superfreaker Studios UPublisher SQL Injection Attempt -- sendarticle.asp DELETE
2006637	ET WEB_SPECIFIC_APPS Superfreaker Studios UPublisher SQL Injection Attempt -- sendarticle.asp ASCII
2006638	ET WEB_SPECIFIC_APPS Superfreaker Studios UPublisher SQL Injection Attempt -- sendarticle.asp UPDATE
2006639	ET WEB_SPECIFIC_APPS Superfreaker Studios UPublisher SQL Injection Attempt -- printarticle.asp SELECT
2006640	ET WEB_SPECIFIC_APPS Superfreaker Studios UPublisher SQL Injection Attempt -- printarticle.asp UNION SELECT
2006641	ET WEB_SPECIFIC_APPS Superfreaker Studios UPublisher SQL Injection Attempt -- printarticle.asp INSERT
2006642	ET WEB_SPECIFIC_APPS Superfreaker Studios UPublisher SQL Injection Attempt -- printarticle.asp DELETE
2006643	ET WEB_SPECIFIC_APPS Superfreaker Studios UPublisher SQL Injection Attempt -- printarticle.asp ASCII
2006644	ET WEB_SPECIFIC_APPS Superfreaker Studios UPublisher SQL Injection Attempt -- printarticle.asp UPDATE
2006645	ET WEB_SPECIFIC_APPS Superfreaker Studios UPublisher SQL Injection Attempt -- index.asp ID SELECT
2006646	ET WEB_SPECIFIC_APPS Superfreaker Studios UPublisher SQL Injection Attempt -- index.asp ID UNION SELECT
2006647	ET WEB_SPECIFIC_APPS Superfreaker Studios UPublisher SQL Injection Attempt -- index.asp ID INSERT
2006648	ET WEB_SPECIFIC_APPS Superfreaker Studios UPublisher SQL Injection Attempt -- index.asp ID DELETE
2006649	ET WEB_SPECIFIC_APPS Superfreaker Studios UPublisher SQL Injection Attempt -- index.asp ID ASCII
2006651	ET WEB_SPECIFIC_APPS Superfreaker Studios UPublisher SQL Injection Attempt -- preferences.asp ID SELECT
2006652	ET WEB_SPECIFIC_APPS Superfreaker Studios UPublisher SQL Injection Attempt -- preferences.asp ID UNION SELECT
2006653	ET WEB_SPECIFIC_APPS Superfreaker Studios UPublisher SQL Injection Attempt -- preferences.asp ID INSERT
2006654	ET WEB_SPECIFIC_APPS Superfreaker Studios UPublisher SQL Injection Attempt -- preferences.asp ID DELETE
2006655	ET WEB_SPECIFIC_APPS Superfreaker Studios UPublisher SQL Injection Attempt -- preferences.asp ID ASCII
2006656	ET WEB_SPECIFIC_APPS Superfreaker Studios UPublisher SQL Injection Attempt -- preferences.asp ID UPDATE
2006003	ET WEB_SPECIFIC_APPS The Address Book SQL Injection Attempt -- user.php lastname SELECT
2006004	ET WEB_SPECIFIC_APPS The Address Book SQL Injection Attempt -- user.php lastname UNION SELECT
2006005	ET WEB_SPECIFIC_APPS The Address Book SQL Injection Attempt -- user.php lastname INSERT
2006006	ET WEB_SPECIFIC_APPS The Address Book SQL Injection Attempt -- user.php lastname DELETE
2006007	ET WEB_SPECIFIC_APPS The Address Book SQL Injection Attempt -- user.php lastname ASCII
2006008	ET WEB_SPECIFIC_APPS The Address Book SQL Injection Attempt -- user.php lastname UPDATE
2006009	ET WEB_SPECIFIC_APPS The Address Book SQL Injection Attempt -- user.php firstname SELECT
2006010	ET WEB_SPECIFIC_APPS The Address Book SQL Injection Attempt -- user.php firstname UNION SELECT
2006011	ET WEB_SPECIFIC_APPS The Address Book SQL Injection Attempt -- user.php firstname INSERT
2006012	ET WEB_SPECIFIC_APPS The Address Book SQL Injection Attempt -- user.php firstname DELETE
2006013	ET WEB_SPECIFIC_APPS The Address Book SQL Injection Attempt -- user.php firstname ASCII
2006014	ET WEB_SPECIFIC_APPS The Address Book SQL Injection Attempt -- user.php firstname UPDATE
2006015	ET WEB_SPECIFIC_APPS The Address Book SQL Injection Attempt -- user.php passwordOld SELECT
2006016	ET WEB_SPECIFIC_APPS The Address Book SQL Injection Attempt -- user.php passwordOld UNION SELECT
2006017	ET WEB_SPECIFIC_APPS The Address Book SQL Injection Attempt -- user.php passwordOld INSERT
2006018	ET WEB_SPECIFIC_APPS The Address Book SQL Injection Attempt -- user.php passwordOld DELETE
2006019	ET WEB_SPECIFIC_APPS The Address Book SQL Injection Attempt -- user.php passwordOld ASCII
2006020	ET WEB_SPECIFIC_APPS The Address Book SQL Injection Attempt -- user.php passwordOld UPDATE
2006021	ET WEB_SPECIFIC_APPS The Address Book SQL Injection Attempt -- user.php passwordNew SELECT
2006023	ET WEB_SPECIFIC_APPS The Address Book SQL Injection Attempt -- user.php passwordNew INSERT
2006024	ET WEB_SPECIFIC_APPS The Address Book SQL Injection Attempt -- user.php passwordNew DELETE
2006025	ET WEB_SPECIFIC_APPS The Address Book SQL Injection Attempt -- user.php passwordNew ASCII
2006026	ET WEB_SPECIFIC_APPS The Address Book SQL Injection Attempt -- user.php passwordNew UPDATE
2006027	ET WEB_SPECIFIC_APPS The Address Book SQL Injection Attempt -- user.php id SELECT
2006028	ET WEB_SPECIFIC_APPS The Address Book SQL Injection Attempt -- user.php id UNION SELECT
2006029	ET WEB_SPECIFIC_APPS The Address Book SQL Injection Attempt -- user.php id INSERT
2006030	ET WEB_SPECIFIC_APPS The Address Book SQL Injection Attempt -- user.php id DELETE
2006031	ET WEB_SPECIFIC_APPS The Address Book SQL Injection Attempt -- user.php id ASCII
2006032	ET WEB_SPECIFIC_APPS The Address Book SQL Injection Attempt -- user.php id UPDATE
2006033	ET WEB_SPECIFIC_APPS The Address Book SQL Injection Attempt -- user.php language SELECT
2006034	ET WEB_SPECIFIC_APPS The Address Book SQL Injection Attempt -- user.php language UNION SELECT
2006035	ET WEB_SPECIFIC_APPS The Address Book SQL Injection Attempt -- user.php language INSERT
2006036	ET WEB_SPECIFIC_APPS The Address Book SQL Injection Attempt -- user.php language DELETE
2006037	ET WEB_SPECIFIC_APPS The Address Book SQL Injection Attempt -- user.php language ASCII
2006038	ET WEB_SPECIFIC_APPS The Address Book SQL Injection Attempt -- user.php language UPDATE
2006039	ET WEB_SPECIFIC_APPS The Address Book SQL Injection Attempt -- user.php defaultLetter SELECT
2006040	ET WEB_SPECIFIC_APPS The Address Book SQL Injection Attempt -- user.php defaultLetter UNION SELECT
2006041	ET WEB_SPECIFIC_APPS The Address Book SQL Injection Attempt -- user.php defaultLetter INSERT
2006042	ET WEB_SPECIFIC_APPS The Address Book SQL Injection Attempt -- user.php defaultLetter DELETE
2006043	ET WEB_SPECIFIC_APPS The Address Book SQL Injection Attempt -- user.php defaultLetter ASCII
2006044	ET WEB_SPECIFIC_APPS The Address Book SQL Injection Attempt -- user.php defaultLetter UPDATE
2006045	ET WEB_SPECIFIC_APPS The Address Book SQL Injection Attempt -- user.php newuserPass SELECT
2006046	ET WEB_SPECIFIC_APPS The Address Book SQL Injection Attempt -- user.php newuserPass UNION SELECT
2006047	ET WEB_SPECIFIC_APPS The Address Book SQL Injection Attempt -- user.php newuserPass INSERT
2006048	ET WEB_SPECIFIC_APPS The Address Book SQL Injection Attempt -- user.php newuserPass DELETE
2006049	ET WEB_SPECIFIC_APPS The Address Book SQL Injection Attempt -- user.php newuserPass ASCII
2006050	ET WEB_SPECIFIC_APPS The Address Book SQL Injection Attempt -- user.php newuserPass UPDATE
2006051	ET WEB_SPECIFIC_APPS The Address Book SQL Injection Attempt -- user.php newuserType SELECT
2006052	ET WEB_SPECIFIC_APPS The Address Book SQL Injection Attempt -- user.php newuserType UNION SELECT
2006053	ET WEB_SPECIFIC_APPS The Address Book SQL Injection Attempt -- user.php newuserType INSERT
2006054	ET WEB_SPECIFIC_APPS The Address Book SQL Injection Attempt -- user.php newuserType DELETE
2006055	ET WEB_SPECIFIC_APPS The Address Book SQL Injection Attempt -- user.php newuserType ASCII
2006056	ET WEB_SPECIFIC_APPS The Address Book SQL Injection Attempt -- user.php newuserType UPDATE
2006057	ET WEB_SPECIFIC_APPS The Address Book SQL Injection Attempt -- user.php newuserEmail SELECT
2006058	ET WEB_SPECIFIC_APPS The Address Book SQL Injection Attempt -- user.php newuserEmail UNION SELECT
2006059	ET WEB_SPECIFIC_APPS The Address Book SQL Injection Attempt -- user.php newuserEmail INSERT
2006060	ET WEB_SPECIFIC_APPS The Address Book SQL Injection Attempt -- user.php newuserEmail DELETE
2006061	ET WEB_SPECIFIC_APPS The Address Book SQL Injection Attempt -- user.php newuserEmail ASCII
2006062	ET WEB_SPECIFIC_APPS The Address Book SQL Injection Attempt -- user.php newuserEmail UPDATE
2006063	ET WEB_SPECIFIC_APPS The Address Book SQL Injection Attempt -- search.php goTo SELECT
2006064	ET WEB_SPECIFIC_APPS The Address Book SQL Injection Attempt -- search.php goTo UNION SELECT
2006065	ET WEB_SPECIFIC_APPS The Address Book SQL Injection Attempt -- search.php goTo INSERT
2006066	ET WEB_SPECIFIC_APPS The Address Book SQL Injection Attempt -- search.php goTo DELETE
2006067	ET WEB_SPECIFIC_APPS The Address Book SQL Injection Attempt -- search.php goTo ASCII
2006068	ET WEB_SPECIFIC_APPS The Address Book SQL Injection Attempt -- search.php goTo UPDATE
2006069	ET WEB_SPECIFIC_APPS The Address Book SQL Injection Attempt -- search.php search SELECT
2006070	ET WEB_SPECIFIC_APPS The Address Book SQL Injection Attempt -- search.php search UNION SELECT
2006071	ET WEB_SPECIFIC_APPS The Address Book SQL Injection Attempt -- search.php search INSERT
2006072	ET WEB_SPECIFIC_APPS The Address Book SQL Injection Attempt -- search.php search DELETE
2006073	ET WEB_SPECIFIC_APPS The Address Book SQL Injection Attempt -- search.php search ASCII
2006074	ET WEB_SPECIFIC_APPS The Address Book SQL Injection Attempt -- search.php search UPDATE
2006075	ET WEB_SPECIFIC_APPS The Address Book SQL Injection Attempt -- save.php groupAddName SELECT
2006076	ET WEB_SPECIFIC_APPS The Address Book SQL Injection Attempt -- save.php groupAddName UNION SELECT
2006077	ET WEB_SPECIFIC_APPS The Address Book SQL Injection Attempt -- save.php groupAddName INSERT
2006078	ET WEB_SPECIFIC_APPS The Address Book SQL Injection Attempt -- save.php groupAddName DELETE
2006079	ET WEB_SPECIFIC_APPS The Address Book SQL Injection Attempt -- save.php groupAddName ASCII
2006080	ET WEB_SPECIFIC_APPS The Address Book SQL Injection Attempt -- save.php groupAddName UPDATE
2009199	ET WEB_SPECIFIC_APPS Script Toko Online shop_display_products.php cat_id Parameter SQL Injection
2008829	ET WEB_SPECIFIC_APPS TurnkeyForms Local Classifieds listtest.php r parameter SQL Injection
2004869	ET WEB_SPECIFIC_APPS Turuncu Portal SQL Injection Attempt -- h_goster.asp id SELECT
2004870	ET WEB_SPECIFIC_APPS Turuncu Portal SQL Injection Attempt -- h_goster.asp id UNION SELECT
2004871	ET WEB_SPECIFIC_APPS Turuncu Portal SQL Injection Attempt -- h_goster.asp id INSERT
2004872	ET WEB_SPECIFIC_APPS Turuncu Portal SQL Injection Attempt -- h_goster.asp id DELETE
2004873	ET WEB_SPECIFIC_APPS Turuncu Portal SQL Injection Attempt -- h_goster.asp id ASCII
2004874	ET WEB_SPECIFIC_APPS Turuncu Portal SQL Injection Attempt -- h_goster.asp id UPDATE
2004672	ET WEB_SPECIFIC_APPS Tyger Bug Tracking System (TygerBT) SQL Injection Attempt -- ViewReport.php bug SELECT
2004673	ET WEB_SPECIFIC_APPS Tyger Bug Tracking System (TygerBT) SQL Injection Attempt -- ViewReport.php bug UNION SELECT
2004674	ET WEB_SPECIFIC_APPS Tyger Bug Tracking System (TygerBT) SQL Injection Attempt -- ViewReport.php bug INSERT
2004675	ET WEB_SPECIFIC_APPS Tyger Bug Tracking System (TygerBT) SQL Injection Attempt -- ViewReport.php bug DELETE
2004676	ET WEB_SPECIFIC_APPS Tyger Bug Tracking System (TygerBT) SQL Injection Attempt -- ViewReport.php bug ASCII
2004677	ET WEB_SPECIFIC_APPS Tyger Bug Tracking System (TygerBT) SQL Injection Attempt -- ViewReport.php bug UPDATE
2004678	ET WEB_SPECIFIC_APPS Tyger Bug Tracking System (TygerBT) SQL Injection Attempt -- ViewBugs.php s SELECT
2005185	ET WEB_SPECIFIC_APPS Tyger Bug Tracking System (TygerBT) SQL Injection Attempt -- ViewBugs.php s UNION SELECT
2004679	ET WEB_SPECIFIC_APPS Tyger Bug Tracking System (TygerBT) SQL Injection Attempt -- ViewBugs.php s INSERT
2004680	ET WEB_SPECIFIC_APPS Tyger Bug Tracking System (TygerBT) SQL Injection Attempt -- ViewBugs.php s DELETE
2004681	ET WEB_SPECIFIC_APPS Tyger Bug Tracking System (TygerBT) SQL Injection Attempt -- ViewBugs.php s ASCII
2004682	ET WEB_SPECIFIC_APPS Tyger Bug Tracking System (TygerBT) SQL Injection Attempt -- ViewBugs.php s UPDATE
2005233	ET WEB_SPECIFIC_APPS Unique Ads (UDS) SQL Injection Attempt -- banner.php bid SELECT
2005234	ET WEB_SPECIFIC_APPS Unique Ads (UDS) SQL Injection Attempt -- banner.php bid UNION SELECT
2005235	ET WEB_SPECIFIC_APPS Unique Ads (UDS) SQL Injection Attempt -- banner.php bid INSERT
2005236	ET WEB_SPECIFIC_APPS Unique Ads (UDS) SQL Injection Attempt -- banner.php bid DELETE
2005237	ET WEB_SPECIFIC_APPS Unique Ads (UDS) SQL Injection Attempt -- banner.php bid ASCII
2005238	ET WEB_SPECIFIC_APPS Unique Ads (UDS) SQL Injection Attempt -- banner.php bid UPDATE
2006886	ET WEB_SPECIFIC_APPS Uapplication UPhotoGallery SQL Injection Attempt -- slideshow.asp ci SELECT
2006887	ET WEB_SPECIFIC_APPS Uapplication UPhotoGallery SQL Injection Attempt -- slideshow.asp ci UNION SELECT
2006888	ET WEB_SPECIFIC_APPS Uapplication UPhotoGallery SQL Injection Attempt -- slideshow.asp ci INSERT
2006889	ET WEB_SPECIFIC_APPS Uapplication UPhotoGallery SQL Injection Attempt -- slideshow.asp ci DELETE
2006890	ET WEB_SPECIFIC_APPS Uapplication UPhotoGallery SQL Injection Attempt -- slideshow.asp ci ASCII
2006891	ET WEB_SPECIFIC_APPS Uapplication UPhotoGallery SQL Injection Attempt -- slideshow.asp ci UPDATE
2006892	ET WEB_SPECIFIC_APPS Uapplication UPhotoGallery SQL Injection Attempt -- thumbnails.asp ci SELECT
2006893	ET WEB_SPECIFIC_APPS Uapplication UPhotoGallery SQL Injection Attempt -- thumbnails.asp ci UNION SELECT
2006894	ET WEB_SPECIFIC_APPS Uapplication UPhotoGallery SQL Injection Attempt -- thumbnails.asp ci INSERT
2006895	ET WEB_SPECIFIC_APPS Uapplication UPhotoGallery SQL Injection Attempt -- thumbnails.asp ci DELETE
2006896	ET WEB_SPECIFIC_APPS Uapplication UPhotoGallery SQL Injection Attempt -- thumbnails.asp ci ASCII
2006897	ET WEB_SPECIFIC_APPS Uapplication UPhotoGallery SQL Injection Attempt -- thumbnails.asp ci UPDATE
2005003	ET WEB_SPECIFIC_APPS Ublog Reload SQL Injection Attempt -- badword.asp SELECT
2005004	ET WEB_SPECIFIC_APPS Ublog Reload SQL Injection Attempt -- badword.asp UNION SELECT
2005005	ET WEB_SPECIFIC_APPS Ublog Reload SQL Injection Attempt -- badword.asp INSERT
2005006	ET WEB_SPECIFIC_APPS Ublog Reload SQL Injection Attempt -- badword.asp DELETE
2005007	ET WEB_SPECIFIC_APPS Ublog Reload SQL Injection Attempt -- badword.asp ASCII
2005008	ET WEB_SPECIFIC_APPS Ublog Reload SQL Injection Attempt -- badword.asp UPDATE
2007283	ET WEB_SPECIFIC_APPS Ultimate Survey Pro SQL Injection Attempt -- index.asp cat SELECT
2007200	ET WEB_SPECIFIC_APPS Ultimate Survey Pro SQL Injection Attempt -- index.asp cat UNION SELECT
2007201	ET WEB_SPECIFIC_APPS Ultimate Survey Pro SQL Injection Attempt -- index.asp cat INSERT
2007202	ET WEB_SPECIFIC_APPS Ultimate Survey Pro SQL Injection Attempt -- index.asp cat DELETE
2007203	ET WEB_SPECIFIC_APPS Ultimate Survey Pro SQL Injection Attempt -- index.asp cat ASCII
2007204	ET WEB_SPECIFIC_APPS Ultimate Survey Pro SQL Injection Attempt -- index.asp cat UPDATE
2007205	ET WEB_SPECIFIC_APPS Ultimate Survey Pro SQL Injection Attempt -- index.asp did SELECT
2007206	ET WEB_SPECIFIC_APPS Ultimate Survey Pro SQL Injection Attempt -- index.asp did UNION SELECT
2007207	ET WEB_SPECIFIC_APPS Ultimate Survey Pro SQL Injection Attempt -- index.asp did INSERT
2007208	ET WEB_SPECIFIC_APPS Ultimate Survey Pro SQL Injection Attempt -- index.asp did DELETE
2007209	ET WEB_SPECIFIC_APPS Ultimate Survey Pro SQL Injection Attempt -- index.asp did ASCII
2007210	ET WEB_SPECIFIC_APPS Ultimate Survey Pro SQL Injection Attempt -- index.asp did UPDATE
2005669	ET WEB_SPECIFIC_APPS VP-ASP Shopping Cart SQL Injection Attempt -- shopgiftregsearch.asp LoginLastname SELECT
2005670	ET WEB_SPECIFIC_APPS VP-ASP Shopping Cart SQL Injection Attempt -- shopgiftregsearch.asp LoginLastname UNION SELECT
2005671	ET WEB_SPECIFIC_APPS VP-ASP Shopping Cart SQL Injection Attempt -- shopgiftregsearch.asp LoginLastname INSERT
2005672	ET WEB_SPECIFIC_APPS VP-ASP Shopping Cart SQL Injection Attempt -- shopgiftregsearch.asp LoginLastname DELETE
2005673	ET WEB_SPECIFIC_APPS VP-ASP Shopping Cart SQL Injection Attempt -- shopgiftregsearch.asp LoginLastname ASCII
2005674	ET WEB_SPECIFIC_APPS VP-ASP Shopping Cart SQL Injection Attempt -- shopgiftregsearch.asp LoginLastname UPDATE
2006603	ET WEB_SPECIFIC_APPS Vt-Forum Lite SQL Injection Attempt -- vf_memberdetail.asp user SELECT
2006604	ET WEB_SPECIFIC_APPS Vt-Forum Lite SQL Injection Attempt -- vf_memberdetail.asp user UNION SELECT
2006605	ET WEB_SPECIFIC_APPS Vt-Forum Lite SQL Injection Attempt -- vf_memberdetail.asp user INSERT
2006606	ET WEB_SPECIFIC_APPS Vt-Forum Lite SQL Injection Attempt -- vf_memberdetail.asp user DELETE
2006607	ET WEB_SPECIFIC_APPS Vt-Forum Lite SQL Injection Attempt -- vf_memberdetail.asp user ASCII
2006608	ET WEB_SPECIFIC_APPS Vt-Forum Lite SQL Injection Attempt -- vf_memberdetail.asp user UPDATE
2006279	ET WEB_SPECIFIC_APPS VerliAdmin SQL Injection Attempt -- repass.php nick_mod SELECT
2006280	ET WEB_SPECIFIC_APPS VerliAdmin SQL Injection Attempt -- repass.php nick_mod UNION SELECT
2006281	ET WEB_SPECIFIC_APPS VerliAdmin SQL Injection Attempt -- repass.php nick_mod INSERT
2006282	ET WEB_SPECIFIC_APPS VerliAdmin SQL Injection Attempt -- repass.php nick_mod DELETE
2006283	ET WEB_SPECIFIC_APPS VerliAdmin SQL Injection Attempt -- repass.php nick_mod ASCII
2006284	ET WEB_SPECIFIC_APPS VerliAdmin SQL Injection Attempt -- repass.php nick_mod UPDATE
2006285	ET WEB_SPECIFIC_APPS VerliAdmin SQL Injection Attempt -- repass.php nick SELECT
2006286	ET WEB_SPECIFIC_APPS VerliAdmin SQL Injection Attempt -- repass.php nick UNION SELECT
2006287	ET WEB_SPECIFIC_APPS VerliAdmin SQL Injection Attempt -- repass.php nick INSERT
2006288	ET WEB_SPECIFIC_APPS VerliAdmin SQL Injection Attempt -- repass.php nick DELETE
2006289	ET WEB_SPECIFIC_APPS VerliAdmin SQL Injection Attempt -- repass.php nick ASCII
2006290	ET WEB_SPECIFIC_APPS VerliAdmin SQL Injection Attempt -- repass.php nick UPDATE
2006291	ET WEB_SPECIFIC_APPS VerliAdmin SQL Injection Attempt -- verify.php nick SELECT
2006292	ET WEB_SPECIFIC_APPS VerliAdmin SQL Injection Attempt -- verify.php nick UNION SELECT
2006293	ET WEB_SPECIFIC_APPS VerliAdmin SQL Injection Attempt -- verify.php nick INSERT
2006294	ET WEB_SPECIFIC_APPS VerliAdmin SQL Injection Attempt -- verify.php nick DELETE
2006295	ET WEB_SPECIFIC_APPS VerliAdmin SQL Injection Attempt -- verify.php nick ASCII
2006296	ET WEB_SPECIFIC_APPS VerliAdmin SQL Injection Attempt -- verify.php nick UPDATE
2006297	ET WEB_SPECIFIC_APPS VerliAdmin SQL Injection Attempt -- verify.php nick_mod SELECT
2006298	ET WEB_SPECIFIC_APPS VerliAdmin SQL Injection Attempt -- verify.php nick_mod UNION SELECT
2006299	ET WEB_SPECIFIC_APPS VerliAdmin SQL Injection Attempt -- verify.php nick_mod INSERT
2006300	ET WEB_SPECIFIC_APPS VerliAdmin SQL Injection Attempt -- verify.php nick_mod DELETE
2006301	ET WEB_SPECIFIC_APPS VerliAdmin SQL Injection Attempt -- verify.php nick_mod ASCII
2006302	ET WEB_SPECIFIC_APPS VerliAdmin SQL Injection Attempt -- verify.php nick_mod UPDATE
2005493	ET WEB_SPECIFIC_APPS Virtuemart SQL Injection Attempt -- virtuemart_parser.php Itemid SELECT
2005494	ET WEB_SPECIFIC_APPS Virtuemart SQL Injection Attempt -- virtuemart_parser.php Itemid UNION SELECT
2005495	ET WEB_SPECIFIC_APPS Virtuemart SQL Injection Attempt -- virtuemart_parser.php Itemid INSERT
2005496	ET WEB_SPECIFIC_APPS Virtuemart SQL Injection Attempt -- virtuemart_parser.php Itemid DELETE
2005497	ET WEB_SPECIFIC_APPS Virtuemart SQL Injection Attempt -- virtuemart_parser.php Itemid ASCII
2005498	ET WEB_SPECIFIC_APPS Virtuemart SQL Injection Attempt -- virtuemart_parser.php Itemid UPDATE
2005499	ET WEB_SPECIFIC_APPS Virtuemart SQL Injection Attempt -- virtuemart_parser.php product_id SELECT
2005500	ET WEB_SPECIFIC_APPS Virtuemart SQL Injection Attempt -- virtuemart_parser.php product_id UNION SELECT
2005501	ET WEB_SPECIFIC_APPS Virtuemart SQL Injection Attempt -- virtuemart_parser.php product_id INSERT
2005502	ET WEB_SPECIFIC_APPS Virtuemart SQL Injection Attempt -- virtuemart_parser.php product_id DELETE
2005503	ET WEB_SPECIFIC_APPS Virtuemart SQL Injection Attempt -- virtuemart_parser.php product_id ASCII
2005504	ET WEB_SPECIFIC_APPS Virtuemart SQL Injection Attempt -- virtuemart_parser.php product_id UPDATE
2005505	ET WEB_SPECIFIC_APPS Virtuemart SQL Injection Attempt -- virtuemart_parser.php category_id SELECT
2005506	ET WEB_SPECIFIC_APPS Virtuemart SQL Injection Attempt -- virtuemart_parser.php category_id UNION SELECT
2005507	ET WEB_SPECIFIC_APPS Virtuemart SQL Injection Attempt -- virtuemart_parser.php category_id INSERT
2005508	ET WEB_SPECIFIC_APPS Virtuemart SQL Injection Attempt -- virtuemart_parser.php category_id DELETE
2005509	ET WEB_SPECIFIC_APPS Virtuemart SQL Injection Attempt -- virtuemart_parser.php category_id ASCII
2005510	ET WEB_SPECIFIC_APPS Virtuemart SQL Injection Attempt -- virtuemart_parser.php category_id UPDATE
2005889	ET WEB_SPECIFIC_APPS Vizayn Haber SQL Injection Attempt -- haberdetay.asp id SELECT
2005890	ET WEB_SPECIFIC_APPS Vizayn Haber SQL Injection Attempt -- haberdetay.asp id UNION SELECT
2005891	ET WEB_SPECIFIC_APPS Vizayn Haber SQL Injection Attempt -- haberdetay.asp id INSERT
2005892	ET WEB_SPECIFIC_APPS Vizayn Haber SQL Injection Attempt -- haberdetay.asp id DELETE
2005893	ET WEB_SPECIFIC_APPS Vizayn Haber SQL Injection Attempt -- haberdetay.asp id ASCII
2005894	ET WEB_SPECIFIC_APPS Vizayn Haber SQL Injection Attempt -- haberdetay.asp id UPDATE
2007416	ET WEB_SPECIFIC_APPS vSpin.net Classified System SQL Injection Attempt -- cat.asp cat SELECT
2007417	ET WEB_SPECIFIC_APPS vSpin.net Classified System SQL Injection Attempt -- cat.asp cat UNION SELECT
2007418	ET WEB_SPECIFIC_APPS vSpin.net Classified System SQL Injection Attempt -- cat.asp cat INSERT
2007419	ET WEB_SPECIFIC_APPS vSpin.net Classified System SQL Injection Attempt -- cat.asp cat DELETE
2007420	ET WEB_SPECIFIC_APPS vSpin.net Classified System SQL Injection Attempt -- cat.asp cat ASCII
2007421	ET WEB_SPECIFIC_APPS vSpin.net Classified System SQL Injection Attempt -- cat.asp cat UPDATE
2007422	ET WEB_SPECIFIC_APPS vSpin.net Classified System SQL Injection Attempt -- search.asp keyword SELECT
2007423	ET WEB_SPECIFIC_APPS vSpin.net Classified System SQL Injection Attempt -- search.asp keyword UNION SELECT
2007424	ET WEB_SPECIFIC_APPS vSpin.net Classified System SQL Injection Attempt -- search.asp keyword INSERT
2007425	ET WEB_SPECIFIC_APPS vSpin.net Classified System SQL Injection Attempt -- search.asp keyword DELETE
2007426	ET WEB_SPECIFIC_APPS vSpin.net Classified System SQL Injection Attempt -- search.asp keyword ASCII
2007427	ET WEB_SPECIFIC_APPS vSpin.net Classified System SQL Injection Attempt -- search.asp keyword UPDATE
2007428	ET WEB_SPECIFIC_APPS vSpin.net Classified System SQL Injection Attempt -- search.asp order SELECT
2007429	ET WEB_SPECIFIC_APPS vSpin.net Classified System SQL Injection Attempt -- search.asp order UNION SELECT
2007430	ET WEB_SPECIFIC_APPS vSpin.net Classified System SQL Injection Attempt -- search.asp order INSERT
2007431	ET WEB_SPECIFIC_APPS vSpin.net Classified System SQL Injection Attempt -- search.asp order DELETE
2007432	ET WEB_SPECIFIC_APPS vSpin.net Classified System SQL Injection Attempt -- search.asp order ASCII
2007433	ET WEB_SPECIFIC_APPS vSpin.net Classified System SQL Injection Attempt -- search.asp order UPDATE
2007434	ET WEB_SPECIFIC_APPS vSpin.net Classified System SQL Injection Attempt -- search.asp sort SELECT
2007435	ET WEB_SPECIFIC_APPS vSpin.net Classified System SQL Injection Attempt -- search.asp sort UNION SELECT
2007436	ET WEB_SPECIFIC_APPS vSpin.net Classified System SQL Injection Attempt -- search.asp sort INSERT
2007437	ET WEB_SPECIFIC_APPS vSpin.net Classified System SQL Injection Attempt -- search.asp sort DELETE
2007438	ET WEB_SPECIFIC_APPS vSpin.net Classified System SQL Injection Attempt -- search.asp sort ASCII
2007439	ET WEB_SPECIFIC_APPS vSpin.net Classified System SQL Injection Attempt -- search.asp sort UPDATE
2007440	ET WEB_SPECIFIC_APPS vSpin.net Classified System SQL Injection Attempt -- search.asp menuSelect SELECT
2007441	ET WEB_SPECIFIC_APPS vSpin.net Classified System SQL Injection Attempt -- search.asp menuSelect UNION SELECT
2007442	ET WEB_SPECIFIC_APPS vSpin.net Classified System SQL Injection Attempt -- search.asp menuSelect INSERT
2007443	ET WEB_SPECIFIC_APPS vSpin.net Classified System SQL Injection Attempt -- search.asp menuSelect DELETE
2007444	ET WEB_SPECIFIC_APPS vSpin.net Classified System SQL Injection Attempt -- search.asp menuSelect ASCII
2007445	ET WEB_SPECIFIC_APPS vSpin.net Classified System SQL Injection Attempt -- search.asp menuSelect UPDATE
2007446	ET WEB_SPECIFIC_APPS vSpin.net Classified System SQL Injection Attempt -- search.asp state SELECT
2007447	ET WEB_SPECIFIC_APPS vSpin.net Classified System SQL Injection Attempt -- search.asp state UNION SELECT
2007448	ET WEB_SPECIFIC_APPS vSpin.net Classified System SQL Injection Attempt -- search.asp state INSERT
2007449	ET WEB_SPECIFIC_APPS vSpin.net Classified System SQL Injection Attempt -- search.asp state DELETE
2007450	ET WEB_SPECIFIC_APPS vSpin.net Classified System SQL Injection Attempt -- search.asp state ASCII
2007451	ET WEB_SPECIFIC_APPS vSpin.net Classified System SQL Injection Attempt -- search.asp state UPDATE
2004128	ET WEB_SPECIFIC_APPS w-Agora SQL Injection Attempt -- search.php search_forum SELECT
2004129	ET WEB_SPECIFIC_APPS w-Agora SQL Injection Attempt -- search.php search_forum UNION SELECT
2004130	ET WEB_SPECIFIC_APPS w-Agora SQL Injection Attempt -- search.php search_forum INSERT
2004131	ET WEB_SPECIFIC_APPS w-Agora SQL Injection Attempt -- search.php search_forum DELETE
2006975	ET WEB_SPECIFIC_APPS Wallpaper Complete Website SQL Injection Attempt -- process.php login SELECT
2006976	ET WEB_SPECIFIC_APPS Wallpaper Complete Website SQL Injection Attempt -- process.php login UNION SELECT
2006977	ET WEB_SPECIFIC_APPS Wallpaper Complete Website SQL Injection Attempt -- process.php login INSERT
2006979	ET WEB_SPECIFIC_APPS Wallpaper Complete Website SQL Injection Attempt -- process.php login ASCII
2006980	ET WEB_SPECIFIC_APPS Wallpaper Complete Website SQL Injection Attempt -- process.php login UPDATE
2006981	ET WEB_SPECIFIC_APPS Wallpaper Complete Website SQL Injection Attempt -- process.php password SELECT
2006982	ET WEB_SPECIFIC_APPS Wallpaper Complete Website SQL Injection Attempt -- process.php password UNION SELECT
2006983	ET WEB_SPECIFIC_APPS Wallpaper Complete Website SQL Injection Attempt -- process.php password INSERT
2006984	ET WEB_SPECIFIC_APPS Wallpaper Complete Website SQL Injection Attempt -- process.php password DELETE
2006985	ET WEB_SPECIFIC_APPS Wallpaper Complete Website SQL Injection Attempt -- process.php password ASCII
2006986	ET WEB_SPECIFIC_APPS Wallpaper Complete Website SQL Injection Attempt -- process.php password UPDATE
2006987	ET WEB_SPECIFIC_APPS Wallpaper Complete Website SQL Injection Attempt -- dlwallpaper.php wallpaperid SELECT
2006988	ET WEB_SPECIFIC_APPS Wallpaper Complete Website SQL Injection Attempt -- dlwallpaper.php wallpaperid UNION SELECT
2006989	ET WEB_SPECIFIC_APPS Wallpaper Complete Website SQL Injection Attempt -- dlwallpaper.php wallpaperid INSERT
2006990	ET WEB_SPECIFIC_APPS Wallpaper Complete Website SQL Injection Attempt -- dlwallpaper.php wallpaperid DELETE
2006991	ET WEB_SPECIFIC_APPS Wallpaper Complete Website SQL Injection Attempt -- dlwallpaper.php wallpaperid ASCII
2006992	ET WEB_SPECIFIC_APPS Wallpaper Complete Website SQL Injection Attempt -- dlwallpaper.php wallpaperid UPDATE
2006993	ET WEB_SPECIFIC_APPS Wallpaper Complete Website SQL Injection Attempt -- wallpaper.php wallpaperid SELECT
2006994	ET WEB_SPECIFIC_APPS Wallpaper Complete Website SQL Injection Attempt -- wallpaper.php wallpaperid UNION SELECT
2006995	ET WEB_SPECIFIC_APPS Wallpaper Complete Website SQL Injection Attempt -- wallpaper.php wallpaperid INSERT
2006996	ET WEB_SPECIFIC_APPS Wallpaper Complete Website SQL Injection Attempt -- wallpaper.php wallpaperid DELETE
2006997	ET WEB_SPECIFIC_APPS Wallpaper Complete Website SQL Injection Attempt -- wallpaper.php wallpaperid ASCII
2006998	ET WEB_SPECIFIC_APPS Wallpaper Complete Website SQL Injection Attempt -- wallpaper.php wallpaperid UPDATE
2007070	ET WEB_SPECIFIC_APPS WarHound General Shopping Cart SQL Injection Attempt -- item.asp ItemID SELECT
2007071	ET WEB_SPECIFIC_APPS WarHound General Shopping Cart SQL Injection Attempt -- item.asp ItemID UNION SELECT
2007072	ET WEB_SPECIFIC_APPS WarHound General Shopping Cart SQL Injection Attempt -- item.asp ItemID INSERT
2007073	ET WEB_SPECIFIC_APPS WarHound General Shopping Cart SQL Injection Attempt -- item.asp ItemID DELETE
2007074	ET WEB_SPECIFIC_APPS WarHound General Shopping Cart SQL Injection Attempt -- item.asp ItemID ASCII
2007075	ET WEB_SPECIFIC_APPS WarHound General Shopping Cart SQL Injection Attempt -- item.asp ItemID UPDATE
2004760	ET WEB_SPECIFIC_APPS WebMplayer SQL Injection Attempt -- filecheck.php id SELECT
2004761	ET WEB_SPECIFIC_APPS WebMplayer SQL Injection Attempt -- filecheck.php id UNION SELECT
2004762	ET WEB_SPECIFIC_APPS WebMplayer SQL Injection Attempt -- filecheck.php id INSERT
2004763	ET WEB_SPECIFIC_APPS WebMplayer SQL Injection Attempt -- filecheck.php id DELETE
2004764	ET WEB_SPECIFIC_APPS WebMplayer SQL Injection Attempt -- filecheck.php id ASCII
2004765	ET WEB_SPECIFIC_APPS WebMplayer SQL Injection Attempt -- filecheck.php id UPDATE
2004911	ET WEB_SPECIFIC_APPS WebTester SQL Injection Attempt -- directions.php testID SELECT
2004912	ET WEB_SPECIFIC_APPS WebTester SQL Injection Attempt -- directions.php testID UNION SELECT
2004913	ET WEB_SPECIFIC_APPS WebTester SQL Injection Attempt -- directions.php testID INSERT
2004914	ET WEB_SPECIFIC_APPS WebTester SQL Injection Attempt -- directions.php testID DELETE
2004915	ET WEB_SPECIFIC_APPS WebTester SQL Injection Attempt -- directions.php testID ASCII
2004916	ET WEB_SPECIFIC_APPS WebTester SQL Injection Attempt -- directions.php testID UPDATE
2004772	ET WEB_SPECIFIC_APPS Ban SQL Injection Attempt -- connexion.php id SELECT
2004773	ET WEB_SPECIFIC_APPS Ban SQL Injection Attempt -- connexion.php id UNION SELECT
2004774	ET WEB_SPECIFIC_APPS Ban SQL Injection Attempt -- connexion.php id INSERT
2004775	ET WEB_SPECIFIC_APPS Ban SQL Injection Attempt -- connexion.php id DELETE
2004776	ET WEB_SPECIFIC_APPS Ban SQL Injection Attempt -- connexion.php id ASCII
2004778	ET WEB_SPECIFIC_APPS Ban SQL Injection Attempt -- connexion.php id UPDATE
2004224	ET WEB_SPECIFIC_APPS Web Wiz Forums SQL Injection Attempt -- functions_filters.asp SELECT
2004225	ET WEB_SPECIFIC_APPS Web Wiz Forums SQL Injection Attempt -- functions_filters.asp UNION SELECT
2004226	ET WEB_SPECIFIC_APPS Web Wiz Forums SQL Injection Attempt -- functions_filters.asp INSERT
2004227	ET WEB_SPECIFIC_APPS Web Wiz Forums SQL Injection Attempt -- functions_filters.asp DELETE
2004228	ET WEB_SPECIFIC_APPS Web Wiz Forums SQL Injection Attempt -- functions_filters.asp ASCII
2004229	ET WEB_SPECIFIC_APPS Web Wiz Forums SQL Injection Attempt -- functions_filters.asp UPDATE
2004230	ET WEB_SPECIFIC_APPS Web Wiz Forums SQL Injection Attempt -- pop_up_member_search.asp name SELECT
2004231	ET WEB_SPECIFIC_APPS Web Wiz Forums SQL Injection Attempt -- pop_up_member_search.asp name UNION SELECT
2004232	ET WEB_SPECIFIC_APPS Web Wiz Forums SQL Injection Attempt -- pop_up_member_search.asp name INSERT
2004233	ET WEB_SPECIFIC_APPS Web Wiz Forums SQL Injection Attempt -- pop_up_member_search.asp name DELETE
2004439	ET WEB_SPECIFIC_APPS Web Wiz Forums SQL Injection Attempt -- pop_up_member_search.asp name ASCII
2004234	ET WEB_SPECIFIC_APPS Web Wiz Forums SQL Injection Attempt -- pop_up_member_search.asp name UPDATE
2004235	ET WEB_SPECIFIC_APPS Web Wiz Forums SQL Injection Attempt -- page.asp NewsID SELECT
2004236	ET WEB_SPECIFIC_APPS Web Wiz Forums SQL Injection Attempt -- page.asp NewsID UNION SELECT
2004237	ET WEB_SPECIFIC_APPS Web Wiz Forums SQL Injection Attempt -- page.asp NewsID INSERT
2004238	ET WEB_SPECIFIC_APPS Web Wiz Forums SQL Injection Attempt -- page.asp NewsID DELETE
2004239	ET WEB_SPECIFIC_APPS Web Wiz Forums SQL Injection Attempt -- page.asp NewsID ASCII
2004240	ET WEB_SPECIFIC_APPS Web Wiz Forums SQL Injection Attempt -- page.asp NewsID UPDATE
2005227	ET WEB_SPECIFIC_APPS Website Baker SQL Injection Attempt -- eWebQuiz.asp QuizID SELECT
2005228	ET WEB_SPECIFIC_APPS Website Baker SQL Injection Attempt -- eWebQuiz.asp QuizID UNION SELECT
2005229	ET WEB_SPECIFIC_APPS Website Baker SQL Injection Attempt -- eWebQuiz.asp QuizID INSERT
2005230	ET WEB_SPECIFIC_APPS Website Baker SQL Injection Attempt -- eWebQuiz.asp QuizID DELETE
2005231	ET WEB_SPECIFIC_APPS Website Baker SQL Injection Attempt -- eWebQuiz.asp QuizID ASCII
2005232	ET WEB_SPECIFIC_APPS Website Baker SQL Injection Attempt -- eWebQuiz.asp QuizID UPDATE
2004140	ET WEB_SPECIFIC_APPS Weekly Drawing Contest SQL Injection Attempt -- check_vote.php order SELECT
2004141	ET WEB_SPECIFIC_APPS Weekly Drawing Contest SQL Injection Attempt -- check_vote.php order UNION SELECT
2004142	ET WEB_SPECIFIC_APPS Weekly Drawing Contest SQL Injection Attempt -- check_vote.php order INSERT
2004143	ET WEB_SPECIFIC_APPS Weekly Drawing Contest SQL Injection Attempt -- check_vote.php order DELETE
2004144	ET WEB_SPECIFIC_APPS Weekly Drawing Contest SQL Injection Attempt -- check_vote.php order ASCII
2004145	ET WEB_SPECIFIC_APPS Weekly Drawing Contest SQL Injection Attempt -- check_vote.php order UPDATE
2004247	ET WEB_SPECIFIC_APPS Woltlab Burning Board SQL Injection Attempt -- usergroups.php SELECT
2004248	ET WEB_SPECIFIC_APPS Woltlab Burning Board SQL Injection Attempt -- usergroups.php UNION SELECT
2004249	ET WEB_SPECIFIC_APPS Woltlab Burning Board SQL Injection Attempt -- usergroups.php INSERT
2004250	ET WEB_SPECIFIC_APPS Woltlab Burning Board SQL Injection Attempt -- usergroups.php DELETE
2004251	ET WEB_SPECIFIC_APPS Woltlab Burning Board SQL Injection Attempt -- usergroups.php ASCII
2004252	ET WEB_SPECIFIC_APPS Woltlab Burning Board SQL Injection Attempt -- usergroups.php UPDATE
2004997	ET WEB_SPECIFIC_APPS Woltlab Burning Board (wBB) Lite SQL Injection Attempt -- pms.php pmid SELECT
2004998	ET WEB_SPECIFIC_APPS Woltlab Burning Board (wBB) Lite SQL Injection Attempt -- pms.php pmid UNION SELECT
2004999	ET WEB_SPECIFIC_APPS Woltlab Burning Board (wBB) Lite SQL Injection Attempt -- pms.php pmid INSERT
2005000	ET WEB_SPECIFIC_APPS Woltlab Burning Board (wBB) Lite SQL Injection Attempt -- pms.php pmid DELETE
2005001	ET WEB_SPECIFIC_APPS Woltlab Burning Board (wBB) Lite SQL Injection Attempt -- pms.php pmid ASCII
2005002	ET WEB_SPECIFIC_APPS Woltlab Burning Board (wBB) Lite SQL Injection Attempt -- pms.php pmid UPDATE
2005280	ET WEB_SPECIFIC_APPS Woltlab Burning Board (wBB) SQL Injection Attempt -- search.php boardids SELECT
2005281	ET WEB_SPECIFIC_APPS Woltlab Burning Board (wBB) SQL Injection Attempt -- search.php boardids UNION SELECT
2005282	ET WEB_SPECIFIC_APPS Woltlab Burning Board (wBB) SQL Injection Attempt -- search.php boardids INSERT
2005283	ET WEB_SPECIFIC_APPS Woltlab Burning Board (wBB) SQL Injection Attempt -- search.php boardids DELETE
2005284	ET WEB_SPECIFIC_APPS Woltlab Burning Board (wBB) SQL Injection Attempt -- search.php boardids ASCII
2005285	ET WEB_SPECIFIC_APPS Woltlab Burning Board (wBB) SQL Injection Attempt -- search.php boardids UPDATE
2005286	ET WEB_SPECIFIC_APPS Woltlab Burning Board (wBB) SQL Injection Attempt -- search.php board SELECT
2005287	ET WEB_SPECIFIC_APPS Woltlab Burning Board (wBB) SQL Injection Attempt -- search.php board UNION SELECT
2005288	ET WEB_SPECIFIC_APPS Woltlab Burning Board (wBB) SQL Injection Attempt -- search.php board INSERT
2005289	ET WEB_SPECIFIC_APPS Woltlab Burning Board (wBB) SQL Injection Attempt -- search.php board DELETE
2005290	ET WEB_SPECIFIC_APPS Woltlab Burning Board (wBB) SQL Injection Attempt -- search.php board ASCII
2005291	ET WEB_SPECIFIC_APPS Woltlab Burning Board (wBB) SQL Injection Attempt -- search.php board UPDATE
2006921	ET WEB_SPECIFIC_APPS Woltlab Burning Board Lite SQL Injection Attempt -- thread.php threadvisit SELECT
2006922	ET WEB_SPECIFIC_APPS Woltlab Burning Board Lite SQL Injection Attempt -- thread.php threadvisit UNION SELECT
2006923	ET WEB_SPECIFIC_APPS Woltlab Burning Board Lite SQL Injection Attempt -- thread.php threadvisit INSERT
2006924	ET WEB_SPECIFIC_APPS Woltlab Burning Board Lite SQL Injection Attempt -- thread.php threadvisit DELETE
2006925	ET WEB_SPECIFIC_APPS Woltlab Burning Board Lite SQL Injection Attempt -- thread.php threadvisit ASCII
2006926	ET WEB_SPECIFIC_APPS Woltlab Burning Board Lite SQL Injection Attempt -- thread.php threadvisit UPDATE
2004403	ET WEB_SPECIFIC_APPS WordPress SQL Injection Attempt -- admin-functions.php SELECT
2004404	ET WEB_SPECIFIC_APPS WordPress SQL Injection Attempt -- admin-functions.php UNION SELECT
2004405	ET WEB_SPECIFIC_APPS WordPress SQL Injection Attempt -- admin-functions.php INSERT
2004406	ET WEB_SPECIFIC_APPS WordPress SQL Injection Attempt -- admin-functions.php DELETE
2004407	ET WEB_SPECIFIC_APPS WordPress SQL Injection Attempt -- admin-functions.php ASCII
2004408	ET WEB_SPECIFIC_APPS WordPress SQL Injection Attempt -- admin-functions.php UPDATE
2004654	ET WEB_SPECIFIC_APPS Wordpress 2.2 SQL Injection Attempt -- xmlrpc.php SELECT
2004655	ET WEB_SPECIFIC_APPS Wordpress 2.2 SQL Injection Attempt -- xmlrpc.php UNION SELECT
2004656	ET WEB_SPECIFIC_APPS Wordpress 2.2 SQL Injection Attempt -- xmlrpc.php INSERT
2004657	ET WEB_SPECIFIC_APPS Wordpress 2.2 SQL Injection Attempt -- xmlrpc.php DELETE
2004658	ET WEB_SPECIFIC_APPS Wordpress 2.2 SQL Injection Attempt -- xmlrpc.php ASCII
2004659	ET WEB_SPECIFIC_APPS Wordpress 2.2 SQL Injection Attempt -- xmlrpc.php UPDATE
2005657	ET WEB_SPECIFIC_APPS WordPress SQL Injection Attempt -- wp-trackback.php SELECT
2005658	ET WEB_SPECIFIC_APPS WordPress SQL Injection Attempt -- wp-trackback.php UNION SELECT
2005659	ET WEB_SPECIFIC_APPS WordPress SQL Injection Attempt -- wp-trackback.php INSERT
2005660	ET WEB_SPECIFIC_APPS WordPress SQL Injection Attempt -- wp-trackback.php DELETE
2005661	ET WEB_SPECIFIC_APPS WordPress SQL Injection Attempt -- wp-trackback.php ASCII
2005662	ET WEB_SPECIFIC_APPS WordPress SQL Injection Attempt -- wp-trackback.php UPDATE
2011044	ET WEB_SPECIFIC_APPS WordPress Copperleaf Photolog postid Parameter SELECT FROM SQL Injection Attempt
2011045	ET WEB_SPECIFIC_APPS WordPress Copperleaf Photolog postid Parameter DELETE FROM SQL Injection Attempt
2011071	ET WEB_SPECIFIC_APPS WordPress Copperleaf Photolog postid Parameter UNION SELECT SQL Injection Attempt
2011046	ET WEB_SPECIFIC_APPS WordPress Copperleaf Photolog postid Parameter INSERT INTO SQL Injection Attempt
2011047	ET WEB_SPECIFIC_APPS WordPress Copperleaf Photolog postid Parameter UPDATE SET SQL Injection Attempt
2004343	ET WEB_SPECIFIC_APPS X-Ice News System SQL Injection Attempt -- devami.asp id SELECT
2004344	ET WEB_SPECIFIC_APPS X-Ice News System SQL Injection Attempt -- devami.asp id UNION SELECT
2004345	ET WEB_SPECIFIC_APPS X-Ice News System SQL Injection Attempt -- devami.asp id INSERT
2004346	ET WEB_SPECIFIC_APPS X-Ice News System SQL Injection Attempt -- devami.asp id DELETE
2004347	ET WEB_SPECIFIC_APPS X-Ice News System SQL Injection Attempt -- devami.asp id ASCII
2004348	ET WEB_SPECIFIC_APPS X-Ice News System SQL Injection Attempt -- devami.asp id UPDATE
2005117	ET WEB_SPECIFIC_APPS X-dev xNews SQL Injection Attempt -- class.news.php id SELECT
2005118	ET WEB_SPECIFIC_APPS X-dev xNews SQL Injection Attempt -- class.news.php id UNION SELECT
2005119	ET WEB_SPECIFIC_APPS X-dev xNews SQL Injection Attempt -- class.news.php id INSERT
2005120	ET WEB_SPECIFIC_APPS X-dev xNews SQL Injection Attempt -- class.news.php id DELETE
2005121	ET WEB_SPECIFIC_APPS X-dev xNews SQL Injection Attempt -- class.news.php id ASCII
2005122	ET WEB_SPECIFIC_APPS X-dev xNews SQL Injection Attempt -- class.news.php id UPDATE
2005123	ET WEB_SPECIFIC_APPS X-dev xNews SQL Injection Attempt -- class.news.php from SELECT
2005124	ET WEB_SPECIFIC_APPS X-dev xNews SQL Injection Attempt -- class.news.php from UNION SELECT
2005125	ET WEB_SPECIFIC_APPS X-dev xNews SQL Injection Attempt -- class.news.php from INSERT
2005126	ET WEB_SPECIFIC_APPS X-dev xNews SQL Injection Attempt -- class.news.php from DELETE
2005127	ET WEB_SPECIFIC_APPS X-dev xNews SQL Injection Attempt -- class.news.php from ASCII
2005128	ET WEB_SPECIFIC_APPS X-dev xNews SQL Injection Attempt -- class.news.php from UPDATE
2005129	ET WEB_SPECIFIC_APPS X-dev xNews SQL Injection Attempt -- class.news.php q SELECT
2005130	ET WEB_SPECIFIC_APPS X-dev xNews SQL Injection Attempt -- class.news.php q UNION SELECT
2005131	ET WEB_SPECIFIC_APPS X-dev xNews SQL Injection Attempt -- class.news.php q INSERT
2005132	ET WEB_SPECIFIC_APPS X-dev xNews SQL Injection Attempt -- class.news.php q DELETE
2005133	ET WEB_SPECIFIC_APPS X-dev xNews SQL Injection Attempt -- class.news.php q ASCII
2005134	ET WEB_SPECIFIC_APPS X-dev xNews SQL Injection Attempt -- class.news.php q UPDATE
2004857	ET WEB_SPECIFIC_APPS XLAtunes SQL Injection Attempt -- view.php album SELECT
2004858	ET WEB_SPECIFIC_APPS XLAtunes SQL Injection Attempt -- view.php album UNION SELECT
2004859	ET WEB_SPECIFIC_APPS XLAtunes SQL Injection Attempt -- view.php album INSERT
2004860	ET WEB_SPECIFIC_APPS XLAtunes SQL Injection Attempt -- view.php album DELETE
2004861	ET WEB_SPECIFIC_APPS XLAtunes SQL Injection Attempt -- view.php album ASCII
2004862	ET WEB_SPECIFIC_APPS XLAtunes SQL Injection Attempt -- view.php album UPDATE
2005378	ET WEB_SPECIFIC_APPS Xoops SQL Injection Attempt -- group.php id SELECT
2005379	ET WEB_SPECIFIC_APPS Xoops SQL Injection Attempt -- group.php id UNION SELECT
2005380	ET WEB_SPECIFIC_APPS Xoops SQL Injection Attempt -- group.php id INSERT
2005381	ET WEB_SPECIFIC_APPS Xoops SQL Injection Attempt -- group.php id DELETE
2005382	ET WEB_SPECIFIC_APPS Xoops SQL Injection Attempt -- group.php id ASCII
2005383	ET WEB_SPECIFIC_APPS Xoops SQL Injection Attempt -- group.php id UPDATE
2005384	ET WEB_SPECIFIC_APPS Xoops SQL Injection Attempt -- table_broken.php lid SELECT
2005385	ET WEB_SPECIFIC_APPS Xoops SQL Injection Attempt -- table_broken.php lid UNION SELECT
2005386	ET WEB_SPECIFIC_APPS Xoops SQL Injection Attempt -- table_broken.php lid INSERT
2005387	ET WEB_SPECIFIC_APPS Xoops SQL Injection Attempt -- table_broken.php lid DELETE
2005388	ET WEB_SPECIFIC_APPS Xoops SQL Injection Attempt -- table_broken.php lid ASCII
2005389	ET WEB_SPECIFIC_APPS Xoops SQL Injection Attempt -- table_broken.php lid UPDATE
2006486	ET WEB_SPECIFIC_APPS Xoops SQL Injection Attempt -- print.php id SELECT
2006487	ET WEB_SPECIFIC_APPS Xoops SQL Injection Attempt -- print.php id UNION SELECT
2006488	ET WEB_SPECIFIC_APPS Xoops SQL Injection Attempt -- print.php id INSERT
2006489	ET WEB_SPECIFIC_APPS Xoops SQL Injection Attempt -- print.php id DELETE
2006490	ET WEB_SPECIFIC_APPS Xoops SQL Injection Attempt -- print.php id ASCII
2006491	ET WEB_SPECIFIC_APPS Xoops SQL Injection Attempt -- print.php id UPDATE
2010607	ET WEB_SPECIFIC_APPS XOOPS Module dictionary 2.0.18 (detail.php) SQL Injection Attempt
2006213	ET WEB_SPECIFIC_APPS Xt-News SQL Injection Attempt -- show_news.php id_news SELECT
2006214	ET WEB_SPECIFIC_APPS Xt-News SQL Injection Attempt -- show_news.php id_news UNION SELECT
2006215	ET WEB_SPECIFIC_APPS Xt-News SQL Injection Attempt -- show_news.php id_news INSERT
2006216	ET WEB_SPECIFIC_APPS Xt-News SQL Injection Attempt -- show_news.php id_news DELETE
2006217	ET WEB_SPECIFIC_APPS Xt-News SQL Injection Attempt -- show_news.php id_news ASCII
2006218	ET WEB_SPECIFIC_APPS Xt-News SQL Injection Attempt -- show_news.php id_news UPDATE
2005609	ET WEB_SPECIFIC_APPS Xtreme ASP Photo Gallery SQL Injection Attempt -- displaypic.asp sortorder SELECT
2005610	ET WEB_SPECIFIC_APPS Xtreme ASP Photo Gallery SQL Injection Attempt -- displaypic.asp sortorder UNION SELECT
2005611	ET WEB_SPECIFIC_APPS Xtreme ASP Photo Gallery SQL Injection Attempt -- displaypic.asp sortorder INSERT
2005612	ET WEB_SPECIFIC_APPS Xtreme ASP Photo Gallery SQL Injection Attempt -- displaypic.asp sortorder DELETE
2005613	ET WEB_SPECIFIC_APPS Xtreme ASP Photo Gallery SQL Injection Attempt -- displaypic.asp sortorder ASCII
2005614	ET WEB_SPECIFIC_APPS Xtreme ASP Photo Gallery SQL Injection Attempt -- displaypic.asp sortorder UPDATE
2005192	ET WEB_SPECIFIC_APPS Zindizayn Okul Web Sistemi SQL Injection Attempt -- mezungiris.asp id SELECT
2005193	ET WEB_SPECIFIC_APPS Zindizayn Okul Web Sistemi SQL Injection Attempt -- mezungiris.asp id UNION SELECT
2005194	ET WEB_SPECIFIC_APPS Zindizayn Okul Web Sistemi SQL Injection Attempt -- mezungiris.asp id INSERT
2005195	ET WEB_SPECIFIC_APPS Zindizayn Okul Web Sistemi SQL Injection Attempt -- mezungiris.asp id DELETE
2005196	ET WEB_SPECIFIC_APPS Zindizayn Okul Web Sistemi SQL Injection Attempt -- mezungiris.asp id ASCII
2005197	ET WEB_SPECIFIC_APPS Zindizayn Okul Web Sistemi SQL Injection Attempt -- mezungiris.asp id UPDATE
2005198	ET WEB_SPECIFIC_APPS Zindizayn Okul Web Sistemi SQL Injection Attempt -- mezungiris.asp pass SELECT
2005199	ET WEB_SPECIFIC_APPS Zindizayn Okul Web Sistemi SQL Injection Attempt -- mezungiris.asp pass UNION SELECT
2005200	ET WEB_SPECIFIC_APPS Zindizayn Okul Web Sistemi SQL Injection Attempt -- mezungiris.asp pass INSERT
2005201	ET WEB_SPECIFIC_APPS Zindizayn Okul Web Sistemi SQL Injection Attempt -- mezungiris.asp pass DELETE
2005202	ET WEB_SPECIFIC_APPS Zindizayn Okul Web Sistemi SQL Injection Attempt -- mezungiris.asp pass ASCII
2005203	ET WEB_SPECIFIC_APPS Zindizayn Okul Web Sistemi SQL Injection Attempt -- mezungiris.asp pass UPDATE
2005204	ET WEB_SPECIFIC_APPS Zindizayn Okul Web Sistemi SQL Injection Attempt -- ogretmenkontrol.asp pass SELECT
2005205	ET WEB_SPECIFIC_APPS Zindizayn Okul Web Sistemi SQL Injection Attempt -- ogretmenkontrol.asp pass UNION SELECT
2005206	ET WEB_SPECIFIC_APPS Zindizayn Okul Web Sistemi SQL Injection Attempt -- ogretmenkontrol.asp pass INSERT
2005207	ET WEB_SPECIFIC_APPS Zindizayn Okul Web Sistemi SQL Injection Attempt -- ogretmenkontrol.asp pass DELETE
2005208	ET WEB_SPECIFIC_APPS Zindizayn Okul Web Sistemi SQL Injection Attempt -- ogretmenkontrol.asp pass ASCII
2005209	ET WEB_SPECIFIC_APPS Zindizayn Okul Web Sistemi SQL Injection Attempt -- ogretmenkontrol.asp pass UPDATE
2005210	ET WEB_SPECIFIC_APPS Zindizayn Okul Web Sistemi SQL Injection Attempt -- ogretmenkontrol.asp id SELECT
2005211	ET WEB_SPECIFIC_APPS Zindizayn Okul Web Sistemi SQL Injection Attempt -- ogretmenkontrol.asp id UNION SELECT
2005212	ET WEB_SPECIFIC_APPS Zindizayn Okul Web Sistemi SQL Injection Attempt -- ogretmenkontrol.asp id INSERT
2005213	ET WEB_SPECIFIC_APPS Zindizayn Okul Web Sistemi SQL Injection Attempt -- ogretmenkontrol.asp id DELETE
2005214	ET WEB_SPECIFIC_APPS Zindizayn Okul Web Sistemi SQL Injection Attempt -- ogretmenkontrol.asp id ASCII
2005215	ET WEB_SPECIFIC_APPS Zindizayn Okul Web Sistemi SQL Injection Attempt -- ogretmenkontrol.asp id UPDATE
2005324	ET WEB_SPECIFIC_APPS bbPress SQL Injection Attempt -- formatting-functions.php SELECT
2005325	ET WEB_SPECIFIC_APPS bbPress SQL Injection Attempt -- formatting-functions.php UNION SELECT
2005326	ET WEB_SPECIFIC_APPS bbPress SQL Injection Attempt -- formatting-functions.php INSERT
2005327	ET WEB_SPECIFIC_APPS bbPress SQL Injection Attempt -- formatting-functions.php DELETE
2005328	ET WEB_SPECIFIC_APPS bbPress SQL Injection Attempt -- formatting-functions.php ASCII
2005329	ET WEB_SPECIFIC_APPS bbPress SQL Injection Attempt -- formatting-functions.php UPDATE
2008929	ET WEB_SPECIFIC_APPS bcoos adresses module viewcat.php cid Parameter SQL injection
2005766	ET WEB_SPECIFIC_APPS bitweaver SQL Injection Attempt -- edition.php tk SELECT
2005767	ET WEB_SPECIFIC_APPS bitweaver SQL Injection Attempt -- edition.php tk UNION SELECT
2005768	ET WEB_SPECIFIC_APPS bitweaver SQL Injection Attempt -- edition.php tk INSERT
2005769	ET WEB_SPECIFIC_APPS bitweaver SQL Injection Attempt -- edition.php tk DELETE
2005770	ET WEB_SPECIFIC_APPS bitweaver SQL Injection Attempt -- edition.php tk ASCII
2005771	ET WEB_SPECIFIC_APPS bitweaver SQL Injection Attempt -- edition.php tk UPDATE
2006171	ET WEB_SPECIFIC_APPS chatwm SQL Injection Attempt -- SelGruFra.asp txtUse SELECT
2006172	ET WEB_SPECIFIC_APPS chatwm SQL Injection Attempt -- SelGruFra.asp txtUse UNION SELECT
2006173	ET WEB_SPECIFIC_APPS chatwm SQL Injection Attempt -- SelGruFra.asp txtUse INSERT
2006174	ET WEB_SPECIFIC_APPS chatwm SQL Injection Attempt -- SelGruFra.asp txtUse DELETE
2006175	ET WEB_SPECIFIC_APPS chatwm SQL Injection Attempt -- SelGruFra.asp txtUse ASCII
2006176	ET WEB_SPECIFIC_APPS chatwm SQL Injection Attempt -- SelGruFra.asp txtUse UPDATE
2006177	ET WEB_SPECIFIC_APPS chatwm SQL Injection Attempt -- SelGruFra.asp txtPas SELECT
2006178	ET WEB_SPECIFIC_APPS chatwm SQL Injection Attempt -- SelGruFra.asp txtPas UNION SELECT
2006179	ET WEB_SPECIFIC_APPS chatwm SQL Injection Attempt -- SelGruFra.asp txtPas INSERT
2006180	ET WEB_SPECIFIC_APPS chatwm SQL Injection Attempt -- SelGruFra.asp txtPas DELETE
2006181	ET WEB_SPECIFIC_APPS chatwm SQL Injection Attempt -- SelGruFra.asp txtPas ASCII
2006182	ET WEB_SPECIFIC_APPS chatwm SQL Injection Attempt -- SelGruFra.asp txtPas UPDATE
2004053	ET WEB_SPECIFIC_APPS cpCommerce SQL Injection Attempt -- category.php id_category SELECT
2004054	ET WEB_SPECIFIC_APPS cpCommerce SQL Injection Attempt -- category.php id_category UNION SELECT
2004055	ET WEB_SPECIFIC_APPS cpCommerce SQL Injection Attempt -- category.php id_category INSERT
2004056	ET WEB_SPECIFIC_APPS cpCommerce SQL Injection Attempt -- category.php id_category DELETE
2004057	ET WEB_SPECIFIC_APPS cpCommerce SQL Injection Attempt -- category.php id_category ASCII
2004058	ET WEB_SPECIFIC_APPS cpCommerce SQL Injection Attempt -- category.php id_category UPDATE
2004101	ET WEB_SPECIFIC_APPS cpCommerce SQL Injection Attempt -- manufacturer.php id_manufacturer SELECT
2004102	ET WEB_SPECIFIC_APPS cpCommerce SQL Injection Attempt -- manufacturer.php id_manufacturer UNION SELECT
2004103	ET WEB_SPECIFIC_APPS cpCommerce SQL Injection Attempt -- manufacturer.php id_manufacturer INSERT
2004104	ET WEB_SPECIFIC_APPS cpCommerce SQL Injection Attempt -- manufacturer.php id_manufacturer DELETE
2004105	ET WEB_SPECIFIC_APPS cpCommerce SQL Injection Attempt -- manufacturer.php id_manufacturer ASCII
2004106	ET WEB_SPECIFIC_APPS cpCommerce SQL Injection Attempt -- manufacturer.php id_manufacturer UPDATE
2005033	ET WEB_SPECIFIC_APPS dB Masters Curium CMS SQL Injection Attempt -- news.php c_id SELECT
2005034	ET WEB_SPECIFIC_APPS dB Masters Curium CMS SQL Injection Attempt -- news.php c_id UNION SELECT
2005035	ET WEB_SPECIFIC_APPS dB Masters Curium CMS SQL Injection Attempt -- news.php c_id INSERT
2005036	ET WEB_SPECIFIC_APPS dB Masters Curium CMS SQL Injection Attempt -- news.php c_id DELETE
2005037	ET WEB_SPECIFIC_APPS dB Masters Curium CMS SQL Injection Attempt -- news.php c_id ASCII
2005038	ET WEB_SPECIFIC_APPS dB Masters Curium CMS SQL Injection Attempt -- news.php c_id UPDATE
2006615	ET WEB_SPECIFIC_APPS dol storye SQL Injection Attempt -- dettaglio.asp id_doc SELECT
2006616	ET WEB_SPECIFIC_APPS dol storye SQL Injection Attempt -- dettaglio.asp id_doc UNION SELECT
2006617	ET WEB_SPECIFIC_APPS dol storye SQL Injection Attempt -- dettaglio.asp id_doc INSERT
2006618	ET WEB_SPECIFIC_APPS dol storye SQL Injection Attempt -- dettaglio.asp id_doc DELETE
2006619	ET WEB_SPECIFIC_APPS dol storye SQL Injection Attempt -- dettaglio.asp id_doc ASCII
2006620	ET WEB_SPECIFIC_APPS dol storye SQL Injection Attempt -- dettaglio.asp id_doc UPDATE
2006621	ET WEB_SPECIFIC_APPS dol storye SQL Injection Attempt -- dettaglio.asp id_aut SELECT
2006622	ET WEB_SPECIFIC_APPS dol storye SQL Injection Attempt -- dettaglio.asp id_aut UNION SELECT
2006623	ET WEB_SPECIFIC_APPS dol storye SQL Injection Attempt -- dettaglio.asp id_aut INSERT
2006624	ET WEB_SPECIFIC_APPS dol storye SQL Injection Attempt -- dettaglio.asp id_aut DELETE
2006625	ET WEB_SPECIFIC_APPS dol storye SQL Injection Attempt -- dettaglio.asp id_aut ASCII
2006626	ET WEB_SPECIFIC_APPS dol storye SQL Injection Attempt -- dettaglio.asp id_aut UPDATE
2008788	ET WEB_SPECIFIC_APPS e107 BLOG Engine macgurublog.php uid Parameter SQL Injection
2005925	ET WEB_SPECIFIC_APPS eNdonesia SQL Injection Attempt -- mod.php did SELECT
2005926	ET WEB_SPECIFIC_APPS eNdonesia SQL Injection Attempt -- mod.php did UNION SELECT
2005927	ET WEB_SPECIFIC_APPS eNdonesia SQL Injection Attempt -- mod.php did INSERT
2005928	ET WEB_SPECIFIC_APPS eNdonesia SQL Injection Attempt -- mod.php did DELETE
2005929	ET WEB_SPECIFIC_APPS eNdonesia SQL Injection Attempt -- mod.php did ASCII
2005930	ET WEB_SPECIFIC_APPS eNdonesia SQL Injection Attempt -- mod.php did UPDATE
2005931	ET WEB_SPECIFIC_APPS eNdonesia SQL Injection Attempt -- mod.php cid SELECT
2005932	ET WEB_SPECIFIC_APPS eNdonesia SQL Injection Attempt -- mod.php cid UNION SELECT
2005933	ET WEB_SPECIFIC_APPS eNdonesia SQL Injection Attempt -- mod.php cid INSERT
2005934	ET WEB_SPECIFIC_APPS eNdonesia SQL Injection Attempt -- mod.php cid DELETE
2005935	ET WEB_SPECIFIC_APPS eNdonesia SQL Injection Attempt -- mod.php cid ASCII
2005936	ET WEB_SPECIFIC_APPS eNdonesia SQL Injection Attempt -- mod.php cid UPDATE
2007374	ET WEB_SPECIFIC_APPS fipsGallery SQL Injection Attempt -- index1.asp which SELECT
2007375	ET WEB_SPECIFIC_APPS fipsGallery SQL Injection Attempt -- index1.asp which UNION SELECT
2007376	ET WEB_SPECIFIC_APPS fipsGallery SQL Injection Attempt -- index1.asp which INSERT
2007377	ET WEB_SPECIFIC_APPS fipsGallery SQL Injection Attempt -- index1.asp which DELETE
2007378	ET WEB_SPECIFIC_APPS fipsGallery SQL Injection Attempt -- index1.asp which ASCII
2007379	ET WEB_SPECIFIC_APPS fipsGallery SQL Injection Attempt -- index1.asp which UPDATE
2007380	ET WEB_SPECIFIC_APPS fipsForum SQL Injection Attempt -- default2.asp kat SELECT
2007381	ET WEB_SPECIFIC_APPS fipsForum SQL Injection Attempt -- default2.asp kat UNION SELECT
2007382	ET WEB_SPECIFIC_APPS fipsForum SQL Injection Attempt -- default2.asp kat INSERT
2007383	ET WEB_SPECIFIC_APPS fipsForum SQL Injection Attempt -- default2.asp kat DELETE
2007384	ET WEB_SPECIFIC_APPS fipsForum SQL Injection Attempt -- default2.asp kat ASCII
2007385	ET WEB_SPECIFIC_APPS fipsForum SQL Injection Attempt -- default2.asp kat UPDATE
2007386	ET WEB_SPECIFIC_APPS fipsCMS SQL Injection Attempt -- index.asp fid SELECT
2007387	ET WEB_SPECIFIC_APPS fipsCMS SQL Injection Attempt -- index.asp fid UNION SELECT
2007388	ET WEB_SPECIFIC_APPS fipsCMS SQL Injection Attempt -- index.asp fid INSERT
2007389	ET WEB_SPECIFIC_APPS fipsCMS SQL Injection Attempt -- index.asp fid DELETE
2007390	ET WEB_SPECIFIC_APPS fipsCMS SQL Injection Attempt -- index.asp fid ASCII
2007391	ET WEB_SPECIFIC_APPS fipsCMS SQL Injection Attempt -- index.asp fid UPDATE
2004108	ET WEB_SPECIFIC_APPS gCards SQL Injection Attempt -- getnewsitem.php newsid SELECT
2004110	ET WEB_SPECIFIC_APPS gCards SQL Injection Attempt -- getnewsitem.php newsid INSERT
2004111	ET WEB_SPECIFIC_APPS gCards SQL Injection Attempt -- getnewsitem.php newsid DELETE
2004113	ET WEB_SPECIFIC_APPS gCards SQL Injection Attempt -- getnewsitem.php newsid UPDATE
2005807	ET WEB_SPECIFIC_APPS iGeneric iG Shop SQL Injection Attempt -- display_review.php id SELECT
2005808	ET WEB_SPECIFIC_APPS iGeneric iG Shop SQL Injection Attempt -- display_review.php id UNION SELECT
2005804	ET WEB_SPECIFIC_APPS iGeneric iG Shop SQL Injection Attempt -- display_review.php id INSERT
2005806	ET WEB_SPECIFIC_APPS iGeneric iG Shop SQL Injection Attempt -- display_review.php id DELETE
2005809	ET WEB_SPECIFIC_APPS iGeneric iG Shop SQL Injection Attempt -- display_review.php id ASCII
2005810	ET WEB_SPECIFIC_APPS iGeneric iG Shop SQL Injection Attempt -- display_review.php id UPDATE
2005811	ET WEB_SPECIFIC_APPS iGeneric iG Shop SQL Injection Attempt -- display_review.php user_login_cookie SELECT
2005812	ET WEB_SPECIFIC_APPS iGeneric iG Shop SQL Injection Attempt -- display_review.php user_login_cookie UNION SELECT
2005813	ET WEB_SPECIFIC_APPS iGeneric iG Shop SQL Injection Attempt -- display_review.php user_login_cookie INSERT
2005814	ET WEB_SPECIFIC_APPS iGeneric iG Shop SQL Injection Attempt -- display_review.php user_login_cookie DELETE
2005815	ET WEB_SPECIFIC_APPS iGeneric iG Shop SQL Injection Attempt -- display_review.php user_login_cookie ASCII
2005816	ET WEB_SPECIFIC_APPS iGeneric iG Shop SQL Injection Attempt -- display_review.php user_login_cookie UPDATE
2005817	ET WEB_SPECIFIC_APPS iGeneric iG Shop SQL Injection Attempt -- compare_product.php id SELECT
2005818	ET WEB_SPECIFIC_APPS iGeneric iG Shop SQL Injection Attempt -- compare_product.php id UNION SELECT
2005819	ET WEB_SPECIFIC_APPS iGeneric iG Shop SQL Injection Attempt -- compare_product.php id INSERT
2005820	ET WEB_SPECIFIC_APPS iGeneric iG Shop SQL Injection Attempt -- compare_product.php id DELETE
2005821	ET WEB_SPECIFIC_APPS iGeneric iG Shop SQL Injection Attempt -- compare_product.php id ASCII
2005822	ET WEB_SPECIFIC_APPS iGeneric iG Shop SQL Injection Attempt -- compare_product.php id UPDATE
2010608	ET WEB_SPECIFIC_APPS iPortal X gallery_show.asp GID parameter Blind SQL Injection Attempt
2004840	ET WEB_SPECIFIC_APPS mcRefer SQL Injection Attempt -- install.php bgcolor SELECT
2004841	ET WEB_SPECIFIC_APPS mcRefer SQL Injection Attempt -- install.php bgcolor UNION SELECT
2004842	ET WEB_SPECIFIC_APPS mcRefer SQL Injection Attempt -- install.php bgcolor INSERT
2004843	ET WEB_SPECIFIC_APPS mcRefer SQL Injection Attempt -- install.php bgcolor DELETE
2004844	ET WEB_SPECIFIC_APPS mcRefer SQL Injection Attempt -- install.php bgcolor ASCII
2004845	ET WEB_SPECIFIC_APPS mcRefer SQL Injection Attempt -- install.php bgcolor UPDATE
2008668	ET WEB_SPECIFIC_APPS myEvent viewevent.php SQL Injection
2010615	ET WEB_SPECIFIC_APPS phpBMS invoices_discount_ajax.php id Parameter SELECT FROM SQL Injection Attempt
2010616	ET WEB_SPECIFIC_APPS phpBMS invoices_discount_ajax.php id Parameter DELETE FROM SQL Injection Attempt
2010617	ET WEB_SPECIFIC_APPS phpBMS invoices_discount_ajax.php id Parameter UNION SELECT SQL Injection Attempt
2010618	ET WEB_SPECIFIC_APPS phpBMS invoices_discount_ajax.php id Parameter INSERT INTO SQL Injection Attempt
2010619	ET WEB_SPECIFIC_APPS phpBMS invoices_discount_ajax.php id Parameter UPDATE SET SQL Injection Attempt
2004899	ET WEB_SPECIFIC_APPS phpCC SQL Injection Attempt -- nickpage.php npid SELECT
2004900	ET WEB_SPECIFIC_APPS phpCC SQL Injection Attempt -- nickpage.php npid UNION SELECT
2004901	ET WEB_SPECIFIC_APPS phpCC SQL Injection Attempt -- nickpage.php npid INSERT
2004902	ET WEB_SPECIFIC_APPS phpCC SQL Injection Attempt -- nickpage.php npid DELETE
2004903	ET WEB_SPECIFIC_APPS phpCC SQL Injection Attempt -- nickpage.php npid ASCII
2004904	ET WEB_SPECIFIC_APPS phpCC SQL Injection Attempt -- nickpage.php npid UPDATE
2004170	ET WEB_SPECIFIC_APPS phpx SQL Injection Attempt -- gallery.php image_id SELECT
2004171	ET WEB_SPECIFIC_APPS phpx SQL Injection Attempt -- gallery.php image_id UNION SELECT
2004172	ET WEB_SPECIFIC_APPS phpx SQL Injection Attempt -- gallery.php image_id INSERT
2004173	ET WEB_SPECIFIC_APPS phpx SQL Injection Attempt -- gallery.php image_id DELETE
2004174	ET WEB_SPECIFIC_APPS phpx SQL Injection Attempt -- gallery.php image_id ASCII
2004175	ET WEB_SPECIFIC_APPS phpx SQL Injection Attempt -- gallery.php image_id UPDATE
2004176	ET WEB_SPECIFIC_APPS phpx SQL Injection Attempt -- gallery.php cat_id SELECT
2004177	ET WEB_SPECIFIC_APPS phpx SQL Injection Attempt -- gallery.php cat_id UNION SELECT
2004178	ET WEB_SPECIFIC_APPS phpx SQL Injection Attempt -- gallery.php cat_id INSERT
2004179	ET WEB_SPECIFIC_APPS phpx SQL Injection Attempt -- gallery.php cat_id DELETE
2004180	ET WEB_SPECIFIC_APPS phpx SQL Injection Attempt -- gallery.php cat_id ASCII
2004181	ET WEB_SPECIFIC_APPS phpx SQL Injection Attempt -- gallery.php cat_id UPDATE
2004182	ET WEB_SPECIFIC_APPS phpx SQL Injection Attempt -- news.php news_id SELECT
2004183	ET WEB_SPECIFIC_APPS phpx SQL Injection Attempt -- news.php news_id UNION SELECT
2004184	ET WEB_SPECIFIC_APPS phpx SQL Injection Attempt -- news.php news_id INSERT
2004185	ET WEB_SPECIFIC_APPS phpx SQL Injection Attempt -- news.php news_id DELETE
2004186	ET WEB_SPECIFIC_APPS phpx SQL Injection Attempt -- news.php news_id ASCII
2004187	ET WEB_SPECIFIC_APPS phpx SQL Injection Attempt -- news.php news_id UPDATE
2004188	ET WEB_SPECIFIC_APPS phpx SQL Injection Attempt -- print.php news_id SELECT
2004189	ET WEB_SPECIFIC_APPS phpx SQL Injection Attempt -- print.php news_id UNION SELECT
2004190	ET WEB_SPECIFIC_APPS phpx SQL Injection Attempt -- print.php news_id INSERT
2004191	ET WEB_SPECIFIC_APPS phpx SQL Injection Attempt -- print.php news_id DELETE
2004192	ET WEB_SPECIFIC_APPS phpx SQL Injection Attempt -- print.php news_id ASCII
2004193	ET WEB_SPECIFIC_APPS phpx SQL Injection Attempt -- print.php news_id UPDATE
2004194	ET WEB_SPECIFIC_APPS phpx SQL Injection Attempt -- news.php news_cat_id SELECT
2004195	ET WEB_SPECIFIC_APPS phpx SQL Injection Attempt -- news.php news_cat_id UNION SELECT
2004196	ET WEB_SPECIFIC_APPS phpx SQL Injection Attempt -- news.php news_cat_id INSERT
2004197	ET WEB_SPECIFIC_APPS phpx SQL Injection Attempt -- news.php news_cat_id DELETE
2004198	ET WEB_SPECIFIC_APPS phpx SQL Injection Attempt -- news.php news_cat_id ASCII
2004199	ET WEB_SPECIFIC_APPS phpx SQL Injection Attempt -- news.php news_cat_id UPDATE
2004200	ET WEB_SPECIFIC_APPS phpx SQL Injection Attempt -- forums.php cat_id SELECT
2004201	ET WEB_SPECIFIC_APPS phpx SQL Injection Attempt -- forums.php cat_id UNION SELECT
2004202	ET WEB_SPECIFIC_APPS phpx SQL Injection Attempt -- forums.php cat_id INSERT
2004203	ET WEB_SPECIFIC_APPS phpx SQL Injection Attempt -- forums.php cat_id DELETE
2004204	ET WEB_SPECIFIC_APPS phpx SQL Injection Attempt -- forums.php cat_id ASCII
2004205	ET WEB_SPECIFIC_APPS phpx SQL Injection Attempt -- forums.php cat_id UPDATE
2004206	ET WEB_SPECIFIC_APPS phpx SQL Injection Attempt -- forums.php topic_id SELECT
2004207	ET WEB_SPECIFIC_APPS phpx SQL Injection Attempt -- forums.php topic_id UNION SELECT
2004208	ET WEB_SPECIFIC_APPS phpx SQL Injection Attempt -- forums.php topic_id INSERT
2004209	ET WEB_SPECIFIC_APPS phpx SQL Injection Attempt -- forums.php topic_id DELETE
2004210	ET WEB_SPECIFIC_APPS phpx SQL Injection Attempt -- forums.php topic_id ASCII
2004211	ET WEB_SPECIFIC_APPS phpx SQL Injection Attempt -- forums.php topic_id UPDATE
2004212	ET WEB_SPECIFIC_APPS phpx SQL Injection Attempt -- forums.php post_id SELECT
2004213	ET WEB_SPECIFIC_APPS phpx SQL Injection Attempt -- forums.php post_id UNION SELECT
2004214	ET WEB_SPECIFIC_APPS phpx SQL Injection Attempt -- forums.php post_id INSERT
2004215	ET WEB_SPECIFIC_APPS phpx SQL Injection Attempt -- forums.php post_id DELETE
2004216	ET WEB_SPECIFIC_APPS phpx SQL Injection Attempt -- forums.php post_id ASCII
2004217	ET WEB_SPECIFIC_APPS phpx SQL Injection Attempt -- forums.php post_id UPDATE
2004218	ET WEB_SPECIFIC_APPS phpx SQL Injection Attempt -- users.php user_id SELECT
2004219	ET WEB_SPECIFIC_APPS phpx SQL Injection Attempt -- users.php user_id UNION SELECT
2004220	ET WEB_SPECIFIC_APPS phpx SQL Injection Attempt -- users.php user_id INSERT
2004221	ET WEB_SPECIFIC_APPS phpx SQL Injection Attempt -- users.php user_id DELETE
2004222	ET WEB_SPECIFIC_APPS phpx SQL Injection Attempt -- users.php user_id ASCII
2004223	ET WEB_SPECIFIC_APPS phpx SQL Injection Attempt -- users.php user_id UPDATE
2005663	ET WEB_SPECIFIC_APPS uniForum SQL Injection Attempt -- wbsearch.aspx SELECT
2005664	ET WEB_SPECIFIC_APPS uniForum SQL Injection Attempt -- wbsearch.aspx UNION SELECT
2005665	ET WEB_SPECIFIC_APPS uniForum SQL Injection Attempt -- wbsearch.aspx INSERT
2005666	ET WEB_SPECIFIC_APPS uniForum SQL Injection Attempt -- wbsearch.aspx DELETE
2005667	ET WEB_SPECIFIC_APPS uniForum SQL Injection Attempt -- wbsearch.aspx ASCII
2005668	ET WEB_SPECIFIC_APPS uniForum SQL Injection Attempt -- wbsearch.aspx UPDATE
2005348	ET WEB_SPECIFIC_APPS vBSupport SQL Injection Attempt -- vBSupport.php SELECT
2005349	ET WEB_SPECIFIC_APPS vBSupport SQL Injection Attempt -- vBSupport.php UNION SELECT
2005350	ET WEB_SPECIFIC_APPS vBSupport SQL Injection Attempt -- vBSupport.php INSERT
2005351	ET WEB_SPECIFIC_APPS vBSupport SQL Injection Attempt -- vBSupport.php DELETE
2005352	ET WEB_SPECIFIC_APPS vBSupport SQL Injection Attempt -- vBSupport.php ASCII
2005353	ET WEB_SPECIFIC_APPS vBSupport SQL Injection Attempt -- vBSupport.php UPDATE
2010701	ET WEB_SPECIFIC_APPS VBulletin 4.0.1 SQL Injection Attempt
2005354	ET WEB_SPECIFIC_APPS vSupport Integrated Ticket System SQL Injection Attempt -- vBSupport.php ticketid SELECT
2005355	ET WEB_SPECIFIC_APPS vSupport Integrated Ticket System SQL Injection Attempt -- vBSupport.php ticketid UNION SELECT
2005356	ET WEB_SPECIFIC_APPS vSupport Integrated Ticket System SQL Injection Attempt -- vBSupport.php ticketid INSERT
2005357	ET WEB_SPECIFIC_APPS vSupport Integrated Ticket System SQL Injection Attempt -- vBSupport.php ticketid DELETE
2005358	ET WEB_SPECIFIC_APPS vSupport Integrated Ticket System SQL Injection Attempt -- vBSupport.php ticketid ASCII
2005359	ET WEB_SPECIFIC_APPS vSupport Integrated Ticket System SQL Injection Attempt -- vBSupport.php ticketid UPDATE
2004748	ET WEB_SPECIFIC_APPS webSPELL SQL Injection Attempt -- printview.php topic SELECT
2004749	ET WEB_SPECIFIC_APPS webSPELL SQL Injection Attempt -- printview.php topic UNION SELECT
2004750	ET WEB_SPECIFIC_APPS webSPELL SQL Injection Attempt -- printview.php topic INSERT
2004751	ET WEB_SPECIFIC_APPS webSPELL SQL Injection Attempt -- printview.php topic DELETE
2004752	ET WEB_SPECIFIC_APPS webSPELL SQL Injection Attempt -- printview.php topic ASCII
2004753	ET WEB_SPECIFIC_APPS webSPELL SQL Injection Attempt -- printview.php topic UPDATE
2005239	ET WEB_SPECIFIC_APPS webSPELL SQL Injection Attempt -- gallery.php picID SELECT
2005240	ET WEB_SPECIFIC_APPS webSPELL SQL Injection Attempt -- gallery.php picID UNION SELECT
2005241	ET WEB_SPECIFIC_APPS webSPELL SQL Injection Attempt -- gallery.php picID INSERT
2005242	ET WEB_SPECIFIC_APPS webSPELL SQL Injection Attempt -- gallery.php picID DELETE
2005243	ET WEB_SPECIFIC_APPS webSPELL SQL Injection Attempt -- gallery.php picID ASCII
2005244	ET WEB_SPECIFIC_APPS webSPELL SQL Injection Attempt -- gallery.php picID UPDATE
2005245	ET WEB_SPECIFIC_APPS webSPELL SQL Injection Attempt -- gallery.php id SELECT
2005246	ET WEB_SPECIFIC_APPS webSPELL SQL Injection Attempt -- gallery.php id UNION SELECT
2005247	ET WEB_SPECIFIC_APPS webSPELL SQL Injection Attempt -- gallery.php id INSERT
2005248	ET WEB_SPECIFIC_APPS webSPELL SQL Injection Attempt -- gallery.php id DELETE
2005249	ET WEB_SPECIFIC_APPS webSPELL SQL Injection Attempt -- gallery.php id ASCII
2005250	ET WEB_SPECIFIC_APPS webSPELL SQL Injection Attempt -- gallery.php id UPDATE
2005251	ET WEB_SPECIFIC_APPS webSPELL SQL Injection Attempt -- gallery.php galleryID SELECT
2005312	ET WEB_SPECIFIC_APPS webSPELL SQL Injection Attempt -- gallery.php galleryID UNION SELECT
2005252	ET WEB_SPECIFIC_APPS webSPELL SQL Injection Attempt -- gallery.php galleryID INSERT
2005253	ET WEB_SPECIFIC_APPS webSPELL SQL Injection Attempt -- gallery.php galleryID DELETE
2005254	ET WEB_SPECIFIC_APPS webSPELL SQL Injection Attempt -- gallery.php galleryID ASCII
2005255	ET WEB_SPECIFIC_APPS webSPELL SQL Injection Attempt -- gallery.php galleryID UPDATE
2005158	ET WEB_SPECIFIC_APPS xNews SQL Injection Attempt -- xNews.php id SELECT
2005159	ET WEB_SPECIFIC_APPS xNews SQL Injection Attempt -- xNews.php id UNION SELECT
2005160	ET WEB_SPECIFIC_APPS xNews SQL Injection Attempt -- xNews.php id INSERT
2005161	ET WEB_SPECIFIC_APPS xNews SQL Injection Attempt -- xNews.php id DELETE
2005162	ET WEB_SPECIFIC_APPS xNews SQL Injection Attempt -- xNews.php id ASCII
2005163	ET WEB_SPECIFIC_APPS xNews SQL Injection Attempt -- xNews.php id UPDATE
2008928	ET WEB_SPECIFIC_APPS z1exchange edit.php site parameter SQL injection
2011557	ET WEB_SPECIFIC_APPS Joomla com_zoomportfolio component UNION SELECT SQL Injection Attempt
2011558	ET WEB_SPECIFIC_APPS Joomla com_zoomportfolio component INSERT INTO SQL Injection Attempt
2011559	ET WEB_SPECIFIC_APPS Joomla com_zoomportfolio component UPDATE SET SQL Injection Attempt
2011560	ET WEB_SPECIFIC_APPS Joomla com_zoomportfolio component SELECT FROM SQL Injection Attempt
2011561	ET WEB_SPECIFIC_APPS Joomla com_zoomportfolio component DELETE FROM SQL Injection Attempt
2011547	ET WEB_SPECIFIC_APPS AlstraSoft AskMe que_id Parameter SELECT FROM SQL Injection Attempt
2011426	ET WEB_SPECIFIC_APPS V-EVA Classified Script clsid Parameter SELECT FROM SQL Injection Attempt
2011427	ET WEB_SPECIFIC_APPS V-EVA Classified Script clsid Parameter DELETE FROM SQL Injection Attempt
2011428	ET WEB_SPECIFIC_APPS V-EVA Classified Script clsid Parameter UNION SELECT SQL Injection Attempt
2011429	ET WEB_SPECIFIC_APPS V-EVA Classified Script clsid Parameter INSERT INTO SQL Injection Attempt
2011450	ET WEB_SPECIFIC_APPS V-EVA Classified Script clsid Parameter UPDATE SET SQL Injection Attempt
2007277	ET WEB_SPECIFIC_APPS ClickTech ClickContact SQL Injection Attempt -- default.asp orderby SELECT
2007048	ET WEB_SPECIFIC_APPS Enthrallweb eClassifieds SQL Injection Attempt -- ad.asp cat_id SELECT
2007059	ET WEB_SPECIFIC_APPS Enthrallweb eClassifieds SQL Injection Attempt -- ad.asp cat_id UNION SELECT
2007125	ET WEB_SPECIFIC_APPS Enthrallweb eHomes SQL Injection Attempt -- result.asp aminprice UNION SELECT
2007126	ET WEB_SPECIFIC_APPS Enthrallweb eHomes SQL Injection Attempt -- result.asp aminprice INSERT
2004109	ET WEB_SPECIFIC_APPS gCards SQL Injection Attempt -- getnewsitem.php newsid UNION SELECT
2004112	ET WEB_SPECIFIC_APPS gCards SQL Injection Attempt -- getnewsitem.php newsid ASCII
2006650	ET WEB_SPECIFIC_APPS Superfreaker Studios UPublisher SQL Injection Attempt -- index.asp ID UPDATE
2005834	ET WEB_SPECIFIC_APPS LocazoList SQL Injection Attempt -- main.asp subcatID UPDATE
2004005	ET WEB_SPECIFIC_APPS ol bookmarks SQL Injection Attempt -- index.php id SELECT
2004006	ET WEB_SPECIFIC_APPS ol bookmarks SQL Injection Attempt -- index.php id UNION SELECT
2004007	ET WEB_SPECIFIC_APPS ol bookmarks SQL Injection Attempt -- index.php id INSERT
2004008	ET WEB_SPECIFIC_APPS ol bookmarks SQL Injection Attempt -- index.php id DELETE
2004009	ET WEB_SPECIFIC_APPS ol bookmarks SQL Injection Attempt -- index.php id ASCII
2004010	ET WEB_SPECIFIC_APPS ol bookmarks SQL Injection Attempt -- index.php id UPDATE
2004012	ET WEB_SPECIFIC_APPS WordPress SQL Injection Attempt -- admin-ajax.php cookie UNION SELECT
2004013	ET WEB_SPECIFIC_APPS WordPress SQL Injection Attempt -- admin-ajax.php cookie INSERT
2004014	ET WEB_SPECIFIC_APPS WordPress SQL Injection Attempt -- admin-ajax.php cookie DELETE
2004015	ET WEB_SPECIFIC_APPS WordPress SQL Injection Attempt -- admin-ajax.php cookie ASCII
2004016	ET WEB_SPECIFIC_APPS WordPress SQL Injection Attempt -- admin-ajax.php cookie UPDATE
2013761	ET WEB_SPECIFIC_APPS Mambo AHS Shop component UNION SELECT SQL Injection Attempt
2004059	ET WEB_SPECIFIC_APPS 2z Project SQL Injection Attempt -- rating.php rating SELECT
2004060	ET WEB_SPECIFIC_APPS 2z Project SQL Injection Attempt -- rating.php rating UNION SELECT
2004061	ET WEB_SPECIFIC_APPS 2z Project SQL Injection Attempt -- rating.php rating INSERT
2004062	ET WEB_SPECIFIC_APPS 2z Project SQL Injection Attempt -- rating.php rating DELETE
2004063	ET WEB_SPECIFIC_APPS 2z Project SQL Injection Attempt -- rating.php rating ASCII
2004064	ET WEB_SPECIFIC_APPS 2z Project SQL Injection Attempt -- rating.php rating UPDATE
2004071	ET WEB_SPECIFIC_APPS 2z Project SQL Injection Attempt -- rating.php post_id SELECT
2004072	ET WEB_SPECIFIC_APPS 2z Project SQL Injection Attempt -- rating.php post_id UNION SELECT
2004073	ET WEB_SPECIFIC_APPS 2z Project SQL Injection Attempt -- rating.php post_id INSERT
2004074	ET WEB_SPECIFIC_APPS 2z Project SQL Injection Attempt -- rating.php post_id DELETE
2004075	ET WEB_SPECIFIC_APPS 2z Project SQL Injection Attempt -- rating.php post_id ASCII
2004076	ET WEB_SPECIFIC_APPS 2z Project SQL Injection Attempt -- rating.php post_id UPDATE
2007217	ET WEB_SPECIFIC_APPS 8pixel.net simpleblog SQL Injection Attempt -- edit.asp id SELECT
2007218	ET WEB_SPECIFIC_APPS 8pixel.net simpleblog SQL Injection Attempt -- edit.asp id UNION SELECT
2007219	ET WEB_SPECIFIC_APPS 8pixel.net simpleblog SQL Injection Attempt -- edit.asp id INSERT
2007220	ET WEB_SPECIFIC_APPS 8pixel.net simpleblog SQL Injection Attempt -- edit.asp id DELETE
2007221	ET WEB_SPECIFIC_APPS 8pixel.net simpleblog SQL Injection Attempt -- edit.asp id ASCII
2007222	ET WEB_SPECIFIC_APPS 8pixel.net simpleblog SQL Injection Attempt -- edit.asp id UPDATE
2005061	ET WEB_SPECIFIC_APPS ACGVannu SQL Injection Attempt -- modif.html id_mod ASCII
2005062	ET WEB_SPECIFIC_APPS ACGVannu SQL Injection Attempt -- modif.html id_mod UPDATE
2005573	ET WEB_SPECIFIC_APPS All In One Control Panel (AIOCP) SQL Injection Attempt -- cp_authorization.php xuser_name SELECT
2005574	ET WEB_SPECIFIC_APPS All In One Control Panel (AIOCP) SQL Injection Attempt -- cp_authorization.php xuser_name UNION SELECT
2005575	ET WEB_SPECIFIC_APPS All In One Control Panel (AIOCP) SQL Injection Attempt -- cp_authorization.php xuser_name INSERT
2005576	ET WEB_SPECIFIC_APPS All In One Control Panel (AIOCP) SQL Injection Attempt -- cp_authorization.php xuser_name DELETE
2005577	ET WEB_SPECIFIC_APPS All In One Control Panel (AIOCP) SQL Injection Attempt -- cp_authorization.php xuser_name ASCII
2005578	ET WEB_SPECIFIC_APPS All In One Control Panel (AIOCP) SQL Injection Attempt -- cp_authorization.php xuser_name UPDATE
2005579	ET WEB_SPECIFIC_APPS All In One Control Panel (AIOCP) SQL Injection Attempt -- cp_downloads.php did SELECT
2005580	ET WEB_SPECIFIC_APPS All In One Control Panel (AIOCP) SQL Injection Attempt -- cp_downloads.php did UNION SELECT
2005581	ET WEB_SPECIFIC_APPS All In One Control Panel (AIOCP) SQL Injection Attempt -- cp_downloads.php did INSERT
2005582	ET WEB_SPECIFIC_APPS All In One Control Panel (AIOCP) SQL Injection Attempt -- cp_downloads.php did DELETE
2005583	ET WEB_SPECIFIC_APPS All In One Control Panel (AIOCP) SQL Injection Attempt -- cp_downloads.php did ASCII
2005584	ET WEB_SPECIFIC_APPS All In One Control Panel (AIOCP) SQL Injection Attempt -- cp_downloads.php did UPDATE
2011215	ET WEB_SPECIFIC_APPS Campsite article_id Parameter SELECT FROM SQL Injection Attempt
2011216	ET WEB_SPECIFIC_APPS Campsite article_id Parameter DELETE FROM SQL Injection Attempt
2011217	ET WEB_SPECIFIC_APPS Campsite article_id Parameter UNION SELECT SQL Injection Attempt
2011218	ET WEB_SPECIFIC_APPS Campsite article_id Parameter INSERT INTO SQL Injection Attempt
2011219	ET WEB_SPECIFIC_APPS Campsite article_id Parameter UPDATE SET SQL Injection Attempt
2007510	ET WEB_SPECIFIC_APPS 20/20 Auto Gallery SQL Injection Attempt -- vehiclelistings.asp categoryID_list SELECT
2007511	ET WEB_SPECIFIC_APPS 20/20 Auto Gallery SQL Injection Attempt -- vehiclelistings.asp categoryID_list UNION SELECT
2007512	ET WEB_SPECIFIC_APPS 20/20 Auto Gallery SQL Injection Attempt -- vehiclelistings.asp categoryID_list INSERT
2007513	ET WEB_SPECIFIC_APPS 20/20 Auto Gallery SQL Injection Attempt -- vehiclelistings.asp categoryID_list DELETE
2007514	ET WEB_SPECIFIC_APPS 20/20 Auto Gallery SQL Injection Attempt -- vehiclelistings.asp categoryID_list ASCII
2007515	ET WEB_SPECIFIC_APPS 20/20 Auto Gallery SQL Injection Attempt -- vehiclelistings.asp categoryID_list UPDATE
2007516	ET WEB_SPECIFIC_APPS 20/20 Auto Gallery SQL Injection Attempt -- vehiclelistings.asp sale_type SELECT
2007517	ET WEB_SPECIFIC_APPS 20/20 Auto Gallery SQL Injection Attempt -- vehiclelistings.asp sale_type UNION SELECT
2007518	ET WEB_SPECIFIC_APPS 20/20 Auto Gallery SQL Injection Attempt -- vehiclelistings.asp sale_type INSERT
2007519	ET WEB_SPECIFIC_APPS 20/20 Auto Gallery SQL Injection Attempt -- vehiclelistings.asp sale_type DELETE
2007520	ET WEB_SPECIFIC_APPS 20/20 Auto Gallery SQL Injection Attempt -- vehiclelistings.asp sale_type ASCII
2007521	ET WEB_SPECIFIC_APPS 20/20 Auto Gallery SQL Injection Attempt -- vehiclelistings.asp sale_type UPDATE
2007522	ET WEB_SPECIFIC_APPS 20/20 Auto Gallery SQL Injection Attempt -- vehiclelistings.asp stock_number SELECT
2007523	ET WEB_SPECIFIC_APPS 20/20 Auto Gallery SQL Injection Attempt -- vehiclelistings.asp stock_number UNION SELECT
2007524	ET WEB_SPECIFIC_APPS 20/20 Auto Gallery SQL Injection Attempt -- vehiclelistings.asp stock_number INSERT
2007525	ET WEB_SPECIFIC_APPS 20/20 Auto Gallery SQL Injection Attempt -- vehiclelistings.asp stock_number DELETE
2007526	ET WEB_SPECIFIC_APPS 20/20 Auto Gallery SQL Injection Attempt -- vehiclelistings.asp stock_number ASCII
2007527	ET WEB_SPECIFIC_APPS 20/20 Auto Gallery SQL Injection Attempt -- vehiclelistings.asp stock_number UPDATE
2007528	ET WEB_SPECIFIC_APPS 20/20 Auto Gallery SQL Injection Attempt -- vehiclelistings.asp manufacturer SELECT
2007529	ET WEB_SPECIFIC_APPS 20/20 Auto Gallery SQL Injection Attempt -- vehiclelistings.asp manufacturer UNION SELECT
2007530	ET WEB_SPECIFIC_APPS 20/20 Auto Gallery SQL Injection Attempt -- vehiclelistings.asp manufacturer INSERT
2007531	ET WEB_SPECIFIC_APPS 20/20 Auto Gallery SQL Injection Attempt -- vehiclelistings.asp manufacturer DELETE
2007532	ET WEB_SPECIFIC_APPS 20/20 Auto Gallery SQL Injection Attempt -- vehiclelistings.asp manufacturer ASCII
2007533	ET WEB_SPECIFIC_APPS 20/20 Auto Gallery SQL Injection Attempt -- vehiclelistings.asp manufacturer UPDATE
2007534	ET WEB_SPECIFIC_APPS 20/20 Auto Gallery SQL Injection Attempt -- vehiclelistings.asp model SELECT
2007535	ET WEB_SPECIFIC_APPS 20/20 Auto Gallery SQL Injection Attempt -- vehiclelistings.asp model UNION SELECT
2007536	ET WEB_SPECIFIC_APPS 20/20 Auto Gallery SQL Injection Attempt -- vehiclelistings.asp model INSERT
2007537	ET WEB_SPECIFIC_APPS 20/20 Auto Gallery SQL Injection Attempt -- vehiclelistings.asp model DELETE
2007538	ET WEB_SPECIFIC_APPS 20/20 Auto Gallery SQL Injection Attempt -- vehiclelistings.asp model ASCII
2007539	ET WEB_SPECIFIC_APPS 20/20 Auto Gallery SQL Injection Attempt -- vehiclelistings.asp model UPDATE
2007540	ET WEB_SPECIFIC_APPS 20/20 Auto Gallery SQL Injection Attempt -- vehiclelistings.asp vehicleID SELECT
2007541	ET WEB_SPECIFIC_APPS 20/20 Auto Gallery SQL Injection Attempt -- vehiclelistings.asp vehicleID UNION SELECT
2007542	ET WEB_SPECIFIC_APPS 20/20 Auto Gallery SQL Injection Attempt -- vehiclelistings.asp vehicleID INSERT
2007543	ET WEB_SPECIFIC_APPS 20/20 Auto Gallery SQL Injection Attempt -- vehiclelistings.asp vehicleID DELETE
2007544	ET WEB_SPECIFIC_APPS 20/20 Auto Gallery SQL Injection Attempt -- vehiclelistings.asp vehicleID ASCII
2007545	ET WEB_SPECIFIC_APPS 20/20 Auto Gallery SQL Injection Attempt -- vehiclelistings.asp vehicleID UPDATE
2007546	ET WEB_SPECIFIC_APPS 20/20 Auto Gallery SQL Injection Attempt -- vehiclelistings.asp year SELECT
2007547	ET WEB_SPECIFIC_APPS 20/20 Auto Gallery SQL Injection Attempt -- vehiclelistings.asp year UNION SELECT
2007548	ET WEB_SPECIFIC_APPS 20/20 Auto Gallery SQL Injection Attempt -- vehiclelistings.asp year INSERT
2007549	ET WEB_SPECIFIC_APPS 20/20 Auto Gallery SQL Injection Attempt -- vehiclelistings.asp year DELETE
2007550	ET WEB_SPECIFIC_APPS 20/20 Auto Gallery SQL Injection Attempt -- vehiclelistings.asp year ASCII
2007551	ET WEB_SPECIFIC_APPS 20/20 Auto Gallery SQL Injection Attempt -- vehiclelistings.asp year UPDATE
2007552	ET WEB_SPECIFIC_APPS 20/20 Auto Gallery SQL Injection Attempt -- vehiclelistings.asp vin SELECT
2007553	ET WEB_SPECIFIC_APPS 20/20 Auto Gallery SQL Injection Attempt -- vehiclelistings.asp vin UNION SELECT
2007554	ET WEB_SPECIFIC_APPS 20/20 Auto Gallery SQL Injection Attempt -- vehiclelistings.asp vin INSERT
2007555	ET WEB_SPECIFIC_APPS 20/20 Auto Gallery SQL Injection Attempt -- vehiclelistings.asp vin DELETE
2007556	ET WEB_SPECIFIC_APPS 20/20 Auto Gallery SQL Injection Attempt -- vehiclelistings.asp vin ASCII
2007557	ET WEB_SPECIFIC_APPS 20/20 Auto Gallery SQL Injection Attempt -- vehiclelistings.asp vin UPDATE
2007558	ET WEB_SPECIFIC_APPS 20/20 Auto Gallery SQL Injection Attempt -- vehiclelistings.asp listing_price SELECT
2007560	ET WEB_SPECIFIC_APPS 20/20 Auto Gallery SQL Injection Attempt -- vehiclelistings.asp listing_price INSERT
2007561	ET WEB_SPECIFIC_APPS 20/20 Auto Gallery SQL Injection Attempt -- vehiclelistings.asp listing_price DELETE
2007562	ET WEB_SPECIFIC_APPS 20/20 Auto Gallery SQL Injection Attempt -- vehiclelistings.asp listing_price ASCII
2007563	ET WEB_SPECIFIC_APPS 20/20 Auto Gallery SQL Injection Attempt -- vehiclelistings.asp listing_price UPDATE
2005057	ET WEB_SPECIFIC_APPS ACGVannu SQL Injection Attempt -- modif.html id_mod SELECT
2005058	ET WEB_SPECIFIC_APPS ACGVannu SQL Injection Attempt -- modif.html id_mod UNION SELECT
2005059	ET WEB_SPECIFIC_APPS ACGVannu SQL Injection Attempt -- modif.html id_mod INSERT
2005060	ET WEB_SPECIFIC_APPS ACGVannu SQL Injection Attempt -- modif.html id_mod DELETE
2004542	ET WEB_SPECIFIC_APPS AJ Classifieds SQL Injection Attempt -- postingdetails.php postingid UNION SELECT
2004543	ET WEB_SPECIFIC_APPS AJ Classifieds SQL Injection Attempt -- postingdetails.php postingid INSERT
2004544	ET WEB_SPECIFIC_APPS AJ Classifieds SQL Injection Attempt -- postingdetails.php postingid DELETE
2004545	ET WEB_SPECIFIC_APPS AJ Classifieds SQL Injection Attempt -- postingdetails.php postingid ASCII
2004547	ET WEB_SPECIFIC_APPS AJ Forum SQL Injection Attempt -- topic_title.php td_id SELECT
2004548	ET WEB_SPECIFIC_APPS AJ Forum SQL Injection Attempt -- topic_title.php td_id INSERT
2004550	ET WEB_SPECIFIC_APPS AJ Forum SQL Injection Attempt -- topic_title.php td_id ASCII
2004551	ET WEB_SPECIFIC_APPS AJ Forum SQL Injection Attempt -- topic_title.php td_id UPDATE
2006819	ET WEB_SPECIFIC_APPS ASPMForum SQL Injection Attempt -- forum2.asp soruid SELECT
2006820	ET WEB_SPECIFIC_APPS ASPMForum SQL Injection Attempt -- forum2.asp soruid UNION SELECT
2006821	ET WEB_SPECIFIC_APPS ASPMForum SQL Injection Attempt -- forum2.asp soruid INSERT
2006822	ET WEB_SPECIFIC_APPS ASPMForum SQL Injection Attempt -- forum2.asp soruid DELETE
2006823	ET WEB_SPECIFIC_APPS ASPMForum SQL Injection Attempt -- forum2.asp soruid ASCII
2006824	ET WEB_SPECIFIC_APPS ASPMForum SQL Injection Attempt -- forum2.asp soruid UPDATE
2006825	ET WEB_SPECIFIC_APPS ASPMForum SQL Injection Attempt -- kullanicilistesi.asp ak SELECT
2006827	ET WEB_SPECIFIC_APPS ASPMForum SQL Injection Attempt -- kullanicilistesi.asp ak INSERT
2006828	ET WEB_SPECIFIC_APPS ASPMForum SQL Injection Attempt -- kullanicilistesi.asp ak DELETE
2006830	ET WEB_SPECIFIC_APPS ASPMForum SQL Injection Attempt -- kullanicilistesi.asp ak UPDATE
2006831	ET WEB_SPECIFIC_APPS ASPMForum SQL Injection Attempt -- aramayap.asp kelimeler SELECT
2006832	ET WEB_SPECIFIC_APPS ASPMForum SQL Injection Attempt -- aramayap.asp kelimeler UNION SELECT
2006833	ET WEB_SPECIFIC_APPS ASPMForum SQL Injection Attempt -- aramayap.asp kelimeler INSERT
2006835	ET WEB_SPECIFIC_APPS ASPMForum SQL Injection Attempt -- aramayap.asp kelimeler ASCII
2006836	ET WEB_SPECIFIC_APPS ASPMForum SQL Injection Attempt -- aramayap.asp kelimeler UPDATE
2006837	ET WEB_SPECIFIC_APPS ASPMForum SQL Injection Attempt -- giris.asp kullaniciadi SELECT
2006838	ET WEB_SPECIFIC_APPS ASPMForum SQL Injection Attempt -- giris.asp kullaniciadi UNION SELECT
2006839	ET WEB_SPECIFIC_APPS ASPMForum SQL Injection Attempt -- giris.asp kullaniciadi INSERT
2006840	ET WEB_SPECIFIC_APPS ASPMForum SQL Injection Attempt -- giris.asp kullaniciadi DELETE
2006841	ET WEB_SPECIFIC_APPS ASPMForum SQL Injection Attempt -- giris.asp kullaniciadi ASCII
2006842	ET WEB_SPECIFIC_APPS ASPMForum SQL Injection Attempt -- giris.asp kullaniciadi UPDATE
2006843	ET WEB_SPECIFIC_APPS ASPMForum SQL Injection Attempt -- mesajkutum.asp mesajno SELECT
2006844	ET WEB_SPECIFIC_APPS ASPMForum SQL Injection Attempt -- mesajkutum.asp mesajno UNION SELECT
2006845	ET WEB_SPECIFIC_APPS ASPMForum SQL Injection Attempt -- mesajkutum.asp mesajno INSERT
2006847	ET WEB_SPECIFIC_APPS ASPMForum SQL Injection Attempt -- mesajkutum.asp mesajno ASCII
2006848	ET WEB_SPECIFIC_APPS ASPMForum SQL Injection Attempt -- mesajkutum.asp mesajno UPDATE
2006849	ET WEB_SPECIFIC_APPS ASPMForum SQL Injection Attempt -- kullanicilistesi.asp harf SELECT
2006850	ET WEB_SPECIFIC_APPS ASPMForum SQL Injection Attempt -- kullanicilistesi.asp harf UNION SELECT
2006852	ET WEB_SPECIFIC_APPS ASPMForum SQL Injection Attempt -- kullanicilistesi.asp harf DELETE
2006853	ET WEB_SPECIFIC_APPS ASPMForum SQL Injection Attempt -- kullanicilistesi.asp harf ASCII
2006854	ET WEB_SPECIFIC_APPS ASPMForum SQL Injection Attempt -- kullanicilistesi.asp harf UPDATE
2006855	ET WEB_SPECIFIC_APPS ASPMForum SQL Injection Attempt -- forum.asp baslik SELECT
2006856	ET WEB_SPECIFIC_APPS ASPMForum SQL Injection Attempt -- forum.asp baslik UNION SELECT
2006857	ET WEB_SPECIFIC_APPS ASPMForum SQL Injection Attempt -- forum.asp baslik INSERT
2006858	ET WEB_SPECIFIC_APPS ASPMForum SQL Injection Attempt -- forum.asp baslik DELETE
2006859	ET WEB_SPECIFIC_APPS ASPMForum SQL Injection Attempt -- forum.asp baslik ASCII
2006860	ET WEB_SPECIFIC_APPS ASPMForum SQL Injection Attempt -- forum.asp baslik UPDATE
2005105	ET WEB_SPECIFIC_APPS ASP EDGE SQL Injection Attempt -- artreplydelete.asp username SELECT
2005106	ET WEB_SPECIFIC_APPS ASP EDGE SQL Injection Attempt -- artreplydelete.asp username UNION SELECT
2005107	ET WEB_SPECIFIC_APPS ASP EDGE SQL Injection Attempt -- artreplydelete.asp username INSERT
2005108	ET WEB_SPECIFIC_APPS ASP EDGE SQL Injection Attempt -- artreplydelete.asp username DELETE
2005109	ET WEB_SPECIFIC_APPS ASP EDGE SQL Injection Attempt -- artreplydelete.asp username ASCII
2005110	ET WEB_SPECIFIC_APPS ASP EDGE SQL Injection Attempt -- artreplydelete.asp username UPDATE
2005164	ET WEB_SPECIFIC_APPS ASP NEWS SQL Injection Attempt -- news_detail.asp id SELECT
2005165	ET WEB_SPECIFIC_APPS ASP NEWS SQL Injection Attempt -- news_detail.asp id UNION SELECT
2005166	ET WEB_SPECIFIC_APPS ASP NEWS SQL Injection Attempt -- news_detail.asp id INSERT
2005167	ET WEB_SPECIFIC_APPS ASP NEWS SQL Injection Attempt -- news_detail.asp id DELETE
2005168	ET WEB_SPECIFIC_APPS ASP NEWS SQL Injection Attempt -- news_detail.asp id ASCII
2005169	ET WEB_SPECIFIC_APPS ASP NEWS SQL Injection Attempt -- news_detail.asp id UPDATE
2005170	ET WEB_SPECIFIC_APPS ASP EDGE SQL Injection Attempt -- user.asp user SELECT
2005171	ET WEB_SPECIFIC_APPS ASP EDGE SQL Injection Attempt -- user.asp user UNION SELECT
2005172	ET WEB_SPECIFIC_APPS ASP EDGE SQL Injection Attempt -- user.asp user INSERT
2005173	ET WEB_SPECIFIC_APPS ASP EDGE SQL Injection Attempt -- user.asp user DELETE
2005174	ET WEB_SPECIFIC_APPS ASP EDGE SQL Injection Attempt -- user.asp user ASCII
2005175	ET WEB_SPECIFIC_APPS ASP EDGE SQL Injection Attempt -- user.asp user UPDATE
2005883	ET WEB_SPECIFIC_APPS ASP SiteWare autoDealer SQL Injection Attempt -- detail.asp iPro SELECT
2005884	ET WEB_SPECIFIC_APPS ASP SiteWare autoDealer SQL Injection Attempt -- detail.asp iPro UNION SELECT
2005885	ET WEB_SPECIFIC_APPS ASP SiteWare autoDealer SQL Injection Attempt -- detail.asp iPro INSERT
2005886	ET WEB_SPECIFIC_APPS ASP SiteWare autoDealer SQL Injection Attempt -- detail.asp iPro DELETE
2005887	ET WEB_SPECIFIC_APPS ASP SiteWare autoDealer SQL Injection Attempt -- detail.asp iPro ASCII
2005888	ET WEB_SPECIFIC_APPS ASP SiteWare autoDealer SQL Injection Attempt -- detail.asp iPro UPDATE
2007000	ET WEB_SPECIFIC_APPS ASP ListPics SQL Injection Attempt -- listpics.asp ID SELECT
2007001	ET WEB_SPECIFIC_APPS ASP ListPics SQL Injection Attempt -- listpics.asp ID UNION SELECT
2007002	ET WEB_SPECIFIC_APPS ASP ListPics SQL Injection Attempt -- listpics.asp ID INSERT
2007003	ET WEB_SPECIFIC_APPS ASP ListPics SQL Injection Attempt -- listpics.asp ID DELETE
2007004	ET WEB_SPECIFIC_APPS ASP ListPics SQL Injection Attempt -- listpics.asp ID ASCII
2007005	ET WEB_SPECIFIC_APPS ASP ListPics SQL Injection Attempt -- listpics.asp ID UPDATE
2009185	ET WEB_SPECIFIC_APPS A Better Member-Based ASP Photo Gallery view.asp entry parameter SQL injection
2004319	ET WEB_SPECIFIC_APPS Absolute Image Gallery SQL Injection Attempt -- gallery.asp categoryid SELECT
2004320	ET WEB_SPECIFIC_APPS Absolute Image Gallery SQL Injection Attempt -- gallery.asp categoryid UNION SELECT
2004321	ET WEB_SPECIFIC_APPS Absolute Image Gallery SQL Injection Attempt -- gallery.asp categoryid INSERT
2004322	ET WEB_SPECIFIC_APPS Absolute Image Gallery SQL Injection Attempt -- gallery.asp categoryid DELETE
2004323	ET WEB_SPECIFIC_APPS Absolute Image Gallery SQL Injection Attempt -- gallery.asp categoryid ASCII
2004324	ET WEB_SPECIFIC_APPS Absolute Image Gallery SQL Injection Attempt -- gallery.asp categoryid UPDATE
2007392	ET WEB_SPECIFIC_APPS Alan Ward A-Cart Pro SQL Injection Attempt -- product.asp productid SELECT
2007393	ET WEB_SPECIFIC_APPS Alan Ward A-Cart Pro SQL Injection Attempt -- product.asp productid UNION SELECT
2007394	ET WEB_SPECIFIC_APPS Alan Ward A-Cart Pro SQL Injection Attempt -- product.asp productid INSERT
2007395	ET WEB_SPECIFIC_APPS Alan Ward A-Cart Pro SQL Injection Attempt -- product.asp productid DELETE
2007396	ET WEB_SPECIFIC_APPS Alan Ward A-Cart Pro SQL Injection Attempt -- product.asp productid ASCII
2007397	ET WEB_SPECIFIC_APPS Alan Ward A-Cart Pro SQL Injection Attempt -- product.asp productid UPDATE
2007398	ET WEB_SPECIFIC_APPS Alan Ward A-Cart Pro SQL Injection Attempt -- search.asp search SELECT
2007399	ET WEB_SPECIFIC_APPS Alan Ward A-Cart Pro SQL Injection Attempt -- search.asp search UNION SELECT
2007400	ET WEB_SPECIFIC_APPS Alan Ward A-Cart Pro SQL Injection Attempt -- search.asp search INSERT
2007401	ET WEB_SPECIFIC_APPS Alan Ward A-Cart Pro SQL Injection Attempt -- search.asp search DELETE
2007402	ET WEB_SPECIFIC_APPS Alan Ward A-Cart Pro SQL Injection Attempt -- search.asp search ASCII
2007403	ET WEB_SPECIFIC_APPS Alan Ward A-Cart Pro SQL Injection Attempt -- search.asp search UPDATE
2010132	ET WEB_SPECIFIC_APPS Possible Achievo userid= Variable SELECT FROM SQL Injection Attempt
2010135	ET WEB_SPECIFIC_APPS Possible Achievo userid= Variable UPDATE SET SQL Injection Attempt
2007476	ET WEB_SPECIFIC_APPS ActiveNews Manager SQL Injection Attempt -- activenews_view.asp articleID SELECT
2007477	ET WEB_SPECIFIC_APPS ActiveNews Manager SQL Injection Attempt -- activenews_view.asp articleID UNION SELECT
2007478	ET WEB_SPECIFIC_APPS ActiveNews Manager SQL Injection Attempt -- activenews_view.asp articleID INSERT
2007479	ET WEB_SPECIFIC_APPS ActiveNews Manager SQL Injection Attempt -- activenews_view.asp articleID DELETE
2007480	ET WEB_SPECIFIC_APPS ActiveNews Manager SQL Injection Attempt -- activenews_view.asp articleID ASCII
2007481	ET WEB_SPECIFIC_APPS ActiveNews Manager SQL Injection Attempt -- activenews_view.asp articleID UPDATE
2007487	ET WEB_SPECIFIC_APPS ActiveNews Manager SQL Injection Attempt -- activeNews_categories.asp catID SELECT
2007488	ET WEB_SPECIFIC_APPS ActiveNews Manager SQL Injection Attempt -- activeNews_categories.asp catID UNION SELECT
2007489	ET WEB_SPECIFIC_APPS ActiveNews Manager SQL Injection Attempt -- activeNews_categories.asp catID INSERT
2007490	ET WEB_SPECIFIC_APPS ActiveNews Manager SQL Injection Attempt -- activeNews_categories.asp catID DELETE
2007491	ET WEB_SPECIFIC_APPS ActiveNews Manager SQL Injection Attempt -- activeNews_categories.asp catID ASCII
2007492	ET WEB_SPECIFIC_APPS ActiveNews Manager SQL Injection Attempt -- activeNews_categories.asp catID UPDATE
2007493	ET WEB_SPECIFIC_APPS ActiveNews Manager SQL Injection Attempt -- activeNews_comments.asp articleID SELECT
2007494	ET WEB_SPECIFIC_APPS ActiveNews Manager SQL Injection Attempt -- activeNews_comments.asp articleID UNION SELECT
2007495	ET WEB_SPECIFIC_APPS ActiveNews Manager SQL Injection Attempt -- activeNews_comments.asp articleID INSERT
2007496	ET WEB_SPECIFIC_APPS ActiveNews Manager SQL Injection Attempt -- activeNews_comments.asp articleID DELETE
2007497	ET WEB_SPECIFIC_APPS ActiveNews Manager SQL Injection Attempt -- activeNews_comments.asp articleID ASCII
2007498	ET WEB_SPECIFIC_APPS ActiveNews Manager SQL Injection Attempt -- activeNews_comments.asp articleID UPDATE
2007499	ET WEB_SPECIFIC_APPS ActiveNews Manager SQL Injection Attempt -- activenews_search.asp query SELECT
2007500	ET WEB_SPECIFIC_APPS ActiveNews Manager SQL Injection Attempt -- activenews_search.asp query UNION SELECT
2007501	ET WEB_SPECIFIC_APPS ActiveNews Manager SQL Injection Attempt -- activenews_search.asp query INSERT
2007502	ET WEB_SPECIFIC_APPS ActiveNews Manager SQL Injection Attempt -- activenews_search.asp query DELETE
2007503	ET WEB_SPECIFIC_APPS ActiveNews Manager SQL Injection Attempt -- activenews_search.asp query ASCII
2007565	ET WEB_SPECIFIC_APPS ActiveNews Manager SQL Injection Attempt -- activenews_search.asp query UPDATE
2008785	ET WEB_SPECIFIC_APPS Aj Square RSS Reader url SQL Injection
2004887	ET WEB_SPECIFIC_APPS Aktueldownload Haber script SQL Injection Attempt -- HaberDetay.asp id SELECT
2004888	ET WEB_SPECIFIC_APPS Aktueldownload Haber script SQL Injection Attempt -- HaberDetay.asp id UNION SELECT
2004889	ET WEB_SPECIFIC_APPS Aktueldownload Haber script SQL Injection Attempt -- HaberDetay.asp id INSERT
2004890	ET WEB_SPECIFIC_APPS Aktueldownload Haber script SQL Injection Attempt -- HaberDetay.asp id DELETE
2004891	ET WEB_SPECIFIC_APPS Aktueldownload Haber script SQL Injection Attempt -- HaberDetay.asp id ASCII
2004892	ET WEB_SPECIFIC_APPS Aktueldownload Haber script SQL Injection Attempt -- HaberDetay.asp id UPDATE
2004893	ET WEB_SPECIFIC_APPS Aktueldownload Haber script SQL Injection Attempt -- rss.asp kid SELECT
2004894	ET WEB_SPECIFIC_APPS Aktueldownload Haber script SQL Injection Attempt -- rss.asp kid UNION SELECT
2004895	ET WEB_SPECIFIC_APPS Aktueldownload Haber script SQL Injection Attempt -- rss.asp kid INSERT
2004896	ET WEB_SPECIFIC_APPS Aktueldownload Haber script SQL Injection Attempt -- rss.asp kid DELETE
2004897	ET WEB_SPECIFIC_APPS Aktueldownload Haber script SQL Injection Attempt -- rss.asp kid ASCII
2004898	ET WEB_SPECIFIC_APPS Aktueldownload Haber script SQL Injection Attempt -- rss.asp kid UPDATE
2004717	ET WEB_SPECIFIC_APPS ANGEL Learning Management Suite (LMS) SQL Injection Attempt -- default.asp id SELECT
2004718	ET WEB_SPECIFIC_APPS ANGEL Learning Management Suite (LMS) SQL Injection Attempt -- default.asp id UNION SELECT
2004719	ET WEB_SPECIFIC_APPS ANGEL Learning Management Suite (LMS) SQL Injection Attempt -- default.asp id INSERT
2004720	ET WEB_SPECIFIC_APPS ANGEL Learning Management Suite (LMS) SQL Injection Attempt -- default.asp id DELETE
2004721	ET WEB_SPECIFIC_APPS ANGEL Learning Management Suite (LMS) SQL Injection Attempt -- default.asp id ASCII
2004723	ET WEB_SPECIFIC_APPS ANGEL Learning Management Suite (LMS) SQL Injection Attempt -- default.asp id UPDATE
2006783	ET WEB_SPECIFIC_APPS Aspee and Dogantepe Ziyaretci Defteri SQL Injection Attempt -- giris.asp kullanici SELECT
2006784	ET WEB_SPECIFIC_APPS Aspee and Dogantepe Ziyaretci Defteri SQL Injection Attempt -- giris.asp kullanici UNION SELECT
2006785	ET WEB_SPECIFIC_APPS Aspee and Dogantepe Ziyaretci Defteri SQL Injection Attempt -- giris.asp kullanici INSERT
2006786	ET WEB_SPECIFIC_APPS Aspee and Dogantepe Ziyaretci Defteri SQL Injection Attempt -- giris.asp kullanici DELETE
2006787	ET WEB_SPECIFIC_APPS Aspee and Dogantepe Ziyaretci Defteri SQL Injection Attempt -- giris.asp kullanici ASCII
2006788	ET WEB_SPECIFIC_APPS Aspee and Dogantepe Ziyaretci Defteri SQL Injection Attempt -- giris.asp kullanici UPDATE
2006789	ET WEB_SPECIFIC_APPS Aspee and Dogantepe Ziyaretci Defteri SQL Injection Attempt -- giris.asp parola SELECT
2006790	ET WEB_SPECIFIC_APPS Aspee and Dogantepe Ziyaretci Defteri SQL Injection Attempt -- giris.asp parola UNION SELECT
2006791	ET WEB_SPECIFIC_APPS Aspee and Dogantepe Ziyaretci Defteri SQL Injection Attempt -- giris.asp parola INSERT
2006792	ET WEB_SPECIFIC_APPS Aspee and Dogantepe Ziyaretci Defteri SQL Injection Attempt -- giris.asp parola DELETE
2006793	ET WEB_SPECIFIC_APPS Aspee and Dogantepe Ziyaretci Defteri SQL Injection Attempt -- giris.asp parola ASCII
2006794	ET WEB_SPECIFIC_APPS Aspee and Dogantepe Ziyaretci Defteri SQL Injection Attempt -- giris.asp parola UPDATE
2008669	ET WEB_SPECIFIC_APPS AstroSPACES profile.php SQL Injection
2004724	ET WEB_SPECIFIC_APPS Audins Audiens SQL Injection Attempt -- index.php PHPSESSID SELECT
2004725	ET WEB_SPECIFIC_APPS Audins Audiens SQL Injection Attempt -- index.php PHPSESSID UNION SELECT
2004726	ET WEB_SPECIFIC_APPS Audins Audiens SQL Injection Attempt -- index.php PHPSESSID INSERT
2004727	ET WEB_SPECIFIC_APPS Audins Audiens SQL Injection Attempt -- index.php PHPSESSID DELETE
2004728	ET WEB_SPECIFIC_APPS Audins Audiens SQL Injection Attempt -- index.php PHPSESSID ASCII
2004729	ET WEB_SPECIFIC_APPS Audins Audiens SQL Injection Attempt -- index.php PHPSESSID UPDATE
2009186	ET WEB_SPECIFIC_APPS Auto Listings Script moreinfo.php itemno Parameter SQL Injection
2008650	ET WEB_SPECIFIC_APPS Autos catid SQL Injection
2007452	ET WEB_SPECIFIC_APPS BPG-InfoTech Content Management System SQL Injection Attempt -- publications_list.asp vjob SELECT
2007453	ET WEB_SPECIFIC_APPS BPG-InfoTech Content Management System SQL Injection Attempt -- publications_list.asp vjob UNION SELECT
2007454	ET WEB_SPECIFIC_APPS BPG-InfoTech Content Management System SQL Injection Attempt -- publications_list.asp vjob INSERT
2007455	ET WEB_SPECIFIC_APPS BPG-InfoTech Content Management System SQL Injection Attempt -- publications_list.asp vjob DELETE
2007456	ET WEB_SPECIFIC_APPS BPG-InfoTech Content Management System SQL Injection Attempt -- publications_list.asp vjob ASCII
2007457	ET WEB_SPECIFIC_APPS BPG-InfoTech Content Management System SQL Injection Attempt -- publications_list.asp vjob UPDATE
2007458	ET WEB_SPECIFIC_APPS BPG-InfoTech Content Management System SQL Injection Attempt -- publication_view.asp InfoID SELECT
2007459	ET WEB_SPECIFIC_APPS BPG-InfoTech Content Management System SQL Injection Attempt -- publication_view.asp InfoID UNION SELECT
2007460	ET WEB_SPECIFIC_APPS BPG-InfoTech Content Management System SQL Injection Attempt -- publication_view.asp InfoID INSERT
2007461	ET WEB_SPECIFIC_APPS BPG-InfoTech Content Management System SQL Injection Attempt -- publication_view.asp InfoID DELETE
2007462	ET WEB_SPECIFIC_APPS BPG-InfoTech Content Management System SQL Injection Attempt -- publication_view.asp InfoID ASCII
2007463	ET WEB_SPECIFIC_APPS BPG-InfoTech Content Management System SQL Injection Attempt -- publication_view.asp InfoID UPDATE
2004331	ET WEB_SPECIFIC_APPS BP Blog SQL Injection Attempt -- default.asp layout SELECT
2004332	ET WEB_SPECIFIC_APPS BP Blog SQL Injection Attempt -- default.asp layout UNION SELECT
2004333	ET WEB_SPECIFIC_APPS BP Blog SQL Injection Attempt -- default.asp layout INSERT
2004334	ET WEB_SPECIFIC_APPS BP Blog SQL Injection Attempt -- default.asp layout DELETE
2004335	ET WEB_SPECIFIC_APPS BP Blog SQL Injection Attempt -- default.asp layout ASCII
2004336	ET WEB_SPECIFIC_APPS BP Blog SQL Injection Attempt -- default.asp layout UPDATE
2008724	ET WEB_SPECIFIC_APPS Bahar Download Script aspkat.asp SQL Injection
2007211	ET WEB_SPECIFIC_APPS BasicForum SQL Injection Attempt -- edit.asp id SELECT
2007212	ET WEB_SPECIFIC_APPS BasicForum SQL Injection Attempt -- edit.asp id UNION SELECT
2007213	ET WEB_SPECIFIC_APPS BasicForum SQL Injection Attempt -- edit.asp id INSERT
2007214	ET WEB_SPECIFIC_APPS BasicForum SQL Injection Attempt -- edit.asp id DELETE
2007215	ET WEB_SPECIFIC_APPS BasicForum SQL Injection Attempt -- edit.asp id ASCII
2007216	ET WEB_SPECIFIC_APPS BasicForum SQL Injection Attempt -- edit.asp id UPDATE
2006333	ET WEB_SPECIFIC_APPS Bluetrait SQL Injection Attempt -- bt-trackback.php SELECT
2006334	ET WEB_SPECIFIC_APPS Bluetrait SQL Injection Attempt -- bt-trackback.php UNION SELECT
2006335	ET WEB_SPECIFIC_APPS Bluetrait SQL Injection Attempt -- bt-trackback.php INSERT
2006336	ET WEB_SPECIFIC_APPS Bluetrait SQL Injection Attempt -- bt-trackback.php DELETE
2006337	ET WEB_SPECIFIC_APPS Bluetrait SQL Injection Attempt -- bt-trackback.php ASCII
2006338	ET WEB_SPECIFIC_APPS Bluetrait SQL Injection Attempt -- bt-trackback.php UPDATE
2004828	ET WEB_SPECIFIC_APPS Bookmark4U SQL Injection Attempt -- config.php sqlcmd SELECT
2004829	ET WEB_SPECIFIC_APPS Bookmark4U SQL Injection Attempt -- config.php sqlcmd UNION SELECT
2004830	ET WEB_SPECIFIC_APPS Bookmark4U SQL Injection Attempt -- config.php sqlcmd INSERT
2004831	ET WEB_SPECIFIC_APPS Bookmark4U SQL Injection Attempt -- config.php sqlcmd DELETE
2004832	ET WEB_SPECIFIC_APPS Bookmark4U SQL Injection Attempt -- config.php sqlcmd ASCII
2004833	ET WEB_SPECIFIC_APPS Bookmark4U SQL Injection Attempt -- config.php sqlcmd UPDATE
2004024	ET WEB_SPECIFIC_APPS BtiTracker SQL Injection Attempt -- account_change.php style UNION SELECT
2004025	ET WEB_SPECIFIC_APPS BtiTracker SQL Injection Attempt -- account_change.php style INSERT
2004026	ET WEB_SPECIFIC_APPS BtiTracker SQL Injection Attempt -- account_change.php style DELETE
2004027	ET WEB_SPECIFIC_APPS BtiTracker SQL Injection Attempt -- account_change.php style ASCII
2004028	ET WEB_SPECIFIC_APPS BtiTracker SQL Injection Attempt -- account_change.php style UPDATE
2004029	ET WEB_SPECIFIC_APPS BtiTracker SQL Injection Attempt -- account_change.php langue SELECT
2004030	ET WEB_SPECIFIC_APPS BtiTracker SQL Injection Attempt -- account_change.php langue UNION SELECT
2004031	ET WEB_SPECIFIC_APPS BtiTracker SQL Injection Attempt -- account_change.php langue INSERT
2004032	ET WEB_SPECIFIC_APPS BtiTracker SQL Injection Attempt -- account_change.php langue DELETE
2004033	ET WEB_SPECIFIC_APPS BtiTracker SQL Injection Attempt -- account_change.php langue ASCII
2004034	ET WEB_SPECIFIC_APPS BtiTracker SQL Injection Attempt -- account_change.php langue UPDATE
2004985	ET WEB_SPECIFIC_APPS BtitTracker SQL Injection Attempt -- torrents.php by SELECT
2004986	ET WEB_SPECIFIC_APPS BtitTracker SQL Injection Attempt -- torrents.php by UNION SELECT
2004987	ET WEB_SPECIFIC_APPS BtitTracker SQL Injection Attempt -- torrents.php by INSERT
2004988	ET WEB_SPECIFIC_APPS BtitTracker SQL Injection Attempt -- torrents.php by DELETE
2004989	ET WEB_SPECIFIC_APPS BtitTracker SQL Injection Attempt -- torrents.php by ASCII
2004990	ET WEB_SPECIFIC_APPS BtitTracker SQL Injection Attempt -- torrents.php by UPDATE
2004991	ET WEB_SPECIFIC_APPS BtitTracker SQL Injection Attempt -- torrents.php order SELECT
2004992	ET WEB_SPECIFIC_APPS BtitTracker SQL Injection Attempt -- torrents.php order UNION SELECT
2004993	ET WEB_SPECIFIC_APPS BtitTracker SQL Injection Attempt -- torrents.php order INSERT
2004994	ET WEB_SPECIFIC_APPS BtitTracker SQL Injection Attempt -- torrents.php order DELETE
2004995	ET WEB_SPECIFIC_APPS BtitTracker SQL Injection Attempt -- torrents.php order ASCII
2004996	ET WEB_SPECIFIC_APPS BtitTracker SQL Injection Attempt -- torrents.php order UPDATE
2008653	ET WEB_SPECIFIC_APPS Built2go Real Estate Listings event_id SQL Injection
2006249	ET WEB_SPECIFIC_APPS Burak Yylmaz Download Portal SQL Injection Attempt -- HABERLER.ASP kid SELECT
2006250	ET WEB_SPECIFIC_APPS Burak Yylmaz Download Portal SQL Injection Attempt -- HABERLER.ASP kid UNION SELECT
2006251	ET WEB_SPECIFIC_APPS Burak Yylmaz Download Portal SQL Injection Attempt -- HABERLER.ASP kid INSERT
2006252	ET WEB_SPECIFIC_APPS Burak Yylmaz Download Portal SQL Injection Attempt -- HABERLER.ASP kid DELETE
2006253	ET WEB_SPECIFIC_APPS Burak Yylmaz Download Portal SQL Injection Attempt -- HABERLER.ASP kid ASCII
2006254	ET WEB_SPECIFIC_APPS Burak Yylmaz Download Portal SQL Injection Attempt -- HABERLER.ASP kid UPDATE
2006255	ET WEB_SPECIFIC_APPS Burak Yylmaz Download Portal SQL Injection Attempt -- HABERLER.ASP id SELECT
2006256	ET WEB_SPECIFIC_APPS Burak Yylmaz Download Portal SQL Injection Attempt -- HABERLER.ASP id UNION SELECT
2006257	ET WEB_SPECIFIC_APPS Burak Yylmaz Download Portal SQL Injection Attempt -- HABERLER.ASP id INSERT
2006258	ET WEB_SPECIFIC_APPS Burak Yylmaz Download Portal SQL Injection Attempt -- HABERLER.ASP id DELETE
2006259	ET WEB_SPECIFIC_APPS Burak Yylmaz Download Portal SQL Injection Attempt -- HABERLER.ASP id ASCII
2006260	ET WEB_SPECIFIC_APPS Burak Yylmaz Download Portal SQL Injection Attempt -- HABERLER.ASP id UPDATE
2006261	ET WEB_SPECIFIC_APPS Burak Yylmaz Download Portal SQL Injection Attempt -- ASPKAT.ASP id SELECT
2006262	ET WEB_SPECIFIC_APPS Burak Yylmaz Download Portal SQL Injection Attempt -- ASPKAT.ASP id UNION SELECT
2006263	ET WEB_SPECIFIC_APPS Burak Yylmaz Download Portal SQL Injection Attempt -- ASPKAT.ASP id INSERT
2006264	ET WEB_SPECIFIC_APPS Burak Yylmaz Download Portal SQL Injection Attempt -- ASPKAT.ASP id DELETE
2006265	ET WEB_SPECIFIC_APPS Burak Yylmaz Download Portal SQL Injection Attempt -- ASPKAT.ASP id ASCII
2006266	ET WEB_SPECIFIC_APPS Burak Yylmaz Download Portal SQL Injection Attempt -- ASPKAT.ASP id UPDATE
2006267	ET WEB_SPECIFIC_APPS Burak Yylmaz Download Portal SQL Injection Attempt -- ASPKAT.ASP kid SELECT
2006268	ET WEB_SPECIFIC_APPS Burak Yylmaz Download Portal SQL Injection Attempt -- ASPKAT.ASP kid UNION SELECT
2006269	ET WEB_SPECIFIC_APPS Burak Yylmaz Download Portal SQL Injection Attempt -- ASPKAT.ASP kid INSERT
2006270	ET WEB_SPECIFIC_APPS Burak Yylmaz Download Portal SQL Injection Attempt -- ASPKAT.ASP kid DELETE
2006271	ET WEB_SPECIFIC_APPS Burak Yylmaz Download Portal SQL Injection Attempt -- ASPKAT.ASP kid ASCII
2006272	ET WEB_SPECIFIC_APPS Burak Yylmaz Download Portal SQL Injection Attempt -- ASPKAT.ASP kid UPDATE
2007893	ET WEB_SPECIFIC_APPS Cacti SQL Injection Vulnerability tree.php leaf_id SELECT
2007894	ET WEB_SPECIFIC_APPS Cacti SQL Injection Vulnerability tree.php leaf_id UNION SELECT
2007895	ET WEB_SPECIFIC_APPS Cacti SQL Injection Vulnerability tree.php leaf_id INSERT
2007896	ET WEB_SPECIFIC_APPS Cacti SQL Injection Vulnerability tree.php leaf_id DELETE
2007897	ET WEB_SPECIFIC_APPS Cacti SQL Injection Vulnerability tree.php leaf_id UPDATE
2008679	ET WEB_SPECIFIC_APPS CafeEngine id Remote SQL Injection (dish.php)
2008680	ET WEB_SPECIFIC_APPS CafeEngine id Remote SQL Injection (menu.php)
2006165	ET WEB_SPECIFIC_APPS Calendar MX BASIC SQL Injection Attempt -- calendar_detail.asp ID SELECT
2006166	ET WEB_SPECIFIC_APPS Calendar MX BASIC SQL Injection Attempt -- calendar_detail.asp ID UNION SELECT
2006167	ET WEB_SPECIFIC_APPS Calendar MX BASIC SQL Injection Attempt -- calendar_detail.asp ID INSERT
2006168	ET WEB_SPECIFIC_APPS Calendar MX BASIC SQL Injection Attempt -- calendar_detail.asp ID DELETE
2006169	ET WEB_SPECIFIC_APPS Calendar MX BASIC SQL Injection Attempt -- calendar_detail.asp ID ASCII
2006170	ET WEB_SPECIFIC_APPS Calendar MX BASIC SQL Injection Attempt -- calendar_detail.asp ID UPDATE
2006183	ET WEB_SPECIFIC_APPS Newsletter MX SQL Injection Attempt -- admin_mail_adressee.asp ID SELECT
2006184	ET WEB_SPECIFIC_APPS Newsletter MX SQL Injection Attempt -- admin_mail_adressee.asp ID UNION SELECT
2006185	ET WEB_SPECIFIC_APPS Newsletter MX SQL Injection Attempt -- admin_mail_adressee.asp ID INSERT
2006186	ET WEB_SPECIFIC_APPS Newsletter MX SQL Injection Attempt -- admin_mail_adressee.asp ID DELETE
2006187	ET WEB_SPECIFIC_APPS Newsletter MX SQL Injection Attempt -- admin_mail_adressee.asp ID ASCII
2006188	ET WEB_SPECIFIC_APPS Newsletter MX SQL Injection Attempt -- admin_mail_adressee.asp ID UPDATE
2007464	ET WEB_SPECIFIC_APPS CandyPress Store SQL Injection Attempt -- openPolicy.asp policy SELECT
2007465	ET WEB_SPECIFIC_APPS CandyPress Store SQL Injection Attempt -- openPolicy.asp policy UNION SELECT
2007466	ET WEB_SPECIFIC_APPS CandyPress Store SQL Injection Attempt -- openPolicy.asp policy INSERT
2007467	ET WEB_SPECIFIC_APPS CandyPress Store SQL Injection Attempt -- openPolicy.asp policy DELETE
2007468	ET WEB_SPECIFIC_APPS CandyPress Store SQL Injection Attempt -- openPolicy.asp policy ASCII
2007469	ET WEB_SPECIFIC_APPS CandyPress Store SQL Injection Attempt -- openPolicy.asp policy UPDATE
2007470	ET WEB_SPECIFIC_APPS CandyPress Store SQL Injection Attempt -- prodList.asp brand SELECT
2007471	ET WEB_SPECIFIC_APPS CandyPress Store SQL Injection Attempt -- prodList.asp brand UNION SELECT
2007472	ET WEB_SPECIFIC_APPS CandyPress Store SQL Injection Attempt -- prodList.asp brand INSERT
2007473	ET WEB_SPECIFIC_APPS CandyPress Store SQL Injection Attempt -- prodList.asp brand DELETE
2008995	ET WEB_SPECIFIC_APPS CF_Calendar calid parameter SQL Injection
2007474	ET WEB_SPECIFIC_APPS CandyPress Store SQL Injection Attempt -- prodList.asp brand ASCII
2007475	ET WEB_SPECIFIC_APPS CandyPress Store SQL Injection Attempt -- prodList.asp brand UPDATE
2007223	ET WEB_SPECIFIC_APPS ClickTech Click Blog SQL Injection Attempt -- displayCalendar.asp date SELECT
2007224	ET WEB_SPECIFIC_APPS ClickTech Click Blog SQL Injection Attempt -- displayCalendar.asp date UNION SELECT
2006347	ET WEB_SPECIFIC_APPS Messageriescripthp SQL Injection Attempt -- lire-avis.php aa INSERT
2007225	ET WEB_SPECIFIC_APPS ClickTech Click Blog SQL Injection Attempt -- displayCalendar.asp date INSERT
2007226	ET WEB_SPECIFIC_APPS ClickTech Click Blog SQL Injection Attempt -- displayCalendar.asp date DELETE
2007227	ET WEB_SPECIFIC_APPS ClickTech Click Blog SQL Injection Attempt -- displayCalendar.asp date ASCII
2007228	ET WEB_SPECIFIC_APPS ClickTech Click Blog SQL Injection Attempt -- displayCalendar.asp date UPDATE
2007229	ET WEB_SPECIFIC_APPS ClickTech Click Gallery SQL Injection Attempt -- view_gallery.asp currentpage SELECT
2007230	ET WEB_SPECIFIC_APPS ClickTech Click Gallery SQL Injection Attempt -- view_gallery.asp currentpage UNION SELECT
2007231	ET WEB_SPECIFIC_APPS ClickTech Click Gallery SQL Injection Attempt -- view_gallery.asp currentpage INSERT
2007232	ET WEB_SPECIFIC_APPS ClickTech Click Gallery SQL Injection Attempt -- view_gallery.asp currentpage DELETE
2007233	ET WEB_SPECIFIC_APPS ClickTech Click Gallery SQL Injection Attempt -- view_gallery.asp currentpage ASCII
2007234	ET WEB_SPECIFIC_APPS ClickTech Click Gallery SQL Injection Attempt -- view_gallery.asp currentpage UPDATE
2007235	ET WEB_SPECIFIC_APPS ClickTech Click Gallery SQL Injection Attempt -- view_gallery.asp gallery_id SELECT
2007236	ET WEB_SPECIFIC_APPS ClickTech Click Gallery SQL Injection Attempt -- view_gallery.asp gallery_id UNION SELECT
2007237	ET WEB_SPECIFIC_APPS ClickTech Click Gallery SQL Injection Attempt -- view_gallery.asp gallery_id INSERT
2007238	ET WEB_SPECIFIC_APPS ClickTech Click Gallery SQL Injection Attempt -- view_gallery.asp gallery_id DELETE
2007239	ET WEB_SPECIFIC_APPS ClickTech Click Gallery SQL Injection Attempt -- view_gallery.asp gallery_id ASCII
2007240	ET WEB_SPECIFIC_APPS ClickTech Click Gallery SQL Injection Attempt -- view_gallery.asp gallery_id UPDATE
2007241	ET WEB_SPECIFIC_APPS ClickTech Click Gallery SQL Injection Attempt -- download_image.asp image_id SELECT
2007242	ET WEB_SPECIFIC_APPS ClickTech Click Gallery SQL Injection Attempt -- download_image.asp image_id UNION SELECT
2007243	ET WEB_SPECIFIC_APPS ClickTech Click Gallery SQL Injection Attempt -- download_image.asp image_id INSERT
2007244	ET WEB_SPECIFIC_APPS ClickTech Click Gallery SQL Injection Attempt -- download_image.asp image_id DELETE
2007245	ET WEB_SPECIFIC_APPS ClickTech Click Gallery SQL Injection Attempt -- download_image.asp image_id ASCII
2007246	ET WEB_SPECIFIC_APPS ClickTech Click Gallery SQL Injection Attempt -- download_image.asp image_id UPDATE
2007247	ET WEB_SPECIFIC_APPS ClickTech Click Gallery SQL Injection Attempt -- gallery.asp currentpage SELECT
2007248	ET WEB_SPECIFIC_APPS ClickTech Click Gallery SQL Injection Attempt -- gallery.asp currentpage UNION SELECT
2007249	ET WEB_SPECIFIC_APPS ClickTech Click Gallery SQL Injection Attempt -- gallery.asp currentpage INSERT
2007250	ET WEB_SPECIFIC_APPS ClickTech Click Gallery SQL Injection Attempt -- gallery.asp currentpage DELETE
2007251	ET WEB_SPECIFIC_APPS ClickTech Click Gallery SQL Injection Attempt -- gallery.asp currentpage ASCII
2007252	ET WEB_SPECIFIC_APPS ClickTech Click Gallery SQL Injection Attempt -- gallery.asp currentpage UPDATE
2007253	ET WEB_SPECIFIC_APPS ClickTech Click Gallery SQL Injection Attempt -- gallery.asp orderby SELECT
2007254	ET WEB_SPECIFIC_APPS ClickTech Click Gallery SQL Injection Attempt -- gallery.asp orderby UNION SELECT
2007255	ET WEB_SPECIFIC_APPS ClickTech Click Gallery SQL Injection Attempt -- gallery.asp orderby INSERT
2007256	ET WEB_SPECIFIC_APPS ClickTech Click Gallery SQL Injection Attempt -- gallery.asp orderby DELETE
2007257	ET WEB_SPECIFIC_APPS ClickTech Click Gallery SQL Injection Attempt -- gallery.asp orderby ASCII
2007258	ET WEB_SPECIFIC_APPS ClickTech Click Gallery SQL Injection Attempt -- gallery.asp orderby UPDATE
2007259	ET WEB_SPECIFIC_APPS ClickTech Click Gallery SQL Injection Attempt -- view_recent.asp currentpage SELECT
2007260	ET WEB_SPECIFIC_APPS ClickTech Click Gallery SQL Injection Attempt -- view_recent.asp currentpage UNION SELECT
2007261	ET WEB_SPECIFIC_APPS ClickTech Click Gallery SQL Injection Attempt -- view_recent.asp currentpage INSERT
2007262	ET WEB_SPECIFIC_APPS ClickTech Click Gallery SQL Injection Attempt -- view_recent.asp currentpage DELETE
2007263	ET WEB_SPECIFIC_APPS ClickTech Click Gallery SQL Injection Attempt -- view_recent.asp currentpage ASCII
2007264	ET WEB_SPECIFIC_APPS ClickTech Click Gallery SQL Injection Attempt -- view_recent.asp currentpage UPDATE
2007265	ET WEB_SPECIFIC_APPS ClickTech ClickContact SQL Injection Attempt -- default.asp AlphaSort SELECT
2007267	ET WEB_SPECIFIC_APPS ClickTech ClickContact SQL Injection Attempt -- default.asp AlphaSort INSERT
2007268	ET WEB_SPECIFIC_APPS ClickTech ClickContact SQL Injection Attempt -- default.asp AlphaSort DELETE
2007269	ET WEB_SPECIFIC_APPS ClickTech ClickContact SQL Injection Attempt -- default.asp AlphaSort ASCII
2007270	ET WEB_SPECIFIC_APPS ClickTech ClickContact SQL Injection Attempt -- default.asp AlphaSort UPDATE
2007271	ET WEB_SPECIFIC_APPS ClickTech ClickContact SQL Injection Attempt -- default.asp In SELECT
2007272	ET WEB_SPECIFIC_APPS ClickTech ClickContact SQL Injection Attempt -- default.asp In UNION SELECT
2007273	ET WEB_SPECIFIC_APPS ClickTech ClickContact SQL Injection Attempt -- default.asp In INSERT
2007274	ET WEB_SPECIFIC_APPS ClickTech ClickContact SQL Injection Attempt -- default.asp In DELETE
2007275	ET WEB_SPECIFIC_APPS ClickTech ClickContact SQL Injection Attempt -- default.asp In ASCII
2007276	ET WEB_SPECIFIC_APPS ClickTech ClickContact SQL Injection Attempt -- default.asp In UPDATE
2007278	ET WEB_SPECIFIC_APPS ClickTech ClickContact SQL Injection Attempt -- default.asp orderby UNION SELECT
2007279	ET WEB_SPECIFIC_APPS ClickTech ClickContact SQL Injection Attempt -- default.asp orderby INSERT
2007280	ET WEB_SPECIFIC_APPS ClickTech ClickContact SQL Injection Attempt -- default.asp orderby DELETE
2007281	ET WEB_SPECIFIC_APPS ClickTech ClickContact SQL Injection Attempt -- default.asp orderby ASCII
2007282	ET WEB_SPECIFIC_APPS ClickTech ClickContact SQL Injection Attempt -- default.asp orderby UPDATE
2004875	ET WEB_SPECIFIC_APPS CodeAvalanche News SQL Injection Attempt -- inc_listnews.asp CAT_ID SELECT
2004876	ET WEB_SPECIFIC_APPS CodeAvalanche News SQL Injection Attempt -- inc_listnews.asp CAT_ID UNION SELECT
2004877	ET WEB_SPECIFIC_APPS CodeAvalanche News SQL Injection Attempt -- inc_listnews.asp CAT_ID INSERT
2004878	ET WEB_SPECIFIC_APPS CodeAvalanche News SQL Injection Attempt -- inc_listnews.asp CAT_ID DELETE
2004879	ET WEB_SPECIFIC_APPS CodeAvalanche News SQL Injection Attempt -- inc_listnews.asp CAT_ID ASCII
2004880	ET WEB_SPECIFIC_APPS CodeAvalanche News SQL Injection Attempt -- inc_listnews.asp CAT_ID UPDATE
2006504	ET WEB_SPECIFIC_APPS Comersus Shop Cart SQL Injection Attempt -- comersus_optReviewReadExec.asp idProduct SELECT
2006505	ET WEB_SPECIFIC_APPS Comersus Shop Cart SQL Injection Attempt -- comersus_optReviewReadExec.asp idProduct UNION SELECT
2006506	ET WEB_SPECIFIC_APPS Comersus Shop Cart SQL Injection Attempt -- comersus_optReviewReadExec.asp idProduct INSERT
2006507	ET WEB_SPECIFIC_APPS Comersus Shop Cart SQL Injection Attempt -- comersus_optReviewReadExec.asp idProduct DELETE
2006508	ET WEB_SPECIFIC_APPS Comersus Shop Cart SQL Injection Attempt -- comersus_optReviewReadExec.asp idProduct ASCII
2006509	ET WEB_SPECIFIC_APPS Comersus Shop Cart SQL Injection Attempt -- comersus_optReviewReadExec.asp idProduct UPDATE
2004636	ET WEB_SPECIFIC_APPS Comicsense SQL Injection Attempt -- index.php epi UNION SELECT
2004637	ET WEB_SPECIFIC_APPS Comicsense SQL Injection Attempt -- index.php epi INSERT
2004638	ET WEB_SPECIFIC_APPS Comicsense SQL Injection Attempt -- index.php epi DELETE
2004639	ET WEB_SPECIFIC_APPS Comicsense SQL Injection Attempt -- index.php epi ASCII
2004640	ET WEB_SPECIFIC_APPS Comicsense SQL Injection Attempt -- index.php epi UPDATE
2004705	ET WEB_SPECIFIC_APPS Connectix Boards SQL Injection Attempt -- admin.php uploadimage SELECT
2004706	ET WEB_SPECIFIC_APPS Connectix Boards SQL Injection Attempt -- admin.php uploadimage UNION SELECT
2004707	ET WEB_SPECIFIC_APPS Connectix Boards SQL Injection Attempt -- admin.php uploadimage INSERT
2004708	ET WEB_SPECIFIC_APPS Connectix Boards SQL Injection Attempt -- admin.php uploadimage DELETE
2004709	ET WEB_SPECIFIC_APPS Connectix Boards SQL Injection Attempt -- admin.php uploadimage ASCII
2004710	ET WEB_SPECIFIC_APPS Connectix Boards SQL Injection Attempt -- admin.php uploadimage UPDATE
2004711	ET WEB_SPECIFIC_APPS Connectix Boards SQL Injection Attempt -- index.php p_skin SELECT
2004712	ET WEB_SPECIFIC_APPS Connectix Boards SQL Injection Attempt -- index.php p_skin UNION SELECT
2004715	ET WEB_SPECIFIC_APPS Connectix Boards SQL Injection Attempt -- index.php p_skin ASCII
2004716	ET WEB_SPECIFIC_APPS Connectix Boards SQL Injection Attempt -- index.php p_skin UPDATE
2007336	ET WEB_SPECIFIC_APPS ContentNow SQL Injection Attempt -- index.php pageid SELECT
2007337	ET WEB_SPECIFIC_APPS ContentNow SQL Injection Attempt -- index.php pageid UNION SELECT
2007338	ET WEB_SPECIFIC_APPS ContentNow SQL Injection Attempt -- index.php pageid INSERT
2007339	ET WEB_SPECIFIC_APPS ContentNow SQL Injection Attempt -- index.php pageid DELETE
2007340	ET WEB_SPECIFIC_APPS ContentNow SQL Injection Attempt -- index.php pageid ASCII
2007341	ET WEB_SPECIFIC_APPS ContentNow SQL Injection Attempt -- index.php pageid UPDATE
2006303	ET WEB_SPECIFIC_APPS Contra Haber Sistemi SQL Injection Attempt -- haber.asp id SELECT
2006304	ET WEB_SPECIFIC_APPS Contra Haber Sistemi SQL Injection Attempt -- haber.asp id UNION SELECT
2006305	ET WEB_SPECIFIC_APPS Contra Haber Sistemi SQL Injection Attempt -- haber.asp id INSERT
2006306	ET WEB_SPECIFIC_APPS Contra Haber Sistemi SQL Injection Attempt -- haber.asp id DELETE
2006307	ET WEB_SPECIFIC_APPS Contra Haber Sistemi SQL Injection Attempt -- haber.asp id ASCII
2006308	ET WEB_SPECIFIC_APPS Contra Haber Sistemi SQL Injection Attempt -- haber.asp id UPDATE
2004809	ET WEB_SPECIFIC_APPS Coppermine Photo Gallery (CPG) SQL Injection Attempt -- thumbnails.php cpg131_fav SELECT
2004810	ET WEB_SPECIFIC_APPS Coppermine Photo Gallery (CPG) SQL Injection Attempt -- thumbnails.php cpg131_fav UNION SELECT
2004811	ET WEB_SPECIFIC_APPS Coppermine Photo Gallery (CPG) SQL Injection Attempt -- thumbnails.php cpg131_fav INSERT
2004812	ET WEB_SPECIFIC_APPS Coppermine Photo Gallery (CPG) SQL Injection Attempt -- thumbnails.php cpg131_fav DELETE
2004813	ET WEB_SPECIFIC_APPS Coppermine Photo Gallery (CPG) SQL Injection Attempt -- thumbnails.php cpg131_fav ASCII
2004815	ET WEB_SPECIFIC_APPS Coppermine Photo Gallery (CPG) SQL Injection Attempt -- thumbnails.php cpg131_fav UPDATE
2005841	ET WEB_SPECIFIC_APPS Coppermine Photo Gallery SQL Injection Attempt -- albmgr.php cat SELECT
2005842	ET WEB_SPECIFIC_APPS Coppermine Photo Gallery SQL Injection Attempt -- albmgr.php cat UNION SELECT
2005843	ET WEB_SPECIFIC_APPS Coppermine Photo Gallery SQL Injection Attempt -- albmgr.php cat INSERT
2005844	ET WEB_SPECIFIC_APPS Coppermine Photo Gallery SQL Injection Attempt -- albmgr.php cat DELETE
2005845	ET WEB_SPECIFIC_APPS Coppermine Photo Gallery SQL Injection Attempt -- albmgr.php cat ASCII
2005846	ET WEB_SPECIFIC_APPS Coppermine Photo Gallery SQL Injection Attempt -- albmgr.php cat UPDATE
2005847	ET WEB_SPECIFIC_APPS Coppermine Photo Gallery SQL Injection Attempt -- usermgr.php gid SELECT
2005848	ET WEB_SPECIFIC_APPS Coppermine Photo Gallery SQL Injection Attempt -- usermgr.php gid UNION SELECT
2005849	ET WEB_SPECIFIC_APPS Coppermine Photo Gallery SQL Injection Attempt -- usermgr.php gid INSERT
2005851	ET WEB_SPECIFIC_APPS Coppermine Photo Gallery SQL Injection Attempt -- usermgr.php gid ASCII
2005852	ET WEB_SPECIFIC_APPS Coppermine Photo Gallery SQL Injection Attempt -- usermgr.php gid UPDATE
2005853	ET WEB_SPECIFIC_APPS Coppermine Photo Gallery SQL Injection Attempt -- db_ecard.php start SELECT
2005854	ET WEB_SPECIFIC_APPS Coppermine Photo Gallery SQL Injection Attempt -- db_ecard.php start UNION SELECT
2005856	ET WEB_SPECIFIC_APPS Coppermine Photo Gallery SQL Injection Attempt -- db_ecard.php start DELETE
2005857	ET WEB_SPECIFIC_APPS Coppermine Photo Gallery SQL Injection Attempt -- db_ecard.php start ASCII
2005858	ET WEB_SPECIFIC_APPS Coppermine Photo Gallery SQL Injection Attempt -- db_ecard.php start UPDATE
2005859	ET WEB_SPECIFIC_APPS CreateAuction SQL Injection Attempt -- cats.asp catid SELECT
2005860	ET WEB_SPECIFIC_APPS CreateAuction SQL Injection Attempt -- cats.asp catid UNION SELECT
2005861	ET WEB_SPECIFIC_APPS CreateAuction SQL Injection Attempt -- cats.asp catid INSERT
2005862	ET WEB_SPECIFIC_APPS CreateAuction SQL Injection Attempt -- cats.asp catid DELETE
2005863	ET WEB_SPECIFIC_APPS CreateAuction SQL Injection Attempt -- cats.asp catid ASCII
2005864	ET WEB_SPECIFIC_APPS CreateAuction SQL Injection Attempt -- cats.asp catid UPDATE
2004035	ET WEB_SPECIFIC_APPS CubeCart SQL Injection Attempt -- cart.inc.php SELECT
2004036	ET WEB_SPECIFIC_APPS CubeCart SQL Injection Attempt -- cart.inc.php UNION SELECT
2004037	ET WEB_SPECIFIC_APPS CubeCart SQL Injection Attempt -- cart.inc.php INSERT
2004038	ET WEB_SPECIFIC_APPS CubeCart SQL Injection Attempt -- cart.inc.php DELETE
2004039	ET WEB_SPECIFIC_APPS CubeCart SQL Injection Attempt -- cart.inc.php ASCII
2004040	ET WEB_SPECIFIC_APPS CubeCart SQL Injection Attempt -- cart.inc.php UPDATE
2010271	ET WEB_SPECIFIC_APPS DEDECMS feedback_js.php arcurl Parameter SELECT FROM SQL Injection Attempt
2010272	ET WEB_SPECIFIC_APPS DEDECMS feedback_js.php arcurl Parameter DELETE FROM SQL Injection Attempt
2010273	ET WEB_SPECIFIC_APPS DEDECMS feedback_js.php arcurl Parameter UNION SELECT SQL Injection Attempt
2010274	ET WEB_SPECIFIC_APPS DEDECMS feedback_js.php arcurl Parameter INSERT INTO SQL Injection Attempt
2010275	ET WEB_SPECIFIC_APPS DEDECMS feedback_js.php arcurl Parameter UPDATE SET SQL Injection Attempt
2004083	ET WEB_SPECIFIC_APPS DGNews SQL Injection Attempt -- news.php catid SELECT
2004084	ET WEB_SPECIFIC_APPS DGNews SQL Injection Attempt -- news.php catid UNION SELECT
2004085	ET WEB_SPECIFIC_APPS DGNews SQL Injection Attempt -- news.php catid INSERT
2004086	ET WEB_SPECIFIC_APPS DGNews SQL Injection Attempt -- news.php catid DELETE
2004087	ET WEB_SPECIFIC_APPS DGNews SQL Injection Attempt -- news.php catid ASCII
2004088	ET WEB_SPECIFIC_APPS DGNews SQL Injection Attempt -- news.php catid UPDATE
2004456	ET WEB_SPECIFIC_APPS DGNews SQL Injection Attempt -- news.php newsid SELECT
2004457	ET WEB_SPECIFIC_APPS DGNews SQL Injection Attempt -- news.php newsid UNION SELECT
2004458	ET WEB_SPECIFIC_APPS DGNews SQL Injection Attempt -- news.php newsid INSERT
2004459	ET WEB_SPECIFIC_APPS DGNews SQL Injection Attempt -- news.php newsid DELETE
2004460	ET WEB_SPECIFIC_APPS DGNews SQL Injection Attempt -- news.php newsid ASCII
2004684	ET WEB_SPECIFIC_APPS DMXReady Site Engine Manager SQL Injection Attempt -- index.asp mid UNION SELECT
2004685	ET WEB_SPECIFIC_APPS DMXReady Site Engine Manager SQL Injection Attempt -- index.asp mid INSERT
2004686	ET WEB_SPECIFIC_APPS DMXReady Site Engine Manager SQL Injection Attempt -- index.asp mid DELETE
2004687	ET WEB_SPECIFIC_APPS DMXReady Site Engine Manager SQL Injection Attempt -- index.asp mid ASCII
2004688	ET WEB_SPECIFIC_APPS DMXReady Site Engine Manager SQL Injection Attempt -- index.asp mid UPDATE
2006081	ET WEB_SPECIFIC_APPS DMXReady Secure Login Manager SQL Injection Attempt -- set_preferences.asp SELECT
2006082	ET WEB_SPECIFIC_APPS DMXReady Secure Login Manager SQL Injection Attempt -- set_preferences.asp UNION SELECT
2006084	ET WEB_SPECIFIC_APPS DMXReady Secure Login Manager SQL Injection Attempt -- set_preferences.asp DELETE
2006085	ET WEB_SPECIFIC_APPS DMXReady Secure Login Manager SQL Injection Attempt -- set_preferences.asp ASCII
2006086	ET WEB_SPECIFIC_APPS DMXReady Secure Login Manager SQL Injection Attempt -- set_preferences.asp UPDATE
2006087	ET WEB_SPECIFIC_APPS DMXReady Secure Login Manager SQL Injection Attempt -- send_password_preferences.asp SELECT
2006088	ET WEB_SPECIFIC_APPS DMXReady Secure Login Manager SQL Injection Attempt -- send_password_preferences.asp UNION SELECT
2006089	ET WEB_SPECIFIC_APPS DMXReady Secure Login Manager SQL Injection Attempt -- send_password_preferences.asp INSERT
2006090	ET WEB_SPECIFIC_APPS DMXReady Secure Login Manager SQL Injection Attempt -- send_password_preferences.asp DELETE
2006091	ET WEB_SPECIFIC_APPS DMXReady Secure Login Manager SQL Injection Attempt -- send_password_preferences.asp ASCII
2006092	ET WEB_SPECIFIC_APPS DMXReady Secure Login Manager SQL Injection Attempt -- send_password_preferences.asp UPDATE
2006094	ET WEB_SPECIFIC_APPS DMXReady Secure Login Manager SQL Injection Attempt -- list.asp UNION SELECT
2006095	ET WEB_SPECIFIC_APPS DMXReady Secure Login Manager SQL Injection Attempt -- list.asp INSERT
2006096	ET WEB_SPECIFIC_APPS DMXReady Secure Login Manager SQL Injection Attempt -- list.asp DELETE
2006097	ET WEB_SPECIFIC_APPS DMXReady Secure Login Manager SQL Injection Attempt -- list.asp ASCII
2006098	ET WEB_SPECIFIC_APPS DMXReady Secure Login Manager SQL Injection Attempt -- list.asp UPDATE
2006099	ET WEB_SPECIFIC_APPS DMXReady Secure Login Manager SQL Injection Attempt -- login.asp sent SELECT
2006100	ET WEB_SPECIFIC_APPS DMXReady Secure Login Manager SQL Injection Attempt -- login.asp sent UNION SELECT
2006101	ET WEB_SPECIFIC_APPS DMXReady Secure Login Manager SQL Injection Attempt -- login.asp sent INSERT
2006102	ET WEB_SPECIFIC_APPS DMXReady Secure Login Manager SQL Injection Attempt -- login.asp sent DELETE
2006103	ET WEB_SPECIFIC_APPS DMXReady Secure Login Manager SQL Injection Attempt -- login.asp sent ASCII
2006104	ET WEB_SPECIFIC_APPS DMXReady Secure Login Manager SQL Injection Attempt -- login.asp sent UPDATE
2006105	ET WEB_SPECIFIC_APPS DMXReady Secure Login Manager SQL Injection Attempt -- content.asp sent SELECT
2006106	ET WEB_SPECIFIC_APPS DMXReady Secure Login Manager SQL Injection Attempt -- content.asp sent UNION SELECT
2006107	ET WEB_SPECIFIC_APPS DMXReady Secure Login Manager SQL Injection Attempt -- content.asp sent INSERT
2006108	ET WEB_SPECIFIC_APPS DMXReady Secure Login Manager SQL Injection Attempt -- content.asp sent DELETE
2006109	ET WEB_SPECIFIC_APPS DMXReady Secure Login Manager SQL Injection Attempt -- content.asp sent ASCII
2006110	ET WEB_SPECIFIC_APPS DMXReady Secure Login Manager SQL Injection Attempt -- content.asp sent UPDATE
2006111	ET WEB_SPECIFIC_APPS DMXReady Secure Login Manager SQL Injection Attempt -- members.asp sent SELECT
2006112	ET WEB_SPECIFIC_APPS DMXReady Secure Login Manager SQL Injection Attempt -- members.asp sent UNION SELECT
2006113	ET WEB_SPECIFIC_APPS DMXReady Secure Login Manager SQL Injection Attempt -- members.asp sent INSERT
2006114	ET WEB_SPECIFIC_APPS DMXReady Secure Login Manager SQL Injection Attempt -- members.asp sent DELETE
2006115	ET WEB_SPECIFIC_APPS DMXReady Secure Login Manager SQL Injection Attempt -- members.asp sent ASCII
2006117	ET WEB_SPECIFIC_APPS DMXReady Secure Login Manager SQL Injection Attempt -- inc_secureloginmanager.asp sent SELECT
2006118	ET WEB_SPECIFIC_APPS DMXReady Secure Login Manager SQL Injection Attempt -- inc_secureloginmanager.asp sent UNION SELECT
2006119	ET WEB_SPECIFIC_APPS DMXReady Secure Login Manager SQL Injection Attempt -- inc_secureloginmanager.asp sent INSERT
2006120	ET WEB_SPECIFIC_APPS DMXReady Secure Login Manager SQL Injection Attempt -- inc_secureloginmanager.asp sent DELETE
2006121	ET WEB_SPECIFIC_APPS DMXReady Secure Login Manager SQL Injection Attempt -- inc_secureloginmanager.asp sent ASCII
2006122	ET WEB_SPECIFIC_APPS DMXReady Secure Login Manager SQL Injection Attempt -- inc_secureloginmanager.asp sent UPDATE
2005088	ET WEB_SPECIFIC_APPS Eclectic Designs CascadianFAQ SQL Injection Attempt -- index.php qid UNION SELECT
2005089	ET WEB_SPECIFIC_APPS Eclectic Designs CascadianFAQ SQL Injection Attempt -- index.php qid INSERT
2005090	ET WEB_SPECIFIC_APPS Eclectic Designs CascadianFAQ SQL Injection Attempt -- index.php qid DELETE
2005092	ET WEB_SPECIFIC_APPS Eclectic Designs CascadianFAQ SQL Injection Attempt -- index.php qid UPDATE
2005091	ET WEB_SPECIFIC_APPS Eclectic Designs CascadianFAQ SQL Injection Attempt -- index.php qid ASCII
2005113	ET WEB_SPECIFIC_APPS Eclectic Designs CascadianFAQ SQL Injection Attempt -- index.php catid INSERT
2005112	ET WEB_SPECIFIC_APPS Eclectic Designs CascadianFAQ SQL Injection Attempt -- index.php catid UNION SELECT
2005114	ET WEB_SPECIFIC_APPS Eclectic Designs CascadianFAQ SQL Injection Attempt -- index.php catid DELETE
2005116	ET WEB_SPECIFIC_APPS Eclectic Designs CascadianFAQ SQL Injection Attempt -- index.php catid UPDATE
2005115	ET WEB_SPECIFIC_APPS Eclectic Designs CascadianFAQ SQL Injection Attempt -- index.php catid ASCII
2005895	ET WEB_SPECIFIC_APPS Digitizing Quote And Ordering System SQL Injection Attempt -- search.asp ordernum SELECT
2005896	ET WEB_SPECIFIC_APPS Digitizing Quote And Ordering System SQL Injection Attempt -- search.asp ordernum UNION SELECT
2005897	ET WEB_SPECIFIC_APPS Digitizing Quote And Ordering System SQL Injection Attempt -- search.asp ordernum INSERT
2005898	ET WEB_SPECIFIC_APPS Digitizing Quote And Ordering System SQL Injection Attempt -- search.asp ordernum DELETE
2005899	ET WEB_SPECIFIC_APPS Digitizing Quote And Ordering System SQL Injection Attempt -- search.asp ordernum ASCII
2005900	ET WEB_SPECIFIC_APPS Digitizing Quote And Ordering System SQL Injection Attempt -- search.asp ordernum UPDATE
2004834	ET WEB_SPECIFIC_APPS Design4Online UserPages2 SQL Injection Attempt -- page.asp art_id SELECT
2004835	ET WEB_SPECIFIC_APPS Design4Online UserPages2 SQL Injection Attempt -- page.asp art_id UNION SELECT
2004836	ET WEB_SPECIFIC_APPS Design4Online UserPages2 SQL Injection Attempt -- page.asp art_id INSERT
2004837	ET WEB_SPECIFIC_APPS Design4Online UserPages2 SQL Injection Attempt -- page.asp art_id DELETE
2004839	ET WEB_SPECIFIC_APPS Design4Online UserPages2 SQL Injection Attempt -- page.asp art_id UPDATE
2005591	ET WEB_SPECIFIC_APPS Digiappz DigiAffiliate SQL Injection Attempt -- visu_user.asp id SELECT
2005592	ET WEB_SPECIFIC_APPS Digiappz DigiAffiliate SQL Injection Attempt -- visu_user.asp id UNION SELECT
2005593	ET WEB_SPECIFIC_APPS Digiappz DigiAffiliate SQL Injection Attempt -- visu_user.asp id INSERT
2005594	ET WEB_SPECIFIC_APPS Digiappz DigiAffiliate SQL Injection Attempt -- visu_user.asp id DELETE
2005595	ET WEB_SPECIFIC_APPS Digiappz DigiAffiliate SQL Injection Attempt -- visu_user.asp id ASCII
2005596	ET WEB_SPECIFIC_APPS Digiappz DigiAffiliate SQL Injection Attempt -- visu_user.asp id UPDATE
2005835	ET WEB_SPECIFIC_APPS Digirez SQL Injection Attempt -- info_book.asp book_id SELECT
2005836	ET WEB_SPECIFIC_APPS Digirez SQL Injection Attempt -- info_book.asp book_id UNION SELECT
2005837	ET WEB_SPECIFIC_APPS Digirez SQL Injection Attempt -- info_book.asp book_id INSERT
2005838	ET WEB_SPECIFIC_APPS Digirez SQL Injection Attempt -- info_book.asp book_id DELETE
2005839	ET WEB_SPECIFIC_APPS Digirez SQL Injection Attempt -- info_book.asp book_id ASCII
2005840	ET WEB_SPECIFIC_APPS Digirez SQL Injection Attempt -- info_book.asp book_id UPDATE
2010073	ET WEB_SPECIFIC_APPS Possible Docebo UPDATE SET SQL Injection Attempt
2010074	ET WEB_SPECIFIC_APPS Possible Docebo UNION SELECT SQL Injection Attempt
2010075	ET WEB_SPECIFIC_APPS Possible Docebo SELECT FROM SQL Injection Attempt
2010076	ET WEB_SPECIFIC_APPS Possible Docebo DELETE FROM SQL Injection Attempt
2004047	ET WEB_SPECIFIC_APPS Dokeos SQL Injection Attempt -- courseLog.php scormcontopen SELECT
2004048	ET WEB_SPECIFIC_APPS Dokeos SQL Injection Attempt -- courseLog.php scormcontopen UNION SELECT
2004049	ET WEB_SPECIFIC_APPS Dokeos SQL Injection Attempt -- courseLog.php scormcontopen INSERT
2004050	ET WEB_SPECIFIC_APPS Dokeos SQL Injection Attempt -- courseLog.php scormcontopen DELETE
2004051	ET WEB_SPECIFIC_APPS Dokeos SQL Injection Attempt -- courseLog.php scormcontopen ASCII
2004052	ET WEB_SPECIFIC_APPS Dokeos SQL Injection Attempt -- courseLog.php scormcontopen UPDATE
2004065	ET WEB_SPECIFIC_APPS Dokeos SQL Injection Attempt -- my_progress.php course SELECT
2004066	ET WEB_SPECIFIC_APPS Dokeos SQL Injection Attempt -- my_progress.php course UNION SELECT
2004067	ET WEB_SPECIFIC_APPS Dokeos SQL Injection Attempt -- my_progress.php course INSERT
2004068	ET WEB_SPECIFIC_APPS Dokeos SQL Injection Attempt -- my_progress.php course DELETE
2004069	ET WEB_SPECIFIC_APPS Dokeos SQL Injection Attempt -- my_progress.php course ASCII
2004070	ET WEB_SPECIFIC_APPS Dokeos SQL Injection Attempt -- my_progress.php course UPDATE
2006141	ET WEB_SPECIFIC_APPS Dragon Business Directory SQL Injection Attempt -- bus_details.asp ID SELECT
2006142	ET WEB_SPECIFIC_APPS Dragon Business Directory SQL Injection Attempt -- bus_details.asp ID UNION SELECT
2006143	ET WEB_SPECIFIC_APPS Dragon Business Directory SQL Injection Attempt -- bus_details.asp ID INSERT
2006144	ET WEB_SPECIFIC_APPS Dragon Business Directory SQL Injection Attempt -- bus_details.asp ID DELETE
2006146	ET WEB_SPECIFIC_APPS Dragon Business Directory SQL Injection Attempt -- bus_details.asp ID UPDATE
2004385	ET WEB_SPECIFIC_APPS fystyq Duyuru Scripti SQL Injection Attempt -- goster.asp id SELECT
2004387	ET WEB_SPECIFIC_APPS fystyq Duyuru Scripti SQL Injection Attempt -- goster.asp id INSERT
2004388	ET WEB_SPECIFIC_APPS fystyq Duyuru Scripti SQL Injection Attempt -- goster.asp id DELETE
2004389	ET WEB_SPECIFIC_APPS fystyq Duyuru Scripti SQL Injection Attempt -- goster.asp id ASCII
2004390	ET WEB_SPECIFIC_APPS fystyq Duyuru Scripti SQL Injection Attempt -- goster.asp id UPDATE
2006687	ET WEB_SPECIFIC_APPS DUware DUdownload SQL Injection Attempt -- detail.asp iFile SELECT
2006688	ET WEB_SPECIFIC_APPS DUware DUdownload SQL Injection Attempt -- detail.asp iFile UNION SELECT
2006689	ET WEB_SPECIFIC_APPS DUware DUdownload SQL Injection Attempt -- detail.asp iFile INSERT
2006690	ET WEB_SPECIFIC_APPS DUware DUdownload SQL Injection Attempt -- detail.asp iFile DELETE
2006691	ET WEB_SPECIFIC_APPS DUware DUdownload SQL Injection Attempt -- detail.asp iFile ASCII
2006692	ET WEB_SPECIFIC_APPS DUware DUdownload SQL Injection Attempt -- detail.asp iFile UPDATE
2006694	ET WEB_SPECIFIC_APPS DUware DUdownload SQL Injection Attempt -- detail.asp action SELECT
2006695	ET WEB_SPECIFIC_APPS DUware DUdownload SQL Injection Attempt -- detail.asp action UNION SELECT
2006696	ET WEB_SPECIFIC_APPS DUware DUdownload SQL Injection Attempt -- detail.asp action INSERT
2006697	ET WEB_SPECIFIC_APPS DUware DUdownload SQL Injection Attempt -- detail.asp action DELETE
2006698	ET WEB_SPECIFIC_APPS DUware DUdownload SQL Injection Attempt -- detail.asp action ASCII
2006699	ET WEB_SPECIFIC_APPS DUware DUdownload SQL Injection Attempt -- detail.asp action UPDATE
2006700	ET WEB_SPECIFIC_APPS DUware DUpaypal SQL Injection Attempt -- detail.asp iType SELECT
2006701	ET WEB_SPECIFIC_APPS DUware DUpaypal SQL Injection Attempt -- detail.asp iType UNION SELECT
2006702	ET WEB_SPECIFIC_APPS DUware DUpaypal SQL Injection Attempt -- detail.asp iType INSERT
2006703	ET WEB_SPECIFIC_APPS DUware DUpaypal SQL Injection Attempt -- detail.asp iType DELETE
2006704	ET WEB_SPECIFIC_APPS DUware DUpaypal SQL Injection Attempt -- detail.asp iType ASCII
2006705	ET WEB_SPECIFIC_APPS DUware DUpaypal SQL Injection Attempt -- detail.asp iType UPDATE
2006706	ET WEB_SPECIFIC_APPS DuWare DuClassmate SQL Injection Attempt -- default.asp iCity SELECT
2006707	ET WEB_SPECIFIC_APPS DuWare DuClassmate SQL Injection Attempt -- default.asp iCity UNION SELECT
2006708	ET WEB_SPECIFIC_APPS DuWare DuClassmate SQL Injection Attempt -- default.asp iCity INSERT
2006709	ET WEB_SPECIFIC_APPS DuWare DuClassmate SQL Injection Attempt -- default.asp iCity DELETE
2006710	ET WEB_SPECIFIC_APPS DuWare DuClassmate SQL Injection Attempt -- default.asp iCity ASCII
2006711	ET WEB_SPECIFIC_APPS DuWare DuClassmate SQL Injection Attempt -- default.asp iCity UPDATE
2006712	ET WEB_SPECIFIC_APPS DuWare DuNews SQL Injection Attempt -- detail.asp iNews SELECT
2006715	ET WEB_SPECIFIC_APPS DuWare DuNews SQL Injection Attempt -- detail.asp iNews DELETE
2006713	ET WEB_SPECIFIC_APPS DuWare DuNews SQL Injection Attempt -- detail.asp iNews UNION SELECT
2006714	ET WEB_SPECIFIC_APPS DuWare DuNews SQL Injection Attempt -- detail.asp iNews INSERT
2006716	ET WEB_SPECIFIC_APPS DuWare DuNews SQL Injection Attempt -- detail.asp iNews ASCII
2006717	ET WEB_SPECIFIC_APPS DuWare DuNews SQL Injection Attempt -- detail.asp iNews UPDATE
2004624	ET WEB_SPECIFIC_APPS EQdkp SQL Injection Attempt -- listmembers.php rank SELECT
2004625	ET WEB_SPECIFIC_APPS EQdkp SQL Injection Attempt -- listmembers.php rank UNION SELECT
2004626	ET WEB_SPECIFIC_APPS EQdkp SQL Injection Attempt -- listmembers.php rank INSERT
2004627	ET WEB_SPECIFIC_APPS EQdkp SQL Injection Attempt -- listmembers.php rank DELETE
2004628	ET WEB_SPECIFIC_APPS EQdkp SQL Injection Attempt -- listmembers.php rank ASCII
2004629	ET WEB_SPECIFIC_APPS EQdkp SQL Injection Attempt -- listmembers.php rank UPDATE
2005268	ET WEB_SPECIFIC_APPS Easebay Resources Paypal Subscription Manager SQL Injection Attempt -- memberlist.php keyword SELECT
2005269	ET WEB_SPECIFIC_APPS Easebay Resources Paypal Subscription Manager SQL Injection Attempt -- memberlist.php keyword UNION SELECT
2005270	ET WEB_SPECIFIC_APPS Easebay Resources Paypal Subscription Manager SQL Injection Attempt -- memberlist.php keyword INSERT
2005271	ET WEB_SPECIFIC_APPS Easebay Resources Paypal Subscription Manager SQL Injection Attempt -- memberlist.php keyword DELETE
2005272	ET WEB_SPECIFIC_APPS Easebay Resources Paypal Subscription Manager SQL Injection Attempt -- memberlist.php keyword ASCII
2005273	ET WEB_SPECIFIC_APPS Easebay Resources Paypal Subscription Manager SQL Injection Attempt -- memberlist.php keyword UPDATE
2005274	ET WEB_SPECIFIC_APPS Easebay Resources Login Manager SQL Injection Attempt -- memberlist.php init_row SELECT
2005275	ET WEB_SPECIFIC_APPS Easebay Resources Login Manager SQL Injection Attempt -- memberlist.php init_row UNION SELECT
2005276	ET WEB_SPECIFIC_APPS Easebay Resources Login Manager SQL Injection Attempt -- memberlist.php init_row INSERT
2005277	ET WEB_SPECIFIC_APPS Easebay Resources Login Manager SQL Injection Attempt -- memberlist.php init_row DELETE
2005278	ET WEB_SPECIFIC_APPS Easebay Resources Login Manager SQL Injection Attempt -- memberlist.php init_row ASCII
2005279	ET WEB_SPECIFIC_APPS Easebay Resources Login Manager SQL Injection Attempt -- memberlist.php init_row UPDATE
2005039	ET WEB_SPECIFIC_APPS EasyMoblog SQL Injection Attempt -- add_comment.php i SELECT
2005040	ET WEB_SPECIFIC_APPS EasyMoblog SQL Injection Attempt -- add_comment.php i UNION SELECT
2005041	ET WEB_SPECIFIC_APPS EasyMoblog SQL Injection Attempt -- add_comment.php i INSERT
2005042	ET WEB_SPECIFIC_APPS EasyMoblog SQL Injection Attempt -- add_comment.php i DELETE
2005043	ET WEB_SPECIFIC_APPS EasyMoblog SQL Injection Attempt -- add_comment.php i ASCII
2005045	ET WEB_SPECIFIC_APPS EasyMoblog SQL Injection Attempt -- add_comment.php i UPDATE
2005044	ET WEB_SPECIFIC_APPS EasyMoblog SQL Injection Attempt -- add_comment.php post_id SELECT
2005046	ET WEB_SPECIFIC_APPS EasyMoblog SQL Injection Attempt -- add_comment.php post_id UNION SELECT
2005047	ET WEB_SPECIFIC_APPS EasyMoblog SQL Injection Attempt -- add_comment.php post_id INSERT
2005048	ET WEB_SPECIFIC_APPS EasyMoblog SQL Injection Attempt -- add_comment.php post_id DELETE
2005049	ET WEB_SPECIFIC_APPS EasyMoblog SQL Injection Attempt -- add_comment.php post_id ASCII
2005050	ET WEB_SPECIFIC_APPS EasyMoblog SQL Injection Attempt -- add_comment.php post_id UPDATE
2005051	ET WEB_SPECIFIC_APPS EasyMoblog SQL Injection Attempt -- list_comments.php i SELECT
2005052	ET WEB_SPECIFIC_APPS EasyMoblog SQL Injection Attempt -- list_comments.php i UNION SELECT
2005053	ET WEB_SPECIFIC_APPS EasyMoblog SQL Injection Attempt -- list_comments.php i INSERT
2005054	ET WEB_SPECIFIC_APPS EasyMoblog SQL Injection Attempt -- list_comments.php i DELETE
2005055	ET WEB_SPECIFIC_APPS EasyMoblog SQL Injection Attempt -- list_comments.php i ASCII
2005056	ET WEB_SPECIFIC_APPS EasyMoblog SQL Injection Attempt -- list_comments.php i UPDATE
2006554	ET WEB_SPECIFIC_APPS EasyPage SQL Injection Attempt -- default.aspx docId SELECT
2006555	ET WEB_SPECIFIC_APPS EasyPage SQL Injection Attempt -- default.aspx docId UNION SELECT
2006556	ET WEB_SPECIFIC_APPS EasyPage SQL Injection Attempt -- default.aspx docId INSERT
2006557	ET WEB_SPECIFIC_APPS EasyPage SQL Injection Attempt -- default.aspx docId DELETE
2006558	ET WEB_SPECIFIC_APPS EasyPage SQL Injection Attempt -- default.aspx docId ASCII
2006559	ET WEB_SPECIFIC_APPS EasyPage SQL Injection Attempt -- default.aspx docId UPDATE
2009117	ET WEB_SPECIFIC_APPS Easynet4u Link Host directory.php cat_id parameter SQL Injection
2005985	ET WEB_SPECIFIC_APPS Efkan Forum SQL Injection Attempt -- admin.asp grup SELECT
2005986	ET WEB_SPECIFIC_APPS Efkan Forum SQL Injection Attempt -- admin.asp grup UNION SELECT
2005987	ET WEB_SPECIFIC_APPS Efkan Forum SQL Injection Attempt -- admin.asp grup INSERT
2005988	ET WEB_SPECIFIC_APPS Efkan Forum SQL Injection Attempt -- admin.asp grup DELETE
2005989	ET WEB_SPECIFIC_APPS Efkan Forum SQL Injection Attempt -- admin.asp grup ASCII
2005990	ET WEB_SPECIFIC_APPS Efkan Forum SQL Injection Attempt -- admin.asp grup UPDATE
2005991	ET WEB_SPECIFIC_APPS Efkan Forum SQL Injection Attempt -- default.asp id SELECT
2005992	ET WEB_SPECIFIC_APPS Efkan Forum SQL Injection Attempt -- default.asp id UNION SELECT
2005993	ET WEB_SPECIFIC_APPS Efkan Forum SQL Injection Attempt -- default.asp id INSERT
2005994	ET WEB_SPECIFIC_APPS Efkan Forum SQL Injection Attempt -- default.asp id DELETE
2005995	ET WEB_SPECIFIC_APPS Efkan Forum SQL Injection Attempt -- default.asp id ASCII
2005996	ET WEB_SPECIFIC_APPS Efkan Forum SQL Injection Attempt -- default.asp id UPDATE
2005997	ET WEB_SPECIFIC_APPS Efkan Forum SQL Injection Attempt -- admin.asp id SELECT
2005998	ET WEB_SPECIFIC_APPS Efkan Forum SQL Injection Attempt -- admin.asp id UNION SELECT
2005999	ET WEB_SPECIFIC_APPS Efkan Forum SQL Injection Attempt -- admin.asp id INSERT
2006000	ET WEB_SPECIFIC_APPS Efkan Forum SQL Injection Attempt -- admin.asp id DELETE
2006001	ET WEB_SPECIFIC_APPS Efkan Forum SQL Injection Attempt -- admin.asp id ASCII
2006002	ET WEB_SPECIFIC_APPS Efkan Forum SQL Injection Attempt -- admin.asp id UPDATE
2006159	ET WEB_SPECIFIC_APPS Efkan Forum SQL Injection Attempt -- default.asp grup SELECT
2006160	ET WEB_SPECIFIC_APPS Efkan Forum SQL Injection Attempt -- default.asp grup UNION SELECT
2006161	ET WEB_SPECIFIC_APPS Efkan Forum SQL Injection Attempt -- default.asp grup INSERT
2006162	ET WEB_SPECIFIC_APPS Efkan Forum SQL Injection Attempt -- default.asp grup DELETE
2006163	ET WEB_SPECIFIC_APPS Efkan Forum SQL Injection Attempt -- default.asp grup ASCII
2006164	ET WEB_SPECIFIC_APPS Efkan Forum SQL Injection Attempt -- default.asp grup UPDATE
2006449	ET WEB_SPECIFIC_APPS Elxis CMS SQL Injection Attempt -- mod_banners.php SELECT
2006450	ET WEB_SPECIFIC_APPS Elxis CMS SQL Injection Attempt -- mod_banners.php UNION SELECT
2006451	ET WEB_SPECIFIC_APPS Elxis CMS SQL Injection Attempt -- mod_banners.php INSERT
2006452	ET WEB_SPECIFIC_APPS Elxis CMS SQL Injection Attempt -- mod_banners.php DELETE
2006453	ET WEB_SPECIFIC_APPS Elxis CMS SQL Injection Attempt -- mod_banners.php ASCII
2006454	ET WEB_SPECIFIC_APPS Elxis CMS SQL Injection Attempt -- mod_banners.php UPDATE
2006135	ET WEB_SPECIFIC_APPS Enthrallweb eMates SQL Injection Attempt -- newsdetail.asp ID SELECT
2006136	ET WEB_SPECIFIC_APPS Enthrallweb eMates SQL Injection Attempt -- newsdetail.asp ID UNION SELECT
2006137	ET WEB_SPECIFIC_APPS Enthrallweb eMates SQL Injection Attempt -- newsdetail.asp ID INSERT
2006139	ET WEB_SPECIFIC_APPS Enthrallweb eMates SQL Injection Attempt -- newsdetail.asp ID ASCII
2006140	ET WEB_SPECIFIC_APPS Enthrallweb eMates SQL Injection Attempt -- newsdetail.asp ID UPDATE
2006147	ET WEB_SPECIFIC_APPS Enthrallweb eCars SQL Injection Attempt -- Types.asp Type_id SELECT
2006148	ET WEB_SPECIFIC_APPS Enthrallweb eCars SQL Injection Attempt -- Types.asp Type_id UNION SELECT
2006149	ET WEB_SPECIFIC_APPS Enthrallweb eCars SQL Injection Attempt -- Types.asp Type_id INSERT
2006150	ET WEB_SPECIFIC_APPS Enthrallweb eCars SQL Injection Attempt -- Types.asp Type_id DELETE
2006151	ET WEB_SPECIFIC_APPS Enthrallweb eCars SQL Injection Attempt -- Types.asp Type_id ASCII
2006152	ET WEB_SPECIFIC_APPS Enthrallweb eCars SQL Injection Attempt -- Types.asp Type_id UPDATE
2006153	ET WEB_SPECIFIC_APPS Enthrallweb ePages SQL Injection Attempt -- actualpic.asp Biz_ID SELECT
2006154	ET WEB_SPECIFIC_APPS Enthrallweb ePages SQL Injection Attempt -- actualpic.asp Biz_ID UNION SELECT
2006155	ET WEB_SPECIFIC_APPS Enthrallweb ePages SQL Injection Attempt -- actualpic.asp Biz_ID INSERT
2006156	ET WEB_SPECIFIC_APPS Enthrallweb ePages SQL Injection Attempt -- actualpic.asp Biz_ID DELETE
2006157	ET WEB_SPECIFIC_APPS Enthrallweb ePages SQL Injection Attempt -- actualpic.asp Biz_ID ASCII
2007042	ET WEB_SPECIFIC_APPS Enthrallweb eClassifieds SQL Injection Attempt -- ad.asp AD_ID SELECT
2007043	ET WEB_SPECIFIC_APPS Enthrallweb eClassifieds SQL Injection Attempt -- ad.asp AD_ID UNION SELECT
2007044	ET WEB_SPECIFIC_APPS Enthrallweb eClassifieds SQL Injection Attempt -- ad.asp AD_ID INSERT
2007045	ET WEB_SPECIFIC_APPS Enthrallweb eClassifieds SQL Injection Attempt -- ad.asp AD_ID DELETE
2007046	ET WEB_SPECIFIC_APPS Enthrallweb eClassifieds SQL Injection Attempt -- ad.asp AD_ID ASCII
2007047	ET WEB_SPECIFIC_APPS Enthrallweb eClassifieds SQL Injection Attempt -- ad.asp AD_ID UPDATE
2007050	ET WEB_SPECIFIC_APPS Enthrallweb eClassifieds SQL Injection Attempt -- ad.asp cat_id INSERT
2007051	ET WEB_SPECIFIC_APPS Enthrallweb eClassifieds SQL Injection Attempt -- ad.asp cat_id DELETE
2007052	ET WEB_SPECIFIC_APPS Enthrallweb eClassifieds SQL Injection Attempt -- ad.asp cat_id ASCII
2007053	ET WEB_SPECIFIC_APPS Enthrallweb eClassifieds SQL Injection Attempt -- ad.asp cat_id UPDATE
2007054	ET WEB_SPECIFIC_APPS Enthrallweb eClassifieds SQL Injection Attempt -- ad.asp sub_id SELECT
2007055	ET WEB_SPECIFIC_APPS Enthrallweb eClassifieds SQL Injection Attempt -- ad.asp sub_id UNION SELECT
2007056	ET WEB_SPECIFIC_APPS Enthrallweb eClassifieds SQL Injection Attempt -- ad.asp sub_id INSERT
2007057	ET WEB_SPECIFIC_APPS Enthrallweb eClassifieds SQL Injection Attempt -- ad.asp sub_id DELETE
2007058	ET WEB_SPECIFIC_APPS Enthrallweb eClassifieds SQL Injection Attempt -- ad.asp sub_id ASCII
2007049	ET WEB_SPECIFIC_APPS Enthrallweb eClassifieds SQL Injection Attempt -- ad.asp sub_id UPDATE
2007030	ET WEB_SPECIFIC_APPS Enthrallweb eClassifieds SQL Injection Attempt -- dircat.asp cid SELECT
2007031	ET WEB_SPECIFIC_APPS Enthrallweb eClassifieds SQL Injection Attempt -- dircat.asp cid UNION SELECT
2007032	ET WEB_SPECIFIC_APPS Enthrallweb eClassifieds SQL Injection Attempt -- dircat.asp cid INSERT
2007033	ET WEB_SPECIFIC_APPS Enthrallweb eClassifieds SQL Injection Attempt -- dircat.asp cid DELETE
2007034	ET WEB_SPECIFIC_APPS Enthrallweb eClassifieds SQL Injection Attempt -- dircat.asp cid ASCII
2007035	ET WEB_SPECIFIC_APPS Enthrallweb eClassifieds SQL Injection Attempt -- dircat.asp cid UPDATE
2007036	ET WEB_SPECIFIC_APPS Enthrallweb eClassifieds SQL Injection Attempt -- dirSub.asp sid SELECT
2007037	ET WEB_SPECIFIC_APPS Enthrallweb eClassifieds SQL Injection Attempt -- dirSub.asp sid UNION SELECT
2007038	ET WEB_SPECIFIC_APPS Enthrallweb eClassifieds SQL Injection Attempt -- dirSub.asp sid INSERT
2007039	ET WEB_SPECIFIC_APPS Enthrallweb eClassifieds SQL Injection Attempt -- dirSub.asp sid DELETE
2007040	ET WEB_SPECIFIC_APPS Enthrallweb eClassifieds SQL Injection Attempt -- dirSub.asp sid ASCII
2007041	ET WEB_SPECIFIC_APPS Enthrallweb eClassifieds SQL Injection Attempt -- dirSub.asp sid UPDATE
2007088	ET WEB_SPECIFIC_APPS Enthrallweb eHomes SQL Injection Attempt -- types.asp TYPE_ID SELECT
2007089	ET WEB_SPECIFIC_APPS Enthrallweb eHomes SQL Injection Attempt -- types.asp TYPE_ID UNION SELECT
2007090	ET WEB_SPECIFIC_APPS Enthrallweb eHomes SQL Injection Attempt -- types.asp TYPE_ID INSERT
2007091	ET WEB_SPECIFIC_APPS Enthrallweb eHomes SQL Injection Attempt -- types.asp TYPE_ID DELETE
2007092	ET WEB_SPECIFIC_APPS Enthrallweb eHomes SQL Injection Attempt -- types.asp TYPE_ID ASCII
2007093	ET WEB_SPECIFIC_APPS Enthrallweb eHomes SQL Injection Attempt -- types.asp TYPE_ID UPDATE
2007094	ET WEB_SPECIFIC_APPS Enthrallweb eHomes SQL Injection Attempt -- homeDetail.asp AD_ID SELECT
2007095	ET WEB_SPECIFIC_APPS Enthrallweb eHomes SQL Injection Attempt -- homeDetail.asp AD_ID UNION SELECT
2007096	ET WEB_SPECIFIC_APPS Enthrallweb eHomes SQL Injection Attempt -- homeDetail.asp AD_ID INSERT
2007097	ET WEB_SPECIFIC_APPS Enthrallweb eHomes SQL Injection Attempt -- homeDetail.asp AD_ID DELETE
2007098	ET WEB_SPECIFIC_APPS Enthrallweb eHomes SQL Injection Attempt -- homeDetail.asp AD_ID ASCII
2007099	ET WEB_SPECIFIC_APPS Enthrallweb eHomes SQL Injection Attempt -- homeDetail.asp AD_ID UPDATE
2007100	ET WEB_SPECIFIC_APPS Enthrallweb eHomes SQL Injection Attempt -- result.asp cat SELECT
2007101	ET WEB_SPECIFIC_APPS Enthrallweb eHomes SQL Injection Attempt -- result.asp cat UNION SELECT
2007102	ET WEB_SPECIFIC_APPS Enthrallweb eHomes SQL Injection Attempt -- result.asp cat INSERT
2007103	ET WEB_SPECIFIC_APPS Enthrallweb eHomes SQL Injection Attempt -- result.asp cat DELETE
2007104	ET WEB_SPECIFIC_APPS Enthrallweb eHomes SQL Injection Attempt -- result.asp cat ASCII
2007105	ET WEB_SPECIFIC_APPS Enthrallweb eHomes SQL Injection Attempt -- result.asp cat UPDATE
2007106	ET WEB_SPECIFIC_APPS Enthrallweb eHomes SQL Injection Attempt -- compareHomes.asp compare SELECT
2007107	ET WEB_SPECIFIC_APPS Enthrallweb eHomes SQL Injection Attempt -- compareHomes.asp compare UNION SELECT
2007108	ET WEB_SPECIFIC_APPS Enthrallweb eHomes SQL Injection Attempt -- compareHomes.asp compare INSERT
2007109	ET WEB_SPECIFIC_APPS Enthrallweb eHomes SQL Injection Attempt -- compareHomes.asp compare DELETE
2007110	ET WEB_SPECIFIC_APPS Enthrallweb eHomes SQL Injection Attempt -- compareHomes.asp compare ASCII
2007111	ET WEB_SPECIFIC_APPS Enthrallweb eHomes SQL Injection Attempt -- compareHomes.asp compare UPDATE
2007112	ET WEB_SPECIFIC_APPS Enthrallweb eHomes SQL Injection Attempt -- compareHomes.asp clear SELECT
2007113	ET WEB_SPECIFIC_APPS Enthrallweb eHomes SQL Injection Attempt -- compareHomes.asp clear UNION SELECT
2007114	ET WEB_SPECIFIC_APPS Enthrallweb eHomes SQL Injection Attempt -- compareHomes.asp clear INSERT
2007115	ET WEB_SPECIFIC_APPS Enthrallweb eHomes SQL Injection Attempt -- compareHomes.asp clear DELETE
2007116	ET WEB_SPECIFIC_APPS Enthrallweb eHomes SQL Injection Attempt -- compareHomes.asp clear ASCII
2007117	ET WEB_SPECIFIC_APPS Enthrallweb eHomes SQL Injection Attempt -- compareHomes.asp clear UPDATE
2007118	ET WEB_SPECIFIC_APPS Enthrallweb eHomes SQL Injection Attempt -- compareHomes.asp adID SELECT
2007119	ET WEB_SPECIFIC_APPS Enthrallweb eHomes SQL Injection Attempt -- compareHomes.asp adID UNION SELECT
2007120	ET WEB_SPECIFIC_APPS Enthrallweb eHomes SQL Injection Attempt -- compareHomes.asp adID INSERT
2007121	ET WEB_SPECIFIC_APPS Enthrallweb eHomes SQL Injection Attempt -- compareHomes.asp adID DELETE
2007122	ET WEB_SPECIFIC_APPS Enthrallweb eHomes SQL Injection Attempt -- compareHomes.asp adID ASCII
2007123	ET WEB_SPECIFIC_APPS Enthrallweb eHomes SQL Injection Attempt -- compareHomes.asp adID UPDATE
2007124	ET WEB_SPECIFIC_APPS Enthrallweb eHomes SQL Injection Attempt -- result.asp aminprice SELECT
2007132	ET WEB_SPECIFIC_APPS Enthrallweb eHomes SQL Injection Attempt -- result.asp amaxprice INSERT
2007127	ET WEB_SPECIFIC_APPS Enthrallweb eHomes SQL Injection Attempt -- result.asp aminprice DELETE
2007128	ET WEB_SPECIFIC_APPS Enthrallweb eHomes SQL Injection Attempt -- result.asp aminprice ASCII
2007129	ET WEB_SPECIFIC_APPS Enthrallweb eHomes SQL Injection Attempt -- result.asp aminprice UPDATE
2007130	ET WEB_SPECIFIC_APPS Enthrallweb eHomes SQL Injection Attempt -- result.asp amaxprice SELECT
2007131	ET WEB_SPECIFIC_APPS Enthrallweb eHomes SQL Injection Attempt -- result.asp amaxprice UNION SELECT
2007133	ET WEB_SPECIFIC_APPS Enthrallweb eHomes SQL Injection Attempt -- result.asp amaxprice DELETE
2007134	ET WEB_SPECIFIC_APPS Enthrallweb eHomes SQL Injection Attempt -- result.asp amaxprice ASCII
2007135	ET WEB_SPECIFIC_APPS Enthrallweb eHomes SQL Injection Attempt -- result.asp amaxprice UPDATE
2007136	ET WEB_SPECIFIC_APPS Enthrallweb eHomes SQL Injection Attempt -- result.asp abedrooms SELECT
2007137	ET WEB_SPECIFIC_APPS Enthrallweb eHomes SQL Injection Attempt -- result.asp abedrooms UNION SELECT
2007138	ET WEB_SPECIFIC_APPS Enthrallweb eHomes SQL Injection Attempt -- result.asp abedrooms INSERT
2007139	ET WEB_SPECIFIC_APPS Enthrallweb eHomes SQL Injection Attempt -- result.asp abedrooms DELETE
2007140	ET WEB_SPECIFIC_APPS Enthrallweb eHomes SQL Injection Attempt -- result.asp abedrooms ASCII
2007141	ET WEB_SPECIFIC_APPS Enthrallweb eHomes SQL Injection Attempt -- result.asp abedrooms UPDATE
2005256	ET WEB_SPECIFIC_APPS Enthusiast SQL Injection Attempt -- show_owned.php cat SELECT
2005257	ET WEB_SPECIFIC_APPS Enthusiast SQL Injection Attempt -- show_owned.php cat UNION SELECT
2005258	ET WEB_SPECIFIC_APPS Enthusiast SQL Injection Attempt -- show_owned.php cat INSERT
2005259	ET WEB_SPECIFIC_APPS Enthusiast SQL Injection Attempt -- show_owned.php cat DELETE
2005260	ET WEB_SPECIFIC_APPS Enthusiast SQL Injection Attempt -- show_owned.php cat ASCII
2005261	ET WEB_SPECIFIC_APPS Enthusiast SQL Injection Attempt -- show_owned.php cat UPDATE
2005262	ET WEB_SPECIFIC_APPS Enthusiast SQL Injection Attempt -- show_joined.php cat SELECT
2005263	ET WEB_SPECIFIC_APPS Enthusiast SQL Injection Attempt -- show_joined.php cat UNION SELECT
2005264	ET WEB_SPECIFIC_APPS Enthusiast SQL Injection Attempt -- show_joined.php cat INSERT
2005265	ET WEB_SPECIFIC_APPS Enthusiast SQL Injection Attempt -- show_joined.php cat DELETE
2005266	ET WEB_SPECIFIC_APPS Enthusiast SQL Injection Attempt -- show_joined.php cat ASCII
2005267	ET WEB_SPECIFIC_APPS Enthusiast SQL Injection Attempt -- show_joined.php cat UPDATE
2006219	ET WEB_SPECIFIC_APPS Eric GUILLAUME uploader&downloader SQL Injection Attempt -- administre2.php id_user SELECT
2006220	ET WEB_SPECIFIC_APPS Eric GUILLAUME uploader&downloader SQL Injection Attempt -- administre2.php id_user UNION SELECT
2006221	ET WEB_SPECIFIC_APPS Eric GUILLAUME uploader&downloader SQL Injection Attempt -- administre2.php id_user INSERT
2006223	ET WEB_SPECIFIC_APPS Eric GUILLAUME uploader&downloader SQL Injection Attempt -- administre2.php id_user ASCII
2006224	ET WEB_SPECIFIC_APPS Eric GUILLAUME uploader&downloader SQL Injection Attempt -- administre2.php id_user UPDATE
2006222	ET WEB_SPECIFIC_APPS Eric GUILLAUME uploader&downloader SQL Injection Attempt -- administre2.php id_user DELETE
2005877	ET WEB_SPECIFIC_APPS E-SMARTCART SQL Injection Attempt -- productdetail.asp product_id SELECT
2005878	ET WEB_SPECIFIC_APPS E-SMARTCART SQL Injection Attempt -- productdetail.asp product_id UNION SELECT
2005879	ET WEB_SPECIFIC_APPS E-SMARTCART SQL Injection Attempt -- productdetail.asp product_id INSERT
2005880	ET WEB_SPECIFIC_APPS E-SMARTCART SQL Injection Attempt -- productdetail.asp product_id DELETE
2005881	ET WEB_SPECIFIC_APPS E-SMARTCART SQL Injection Attempt -- productdetail.asp product_id ASCII
2005882	ET WEB_SPECIFIC_APPS E-SMARTCART SQL Injection Attempt -- productdetail.asp product_id UPDATE
2005336	ET WEB_SPECIFIC_APPS e-Vision CMS SQL Injection Attempt -- style.php template SELECT
2005337	ET WEB_SPECIFIC_APPS e-Vision CMS SQL Injection Attempt -- style.php template UNION SELECT
2005338	ET WEB_SPECIFIC_APPS e-Vision CMS SQL Injection Attempt -- style.php template INSERT
2005339	ET WEB_SPECIFIC_APPS e-Vision CMS SQL Injection Attempt -- style.php template DELETE
2005340	ET WEB_SPECIFIC_APPS e-Vision CMS SQL Injection Attempt -- style.php template ASCII
2005341	ET WEB_SPECIFIC_APPS e-Vision CMS SQL Injection Attempt -- style.php template UPDATE
2007060	ET WEB_SPECIFIC_APPS Evolve shopping cart SQL Injection Attempt -- products.asp partno SELECT
2007061	ET WEB_SPECIFIC_APPS Evolve shopping cart SQL Injection Attempt -- products.asp partno UNION SELECT
2007062	ET WEB_SPECIFIC_APPS Evolve shopping cart SQL Injection Attempt -- products.asp partno INSERT
2007063	ET WEB_SPECIFIC_APPS Evolve shopping cart SQL Injection Attempt -- products.asp partno DELETE
2007064	ET WEB_SPECIFIC_APPS Evolve shopping cart SQL Injection Attempt -- products.asp partno ASCII
2007065	ET WEB_SPECIFIC_APPS Evolve shopping cart SQL Injection Attempt -- products.asp partno UPDATE
2005081	ET WEB_SPECIFIC_APPS ExoPHPDesk SQL Injection Attempt -- faq.php id SELECT
2005082	ET WEB_SPECIFIC_APPS ExoPHPDesk SQL Injection Attempt -- faq.php id UNION SELECT
2005083	ET WEB_SPECIFIC_APPS ExoPHPDesk SQL Injection Attempt -- faq.php id INSERT
2005084	ET WEB_SPECIFIC_APPS ExoPHPDesk SQL Injection Attempt -- faq.php id DELETE
2005085	ET WEB_SPECIFIC_APPS ExoPHPDesk SQL Injection Attempt -- faq.php id ASCII
2005086	ET WEB_SPECIFIC_APPS ExoPHPDesk SQL Injection Attempt -- faq.php id UPDATE
2006813	ET WEB_SPECIFIC_APPS Expinion.net iNews SQL Injection Attempt -- articles.asp ex SELECT
2006814	ET WEB_SPECIFIC_APPS Expinion.net iNews SQL Injection Attempt -- articles.asp ex UNION SELECT
2006815	ET WEB_SPECIFIC_APPS Expinion.net iNews SQL Injection Attempt -- articles.asp ex INSERT
2006816	ET WEB_SPECIFIC_APPS Expinion.net iNews SQL Injection Attempt -- articles.asp ex DELETE
2006817	ET WEB_SPECIFIC_APPS Expinion.net iNews SQL Injection Attempt -- articles.asp ex ASCII
2006818	ET WEB_SPECIFIC_APPS Expinion.net iNews SQL Injection Attempt -- articles.asp ex UPDATE
2006339	ET WEB_SPECIFIC_APPS EzHRS HR Assist SQL Injection Attempt -- vdateUsr.asp SELECT
2006340	ET WEB_SPECIFIC_APPS EzHRS HR Assist SQL Injection Attempt -- vdateUsr.asp UNION SELECT
2006341	ET WEB_SPECIFIC_APPS EzHRS HR Assist SQL Injection Attempt -- vdateUsr.asp INSERT
2006342	ET WEB_SPECIFIC_APPS EzHRS HR Assist SQL Injection Attempt -- vdateUsr.asp DELETE
2006343	ET WEB_SPECIFIC_APPS EzHRS HR Assist SQL Injection Attempt -- vdateUsr.asp ASCII
2006344	ET WEB_SPECIFIC_APPS EzHRS HR Assist SQL Injection Attempt -- vdateUsr.asp UPDATE
2005615	ET WEB_SPECIFIC_APPS Ezboxx Portal System Beta SQL Injection Attempt -- ShowAppendix.asp iid SELECT
2005616	ET WEB_SPECIFIC_APPS Ezboxx Portal System Beta SQL Injection Attempt -- ShowAppendix.asp iid UNION SELECT
2005617	ET WEB_SPECIFIC_APPS Ezboxx Portal System Beta SQL Injection Attempt -- ShowAppendix.asp iid INSERT
2005618	ET WEB_SPECIFIC_APPS Ezboxx Portal System Beta SQL Injection Attempt -- ShowAppendix.asp iid DELETE
2005619	ET WEB_SPECIFIC_APPS Ezboxx Portal System Beta SQL Injection Attempt -- ShowAppendix.asp iid ASCII
2005620	ET WEB_SPECIFIC_APPS Ezboxx Portal System Beta SQL Injection Attempt -- ShowAppendix.asp iid UPDATE
2006123	ET WEB_SPECIFIC_APPS Mxmania File Upload Manager (FUM) SQL Injection Attempt -- detail.asp ID SELECT
2006124	ET WEB_SPECIFIC_APPS Mxmania File Upload Manager (FUM) SQL Injection Attempt -- detail.asp ID UNION SELECT
2006125	ET WEB_SPECIFIC_APPS Mxmania File Upload Manager (FUM) SQL Injection Attempt -- detail.asp ID INSERT
2006126	ET WEB_SPECIFIC_APPS Mxmania File Upload Manager (FUM) SQL Injection Attempt -- detail.asp ID DELETE
2006127	ET WEB_SPECIFIC_APPS Mxmania File Upload Manager (FUM) SQL Injection Attempt -- detail.asp ID ASCII
2006128	ET WEB_SPECIFIC_APPS Mxmania File Upload Manager (FUM) SQL Injection Attempt -- detail.asp ID UPDATE
2006327	ET WEB_SPECIFIC_APPS Fantastic News SQL Injection Attempt -- news.php id SELECT
2006328	ET WEB_SPECIFIC_APPS Fantastic News SQL Injection Attempt -- news.php id UNION SELECT
2006329	ET WEB_SPECIFIC_APPS Fantastic News SQL Injection Attempt -- news.php id INSERT
2006330	ET WEB_SPECIFIC_APPS Fantastic News SQL Injection Attempt -- news.php id DELETE
2006331	ET WEB_SPECIFIC_APPS Fantastic News SQL Injection Attempt -- news.php id ASCII
2006332	ET WEB_SPECIFIC_APPS Fantastic News SQL Injection Attempt -- news.php id UPDATE
2006898	ET WEB_SPECIFIC_APPS FipsSHOP SQL Injection Attempt -- index.asp cat SELECT
2006899	ET WEB_SPECIFIC_APPS FipsSHOP SQL Injection Attempt -- index.asp cat UNION SELECT
2006900	ET WEB_SPECIFIC_APPS FipsSHOP SQL Injection Attempt -- index.asp cat INSERT
2006901	ET WEB_SPECIFIC_APPS FipsSHOP SQL Injection Attempt -- index.asp cat DELETE
2006902	ET WEB_SPECIFIC_APPS FipsSHOP SQL Injection Attempt -- index.asp cat ASCII
2006903	ET WEB_SPECIFIC_APPS FipsSHOP SQL Injection Attempt -- index.asp cat UPDATE
2006904	ET WEB_SPECIFIC_APPS FipsSHOP SQL Injection Attempt -- index.asp did SELECT
2006905	ET WEB_SPECIFIC_APPS FipsSHOP SQL Injection Attempt -- index.asp did UNION SELECT
2006906	ET WEB_SPECIFIC_APPS FipsSHOP SQL Injection Attempt -- index.asp did INSERT
2006907	ET WEB_SPECIFIC_APPS FipsSHOP SQL Injection Attempt -- index.asp did DELETE
2006908	ET WEB_SPECIFIC_APPS FipsSHOP SQL Injection Attempt -- index.asp did ASCII
2006909	ET WEB_SPECIFIC_APPS FipsSHOP SQL Injection Attempt -- index.asp did UPDATE
2007182	ET WEB_SPECIFIC_APPS Fixit iDMS Pro Image Gallery SQL Injection Attempt -- filelist.asp show_id SELECT
2007183	ET WEB_SPECIFIC_APPS Fixit iDMS Pro Image Gallery SQL Injection Attempt -- filelist.asp show_id UNION SELECT
2007184	ET WEB_SPECIFIC_APPS Fixit iDMS Pro Image Gallery SQL Injection Attempt -- filelist.asp show_id INSERT
2007185	ET WEB_SPECIFIC_APPS Fixit iDMS Pro Image Gallery SQL Injection Attempt -- filelist.asp show_id DELETE
2007186	ET WEB_SPECIFIC_APPS Fixit iDMS Pro Image Gallery SQL Injection Attempt -- filelist.asp show_id ASCII
2007187	ET WEB_SPECIFIC_APPS Fixit iDMS Pro Image Gallery SQL Injection Attempt -- filelist.asp show_id UPDATE
2007188	ET WEB_SPECIFIC_APPS Fixit iDMS Pro Image Gallery SQL Injection Attempt -- filelist.asp parentid SELECT
2007189	ET WEB_SPECIFIC_APPS Fixit iDMS Pro Image Gallery SQL Injection Attempt -- filelist.asp parentid UNION SELECT
2007190	ET WEB_SPECIFIC_APPS Fixit iDMS Pro Image Gallery SQL Injection Attempt -- filelist.asp parentid INSERT
2007191	ET WEB_SPECIFIC_APPS Fixit iDMS Pro Image Gallery SQL Injection Attempt -- filelist.asp parentid DELETE
2007192	ET WEB_SPECIFIC_APPS Fixit iDMS Pro Image Gallery SQL Injection Attempt -- filelist.asp parentid ASCII
2007193	ET WEB_SPECIFIC_APPS Fixit iDMS Pro Image Gallery SQL Injection Attempt -- filelist.asp parentid UPDATE
2007194	ET WEB_SPECIFIC_APPS Fixit iDMS Pro Image Gallery SQL Injection Attempt -- showfile.asp fid SELECT
2007195	ET WEB_SPECIFIC_APPS Fixit iDMS Pro Image Gallery SQL Injection Attempt -- showfile.asp fid UNION SELECT
2007196	ET WEB_SPECIFIC_APPS Fixit iDMS Pro Image Gallery SQL Injection Attempt -- showfile.asp fid INSERT
2007197	ET WEB_SPECIFIC_APPS Fixit iDMS Pro Image Gallery SQL Injection Attempt -- showfile.asp fid DELETE
2007198	ET WEB_SPECIFIC_APPS Fixit iDMS Pro Image Gallery SQL Injection Attempt -- showfile.asp fid ASCII
2007199	ET WEB_SPECIFIC_APPS Fixit iDMS Pro Image Gallery SQL Injection Attempt -- showfile.asp fid UPDATE
2005176	ET WEB_SPECIFIC_APPS Forum Livre SQL Injection Attempt -- info_user.asp user SELECT
2005147	ET WEB_SPECIFIC_APPS Forum Livre SQL Injection Attempt -- info_user.asp user UNION SELECT
2005148	ET WEB_SPECIFIC_APPS Forum Livre SQL Injection Attempt -- info_user.asp user INSERT
2005149	ET WEB_SPECIFIC_APPS Forum Livre SQL Injection Attempt -- info_user.asp user DELETE
2005150	ET WEB_SPECIFIC_APPS Forum Livre SQL Injection Attempt -- info_user.asp user ASCII
2005151	ET WEB_SPECIFIC_APPS Forum Livre SQL Injection Attempt -- info_user.asp user UPDATE
2009103	ET WEB_SPECIFIC_APPS Free Bible Search readbible.php SQL Injection
2004917	ET WEB_SPECIFIC_APPS Fullaspsite ASP Hosting Site SQL Injection Attempt -- listmain.asp cat SELECT
2004918	ET WEB_SPECIFIC_APPS Fullaspsite ASP Hosting Site SQL Injection Attempt -- listmain.asp cat UNION SELECT
2004919	ET WEB_SPECIFIC_APPS Fullaspsite ASP Hosting Site SQL Injection Attempt -- listmain.asp cat INSERT
2004920	ET WEB_SPECIFIC_APPS Fullaspsite ASP Hosting Site SQL Injection Attempt -- listmain.asp cat DELETE
2004921	ET WEB_SPECIFIC_APPS Fullaspsite ASP Hosting Site SQL Injection Attempt -- listmain.asp cat ASCII
2004923	ET WEB_SPECIFIC_APPS Fullaspsite ASP Hosting Site SQL Injection Attempt -- listmain.asp cat UPDATE
2005075	ET WEB_SPECIFIC_APPS Fullaspsite Asp Hosting Sitesi SQL Injection Attempt -- windows.asp kategori_id SELECT
2005076	ET WEB_SPECIFIC_APPS Fullaspsite Asp Hosting Sitesi SQL Injection Attempt -- windows.asp kategori_id UNION SELECT
2005077	ET WEB_SPECIFIC_APPS Fullaspsite Asp Hosting Sitesi SQL Injection Attempt -- windows.asp kategori_id INSERT
2005078	ET WEB_SPECIFIC_APPS Fullaspsite Asp Hosting Sitesi SQL Injection Attempt -- windows.asp kategori_id DELETE
2005079	ET WEB_SPECIFIC_APPS Fullaspsite Asp Hosting Sitesi SQL Injection Attempt -- windows.asp kategori_id ASCII
2005080	ET WEB_SPECIFIC_APPS Fullaspsite Asp Hosting Sitesi SQL Injection Attempt -- windows.asp kategori_id UPDATE
2005372	ET WEB_SPECIFIC_APPS Fullaspsite GeometriX Download Portal SQL Injection Attempt -- down_indir.asp id SELECT
2006461	ET WEB_SPECIFIC_APPS FuseTalk SQL Injection Attempt -- index.cfm SELECT
2006462	ET WEB_SPECIFIC_APPS FuseTalk SQL Injection Attempt -- index.cfm UNION SELECT
2006463	ET WEB_SPECIFIC_APPS FuseTalk SQL Injection Attempt -- index.cfm INSERT
2006464	ET WEB_SPECIFIC_APPS FuseTalk SQL Injection Attempt -- index.cfm DELETE
2006465	ET WEB_SPECIFIC_APPS FuseTalk SQL Injection Attempt -- index.cfm ASCII
2006466	ET WEB_SPECIFIC_APPS FuseTalk SQL Injection Attempt -- index.cfm UPDATE
2006467	ET WEB_SPECIFIC_APPS FuseTalk SQL Injection Attempt -- autherror.cfm errorcode SELECT
2006468	ET WEB_SPECIFIC_APPS FuseTalk SQL Injection Attempt -- autherror.cfm errorcode UNION SELECT
2006469	ET WEB_SPECIFIC_APPS FuseTalk SQL Injection Attempt -- autherror.cfm errorcode INSERT
2006470	ET WEB_SPECIFIC_APPS FuseTalk SQL Injection Attempt -- autherror.cfm errorcode DELETE
2006471	ET WEB_SPECIFIC_APPS FuseTalk SQL Injection Attempt -- autherror.cfm errorcode ASCII
2006472	ET WEB_SPECIFIC_APPS FuseTalk SQL Injection Attempt -- autherror.cfm errorcode UPDATE
2006189	ET WEB_SPECIFIC_APPS Future Internet SQL Injection Attempt -- index.cfm newsId SELECT
2006190	ET WEB_SPECIFIC_APPS Future Internet SQL Injection Attempt -- index.cfm newsId UNION SELECT
2006191	ET WEB_SPECIFIC_APPS Future Internet SQL Injection Attempt -- index.cfm newsId INSERT
2006192	ET WEB_SPECIFIC_APPS Future Internet SQL Injection Attempt -- index.cfm newsId DELETE
2006193	ET WEB_SPECIFIC_APPS Future Internet SQL Injection Attempt -- index.cfm newsId ASCII
2006194	ET WEB_SPECIFIC_APPS Future Internet SQL Injection Attempt -- index.cfm newsId UPDATE
2006195	ET WEB_SPECIFIC_APPS Future Internet SQL Injection Attempt -- index.cfm categoryid SELECT
2006196	ET WEB_SPECIFIC_APPS Future Internet SQL Injection Attempt -- index.cfm categoryid UNION SELECT
2006197	ET WEB_SPECIFIC_APPS Future Internet SQL Injection Attempt -- index.cfm categoryid INSERT
2006198	ET WEB_SPECIFIC_APPS Future Internet SQL Injection Attempt -- index.cfm categoryid DELETE
2006199	ET WEB_SPECIFIC_APPS Future Internet SQL Injection Attempt -- index.cfm categoryid ASCII
2006200	ET WEB_SPECIFIC_APPS Future Internet SQL Injection Attempt -- index.cfm categoryid UPDATE
2006201	ET WEB_SPECIFIC_APPS Future Internet SQL Injection Attempt -- index.cfm langId SELECT
2006202	ET WEB_SPECIFIC_APPS Future Internet SQL Injection Attempt -- index.cfm langId UNION SELECT
2006203	ET WEB_SPECIFIC_APPS Future Internet SQL Injection Attempt -- index.cfm langId INSERT
2006204	ET WEB_SPECIFIC_APPS Future Internet SQL Injection Attempt -- index.cfm langId DELETE
2006205	ET WEB_SPECIFIC_APPS Future Internet SQL Injection Attempt -- index.cfm langId ASCII
2006206	ET WEB_SPECIFIC_APPS Future Internet SQL Injection Attempt -- index.cfm langId UPDATE
2005330	ET WEB_SPECIFIC_APPS Fuzzylime Forum SQL Injection Attempt -- low.php topic SELECT
2005331	ET WEB_SPECIFIC_APPS Fuzzylime Forum SQL Injection Attempt -- low.php topic UNION SELECT
2005332	ET WEB_SPECIFIC_APPS Fuzzylime Forum SQL Injection Attempt -- low.php topic INSERT
2005333	ET WEB_SPECIFIC_APPS Fuzzylime Forum SQL Injection Attempt -- low.php topic DELETE
2005334	ET WEB_SPECIFIC_APPS Fuzzylime Forum SQL Injection Attempt -- low.php topic ASCII
2005335	ET WEB_SPECIFIC_APPS Fuzzylime Forum SQL Injection Attempt -- low.php topic UPDATE
2004000	ET WEB_SPECIFIC_APPS Gazi Download Portal SQL Injection Attempt -- down_indir.asp id UNION SELECT
2004001	ET WEB_SPECIFIC_APPS Gazi Download Portal SQL Injection Attempt -- down_indir.asp id INSERT
2004002	ET WEB_SPECIFIC_APPS Gazi Download Portal SQL Injection Attempt -- down_indir.asp id DELETE
2004003	ET WEB_SPECIFIC_APPS Gazi Download Portal SQL Injection Attempt -- down_indir.asp id ASCII
2004004	ET WEB_SPECIFIC_APPS Gazi Download Portal SQL Injection Attempt -- down_indir.asp id UPDATE
2004397	ET WEB_SPECIFIC_APPS GaziYapBoz Game Portal SQL Injection Attempt -- kategori.asp kategori SELECT
2004398	ET WEB_SPECIFIC_APPS GaziYapBoz Game Portal SQL Injection Attempt -- kategori.asp kategori UNION SELECT
2004399	ET WEB_SPECIFIC_APPS GaziYapBoz Game Portal SQL Injection Attempt -- kategori.asp kategori INSERT
2004400	ET WEB_SPECIFIC_APPS GaziYapBoz Game Portal SQL Injection Attempt -- kategori.asp kategori DELETE
2004401	ET WEB_SPECIFIC_APPS GaziYapBoz Game Portal SQL Injection Attempt -- kategori.asp kategori ASCII
2004402	ET WEB_SPECIFIC_APPS GaziYapBoz Game Portal SQL Injection Attempt -- kategori.asp kategori UPDATE
2005009	ET WEB_SPECIFIC_APPS GlobalMegaCorp dvddb SQL Injection Attempt -- common.php user SELECT
2005010	ET WEB_SPECIFIC_APPS GlobalMegaCorp dvddb SQL Injection Attempt -- common.php user UNION SELECT
2005011	ET WEB_SPECIFIC_APPS GlobalMegaCorp dvddb SQL Injection Attempt -- common.php user INSERT
2005012	ET WEB_SPECIFIC_APPS GlobalMegaCorp dvddb SQL Injection Attempt -- common.php user DELETE
2005013	ET WEB_SPECIFIC_APPS GlobalMegaCorp dvddb SQL Injection Attempt -- common.php user ASCII
2005014	ET WEB_SPECIFIC_APPS GlobalMegaCorp dvddb SQL Injection Attempt -- common.php user UPDATE
2004349	ET WEB_SPECIFIC_APPS Grayscale Blog SQL Injection Attempt -- userdetail.php id SELECT
2004350	ET WEB_SPECIFIC_APPS Grayscale Blog SQL Injection Attempt -- userdetail.php id UNION SELECT
2004351	ET WEB_SPECIFIC_APPS Grayscale Blog SQL Injection Attempt -- userdetail.php id INSERT
2004352	ET WEB_SPECIFIC_APPS Grayscale Blog SQL Injection Attempt -- userdetail.php id DELETE
2004353	ET WEB_SPECIFIC_APPS Grayscale Blog SQL Injection Attempt -- userdetail.php id ASCII
2004354	ET WEB_SPECIFIC_APPS Grayscale Blog SQL Injection Attempt -- userdetail.php id UPDATE
2004355	ET WEB_SPECIFIC_APPS Grayscale Blog SQL Injection Attempt -- jump.php id SELECT
2004356	ET WEB_SPECIFIC_APPS Grayscale Blog SQL Injection Attempt -- jump.php id UNION SELECT
2004357	ET WEB_SPECIFIC_APPS Grayscale Blog SQL Injection Attempt -- jump.php id INSERT
2004358	ET WEB_SPECIFIC_APPS Grayscale Blog SQL Injection Attempt -- jump.php id DELETE
2004359	ET WEB_SPECIFIC_APPS Grayscale Blog SQL Injection Attempt -- jump.php id ASCII
2004360	ET WEB_SPECIFIC_APPS Grayscale Blog SQL Injection Attempt -- jump.php id UPDATE
2004361	ET WEB_SPECIFIC_APPS Grayscale Blog SQL Injection Attempt -- detail.php id SELECT
2004362	ET WEB_SPECIFIC_APPS Grayscale Blog SQL Injection Attempt -- detail.php id UNION SELECT
2004363	ET WEB_SPECIFIC_APPS Grayscale Blog SQL Injection Attempt -- detail.php id INSERT
2004365	ET WEB_SPECIFIC_APPS Grayscale Blog SQL Injection Attempt -- detail.php id ASCII
2004366	ET WEB_SPECIFIC_APPS Grayscale Blog SQL Injection Attempt -- detail.php id UPDATE
2004367	ET WEB_SPECIFIC_APPS Grayscale Blog SQL Injection Attempt -- jump.php url SELECT
2004368	ET WEB_SPECIFIC_APPS Grayscale Blog SQL Injection Attempt -- jump.php url UNION SELECT
2004369	ET WEB_SPECIFIC_APPS Grayscale Blog SQL Injection Attempt -- jump.php url INSERT
2004370	ET WEB_SPECIFIC_APPS Grayscale Blog SQL Injection Attempt -- jump.php url DELETE
2004371	ET WEB_SPECIFIC_APPS Grayscale Blog SQL Injection Attempt -- jump.php url ASCII
2004372	ET WEB_SPECIFIC_APPS Grayscale Blog SQL Injection Attempt -- jump.php url UPDATE
2011262	ET WEB_SPECIFIC_APPS Group-Office comment_id Parameter SELECT FROM SQL Injection Attempt
2011263	ET WEB_SPECIFIC_APPS Group-Office comment_id Parameter DELETE FROM SQL Injection Attempt
2011264	ET WEB_SPECIFIC_APPS Group-Office comment_id Parameter UNION SELECT SQL Injection Attempt
2011265	ET WEB_SPECIFIC_APPS Group-Office comment_id Parameter INSERT INTO SQL Injection Attempt
2011266	ET WEB_SPECIFIC_APPS Group-Office comment_id Parameter UPDATE SET SQL Injection Attempt
2005222	ET WEB_SPECIFIC_APPS Guo Xu Guos Posting System (GPS) SQL Injection Attempt -- print.asp id SELECT
2005223	ET WEB_SPECIFIC_APPS Guo Xu Guos Posting System (GPS) SQL Injection Attempt -- print.asp id UNION SELECT
2005224	ET WEB_SPECIFIC_APPS Guo Xu Guos Posting System (GPS) SQL Injection Attempt -- print.asp id INSERT
2005225	ET WEB_SPECIFIC_APPS Guo Xu Guos Posting System (GPS) SQL Injection Attempt -- print.asp id DELETE
2005311	ET WEB_SPECIFIC_APPS Guo Xu Guos Posting System (GPS) SQL Injection Attempt -- print.asp id ASCII
2005226	ET WEB_SPECIFIC_APPS Guo Xu Guos Posting System (GPS) SQL Injection Attempt -- print.asp id UPDATE
2007404	ET WEB_SPECIFIC_APPS HIOX Star Rating System Script (HSRS) SQL Injection Attempt -- addrating.php ipadd SELECT
2007405	ET WEB_SPECIFIC_APPS HIOX Star Rating System Script (HSRS) SQL Injection Attempt -- addrating.php ipadd UNION SELECT
2007406	ET WEB_SPECIFIC_APPS HIOX Star Rating System Script (HSRS) SQL Injection Attempt -- addrating.php ipadd INSERT
2007407	ET WEB_SPECIFIC_APPS HIOX Star Rating System Script (HSRS) SQL Injection Attempt -- addrating.php ipadd DELETE
2007408	ET WEB_SPECIFIC_APPS HIOX Star Rating System Script (HSRS) SQL Injection Attempt -- addrating.php ipadd ASCII
2007409	ET WEB_SPECIFIC_APPS HIOX Star Rating System Script (HSRS) SQL Injection Attempt -- addrating.php ipadd UPDATE
2007410	ET WEB_SPECIFIC_APPS HIOX Star Rating System Script (HSRS) SQL Injection Attempt -- addrating.php url SELECT
2007411	ET WEB_SPECIFIC_APPS HIOX Star Rating System Script (HSRS) SQL Injection Attempt -- addrating.php url UNION SELECT
2007412	ET WEB_SPECIFIC_APPS HIOX Star Rating System Script (HSRS) SQL Injection Attempt -- addrating.php url INSERT
2007413	ET WEB_SPECIFIC_APPS HIOX Star Rating System Script (HSRS) SQL Injection Attempt -- addrating.php url DELETE
2007414	ET WEB_SPECIFIC_APPS HIOX Star Rating System Script (HSRS) SQL Injection Attempt -- addrating.php url ASCII
2007415	ET WEB_SPECIFIC_APPS HIOX Star Rating System Script (HSRS) SQL Injection Attempt -- addrating.php url UPDATE
2004421	ET WEB_SPECIFIC_APPS Hazir Site SQL Injection Attempt -- giris_yap.asp sifre SELECT
2004422	ET WEB_SPECIFIC_APPS Hazir Site SQL Injection Attempt -- giris_yap.asp sifre UNION SELECT
2004423	ET WEB_SPECIFIC_APPS Hazir Site SQL Injection Attempt -- giris_yap.asp sifre INSERT
2004424	ET WEB_SPECIFIC_APPS Hazir Site SQL Injection Attempt -- giris_yap.asp sifre DELETE
2004425	ET WEB_SPECIFIC_APPS Hazir Site SQL Injection Attempt -- giris_yap.asp sifre ASCII
2004426	ET WEB_SPECIFIC_APPS Hazir Site SQL Injection Attempt -- giris_yap.asp sifre UPDATE
2010609	ET WEB_SPECIFIC_APPS Helpdesk Pilot Knowledge Base SQL Injection Attempt
2005179	ET WEB_SPECIFIC_APPS Hunkaray Okul Portaly SQL Injection Attempt -- haberoku.asp id SELECT
2004630	ET WEB_SPECIFIC_APPS Hunkaray Okul Portaly SQL Injection Attempt -- haberoku.asp id UNION SELECT
2004631	ET WEB_SPECIFIC_APPS Hunkaray Okul Portaly SQL Injection Attempt -- haberoku.asp id INSERT
2004632	ET WEB_SPECIFIC_APPS Hunkaray Okul Portaly SQL Injection Attempt -- haberoku.asp id DELETE
2004633	ET WEB_SPECIFIC_APPS Hunkaray Okul Portaly SQL Injection Attempt -- haberoku.asp id ASCII
2004634	ET WEB_SPECIFIC_APPS Hunkaray Okul Portaly SQL Injection Attempt -- haberoku.asp id UPDATE
2005063	ET WEB_SPECIFIC_APPS Hunkaray Duyuru Scripti SQL Injection Attempt -- oku.asp id SELECT
2005064	ET WEB_SPECIFIC_APPS Hunkaray Duyuru Scripti SQL Injection Attempt -- oku.asp id UNION SELECT
2005065	ET WEB_SPECIFIC_APPS Hunkaray Duyuru Scripti SQL Injection Attempt -- oku.asp id INSERT
2005066	ET WEB_SPECIFIC_APPS Hunkaray Duyuru Scripti SQL Injection Attempt -- oku.asp id DELETE
2005067	ET WEB_SPECIFIC_APPS Hunkaray Duyuru Scripti SQL Injection Attempt -- oku.asp id ASCII
2005068	ET WEB_SPECIFIC_APPS Hunkaray Duyuru Scripti SQL Injection Attempt -- oku.asp id UPDATE
2007559	ET WEB_SPECIFIC_APPS 20/20 Auto Gallery SQL Injection Attempt -- vehiclelistings.asp listing_price UNION SELECT
2005639	ET WEB_SPECIFIC_APPS Image Gallery with Access Database SQL Injection Attempt -- dispimage.asp id SELECT
2005640	ET WEB_SPECIFIC_APPS Image Gallery with Access Database SQL Injection Attempt -- dispimage.asp id UNION SELECT
2005641	ET WEB_SPECIFIC_APPS Image Gallery with Access Database SQL Injection Attempt -- dispimage.asp id INSERT
2005642	ET WEB_SPECIFIC_APPS Image Gallery with Access Database SQL Injection Attempt -- dispimage.asp id DELETE
2005643	ET WEB_SPECIFIC_APPS Image Gallery with Access Database SQL Injection Attempt -- dispimage.asp id ASCII
2005644	ET WEB_SPECIFIC_APPS Image Gallery with Access Database SQL Injection Attempt -- dispimage.asp id UPDATE
2005645	ET WEB_SPECIFIC_APPS Image Gallery with Access Database SQL Injection Attempt -- default.asp order SELECT
2005646	ET WEB_SPECIFIC_APPS Image Gallery with Access Database SQL Injection Attempt -- default.asp order UNION SELECT
2005648	ET WEB_SPECIFIC_APPS Image Gallery with Access Database SQL Injection Attempt -- default.asp order DELETE
2005649	ET WEB_SPECIFIC_APPS Image Gallery with Access Database SQL Injection Attempt -- default.asp order ASCII
2005650	ET WEB_SPECIFIC_APPS Image Gallery with Access Database SQL Injection Attempt -- default.asp order UPDATE
2005651	ET WEB_SPECIFIC_APPS Image Gallery with Access Database SQL Injection Attempt -- default.asp page SELECT
2005652	ET WEB_SPECIFIC_APPS Image Gallery with Access Database SQL Injection Attempt -- default.asp page UNION SELECT
2005653	ET WEB_SPECIFIC_APPS Image Gallery with Access Database SQL Injection Attempt -- default.asp page INSERT
2005654	ET WEB_SPECIFIC_APPS Image Gallery with Access Database SQL Injection Attempt -- default.asp page DELETE
2005655	ET WEB_SPECIFIC_APPS Image Gallery with Access Database SQL Injection Attempt -- default.asp page ASCII
2005656	ET WEB_SPECIFIC_APPS Image Gallery with Access Database SQL Injection Attempt -- default.asp page UPDATE
2006862	ET WEB_SPECIFIC_APPS Infinitytechs Restaurants CM SQL Injection Attempt -- rating.asp id SELECT
2006863	ET WEB_SPECIFIC_APPS Infinitytechs Restaurants CM SQL Injection Attempt -- rating.asp id UNION SELECT
2006864	ET WEB_SPECIFIC_APPS Infinitytechs Restaurants CM SQL Injection Attempt -- rating.asp id INSERT
2006865	ET WEB_SPECIFIC_APPS Infinitytechs Restaurants CM SQL Injection Attempt -- rating.asp id DELETE
2006866	ET WEB_SPECIFIC_APPS Infinitytechs Restaurants CM SQL Injection Attempt -- rating.asp id ASCII
2006867	ET WEB_SPECIFIC_APPS Infinitytechs Restaurants CM SQL Injection Attempt -- rating.asp id UPDATE
2006868	ET WEB_SPECIFIC_APPS Infinitytechs Restaurants CM SQL Injection Attempt -- meal_rest.asp mealid SELECT
2006869	ET WEB_SPECIFIC_APPS Infinitytechs Restaurants CM SQL Injection Attempt -- meal_rest.asp mealid UNION SELECT
2006870	ET WEB_SPECIFIC_APPS Infinitytechs Restaurants CM SQL Injection Attempt -- meal_rest.asp mealid INSERT
2006871	ET WEB_SPECIFIC_APPS Infinitytechs Restaurants CM SQL Injection Attempt -- meal_rest.asp mealid DELETE
2006872	ET WEB_SPECIFIC_APPS Infinitytechs Restaurants CM SQL Injection Attempt -- meal_rest.asp mealid ASCII
2006873	ET WEB_SPECIFIC_APPS Infinitytechs Restaurants CM SQL Injection Attempt -- meal_rest.asp mealid UPDATE
2006874	ET WEB_SPECIFIC_APPS Infinitytechs Restaurants CM SQL Injection Attempt -- res_details.asp resid SELECT
2006875	ET WEB_SPECIFIC_APPS Infinitytechs Restaurants CM SQL Injection Attempt -- res_details.asp resid UNION SELECT
2006876	ET WEB_SPECIFIC_APPS Infinitytechs Restaurants CM SQL Injection Attempt -- res_details.asp resid INSERT
2006877	ET WEB_SPECIFIC_APPS Infinitytechs Restaurants CM SQL Injection Attempt -- res_details.asp resid DELETE
2006878	ET WEB_SPECIFIC_APPS Infinitytechs Restaurants CM SQL Injection Attempt -- res_details.asp resid ASCII
2006879	ET WEB_SPECIFIC_APPS Infinitytechs Restaurants CM SQL Injection Attempt -- res_details.asp resid UPDATE
2010131	ET WEB_SPECIFIC_APPS Possible Achievo userid= Variable UNION SELECT SQL Injection Attempt
2004797	ET WEB_SPECIFIC_APPS Invision Power Board (IPB) SQL Injection Attempt -- class_session.php CLIENT_IP SELECT
2004798	ET WEB_SPECIFIC_APPS Invision Power Board (IPB) SQL Injection Attempt -- class_session.php CLIENT_IP UNION SELECT
2004799	ET WEB_SPECIFIC_APPS Invision Power Board (IPB) SQL Injection Attempt -- class_session.php CLIENT_IP INSERT
2004800	ET WEB_SPECIFIC_APPS Invision Power Board (IPB) SQL Injection Attempt -- class_session.php CLIENT_IP DELETE
2004801	ET WEB_SPECIFIC_APPS Invision Power Board (IPB) SQL Injection Attempt -- class_session.php CLIENT_IP ASCII
2004802	ET WEB_SPECIFIC_APPS Invision Power Board (IPB) SQL Injection Attempt -- class_session.php CLIENT_IP UPDATE
2006669	ET WEB_SPECIFIC_APPS Invision Gallery SQL Injection Attempt -- post.php img SELECT
2006670	ET WEB_SPECIFIC_APPS Invision Gallery SQL Injection Attempt -- post.php img UNION SELECT
2006671	ET WEB_SPECIFIC_APPS Invision Gallery SQL Injection Attempt -- post.php img INSERT
2006672	ET WEB_SPECIFIC_APPS Invision Gallery SQL Injection Attempt -- post.php img DELETE
2006673	ET WEB_SPECIFIC_APPS Invision Gallery SQL Injection Attempt -- post.php img ASCII
2006674	ET WEB_SPECIFIC_APPS Invision Gallery SQL Injection Attempt -- post.php img UPDATE
2006681	ET WEB_SPECIFIC_APPS Invision Community Blog Mod SQL Injection Attempt -- entry_reply_entry.php eid SELECT
2006682	ET WEB_SPECIFIC_APPS Invision Community Blog Mod SQL Injection Attempt -- entry_reply_entry.php eid UNION SELECT
2006683	ET WEB_SPECIFIC_APPS Invision Community Blog Mod SQL Injection Attempt -- entry_reply_entry.php eid INSERT
2006684	ET WEB_SPECIFIC_APPS Invision Community Blog Mod SQL Injection Attempt -- entry_reply_entry.php eid DELETE
2006685	ET WEB_SPECIFIC_APPS Invision Community Blog Mod SQL Injection Attempt -- entry_reply_entry.php eid ASCII
2006686	ET WEB_SPECIFIC_APPS Invision Community Blog Mod SQL Injection Attempt -- entry_reply_entry.php eid UPDATE
2006207	ET WEB_SPECIFIC_APPS Ixprim SQL Injection Attempt -- ixm_ixpnews.php story_id SELECT
2006208	ET WEB_SPECIFIC_APPS Ixprim SQL Injection Attempt -- ixm_ixpnews.php story_id UNION SELECT
2006209	ET WEB_SPECIFIC_APPS Ixprim SQL Injection Attempt -- ixm_ixpnews.php story_id INSERT
2006210	ET WEB_SPECIFIC_APPS Ixprim SQL Injection Attempt -- ixm_ixpnews.php story_id DELETE
2006211	ET WEB_SPECIFIC_APPS Ixprim SQL Injection Attempt -- ixm_ixpnews.php story_id ASCII
2006212	ET WEB_SPECIFIC_APPS Ixprim SQL Injection Attempt -- ixm_ixpnews.php story_id UPDATE
2005342	ET WEB_SPECIFIC_APPS Just For Fun Network Management System (JFFNMS) SQL Injection Attempt -- auth.php pass SELECT
2005343	ET WEB_SPECIFIC_APPS Just For Fun Network Management System (JFFNMS) SQL Injection Attempt -- auth.php pass UNION SELECT
2005344	ET WEB_SPECIFIC_APPS Just For Fun Network Management System (JFFNMS) SQL Injection Attempt -- auth.php pass INSERT
2005345	ET WEB_SPECIFIC_APPS Just For Fun Network Management System (JFFNMS) SQL Injection Attempt -- auth.php pass DELETE
2005346	ET WEB_SPECIFIC_APPS Just For Fun Network Management System (JFFNMS) SQL Injection Attempt -- auth.php pass ASCII
2005347	ET WEB_SPECIFIC_APPS Just For Fun Network Management System (JFFNMS) SQL Injection Attempt -- auth.php pass UPDATE
2005360	ET WEB_SPECIFIC_APPS Just For Fun Network Management System (JFFNMS) SQL Injection Attempt -- auth.php user SELECT
2005361	ET WEB_SPECIFIC_APPS Just For Fun Network Management System (JFFNMS) SQL Injection Attempt -- auth.php user UNION SELECT
2005362	ET WEB_SPECIFIC_APPS Just For Fun Network Management System (JFFNMS) SQL Injection Attempt -- auth.php user INSERT
2005363	ET WEB_SPECIFIC_APPS Just For Fun Network Management System (JFFNMS) SQL Injection Attempt -- auth.php user DELETE
2005364	ET WEB_SPECIFIC_APPS Just For Fun Network Management System (JFFNMS) SQL Injection Attempt -- auth.php user ASCII
2005365	ET WEB_SPECIFIC_APPS Just For Fun Network Management System (JFFNMS) SQL Injection Attempt -- auth.php user UPDATE
2004152	ET WEB_SPECIFIC_APPS JGBBS SQL Injection Attempt -- search.asp title SELECT
2004153	ET WEB_SPECIFIC_APPS JGBBS SQL Injection Attempt -- search.asp title UNION SELECT
2004154	ET WEB_SPECIFIC_APPS JGBBS SQL Injection Attempt -- search.asp title INSERT
2004155	ET WEB_SPECIFIC_APPS JGBBS SQL Injection Attempt -- search.asp title DELETE
2004156	ET WEB_SPECIFIC_APPS JGBBS SQL Injection Attempt -- search.asp title ASCII
2004157	ET WEB_SPECIFIC_APPS JGBBS SQL Injection Attempt -- search.asp title UPDATE
2004337	ET WEB_SPECIFIC_APPS JGBBS SQL Injection Attempt -- search.asp author SELECT
2004338	ET WEB_SPECIFIC_APPS JGBBS SQL Injection Attempt -- search.asp author UNION SELECT
2004339	ET WEB_SPECIFIC_APPS JGBBS SQL Injection Attempt -- search.asp author INSERT
2004340	ET WEB_SPECIFIC_APPS JGBBS SQL Injection Attempt -- search.asp author DELETE
2004341	ET WEB_SPECIFIC_APPS JGBBS SQL Injection Attempt -- search.asp author ASCII
2004342	ET WEB_SPECIFIC_APPS JGBBS SQL Injection Attempt -- search.asp author UPDATE
2004480	ET WEB_SPECIFIC_APPS PHP JackKnife SQL Injection Attempt -- G_Display.php iCategoryUnq SELECT
2004482	ET WEB_SPECIFIC_APPS PHP JackKnife SQL Injection Attempt -- G_Display.php iCategoryUnq INSERT
2004483	ET WEB_SPECIFIC_APPS PHP JackKnife SQL Injection Attempt -- G_Display.php iCategoryUnq DELETE
2004484	ET WEB_SPECIFIC_APPS PHP JackKnife SQL Injection Attempt -- G_Display.php iCategoryUnq ASCII
2004485	ET WEB_SPECIFIC_APPS PHP JackKnife SQL Injection Attempt -- G_Display.php iCategoryUnq UPDATE
2004486	ET WEB_SPECIFIC_APPS PHP JackKnife SQL Injection Attempt -- DisplayResults.php iSearchID SELECT
2004487	ET WEB_SPECIFIC_APPS PHP JackKnife SQL Injection Attempt -- DisplayResults.php iSearchID UNION SELECT
2004488	ET WEB_SPECIFIC_APPS PHP JackKnife SQL Injection Attempt -- DisplayResults.php iSearchID INSERT
2004489	ET WEB_SPECIFIC_APPS PHP JackKnife SQL Injection Attempt -- DisplayResults.php iSearchID DELETE
2004490	ET WEB_SPECIFIC_APPS PHP JackKnife SQL Injection Attempt -- DisplayResults.php iSearchID ASCII
2004491	ET WEB_SPECIFIC_APPS PHP JackKnife SQL Injection Attempt -- DisplayResults.php iSearchID UPDATE
2006492	ET WEB_SPECIFIC_APPS Jasmine CMS SQL Injection Attempt -- login.php login_username SELECT
2006493	ET WEB_SPECIFIC_APPS Jasmine CMS SQL Injection Attempt -- login.php login_username UNION SELECT
2006495	ET WEB_SPECIFIC_APPS Jasmine CMS SQL Injection Attempt -- login.php login_username DELETE
2006496	ET WEB_SPECIFIC_APPS Jasmine CMS SQL Injection Attempt -- login.php login_username ASCII
2006497	ET WEB_SPECIFIC_APPS Jasmine CMS SQL Injection Attempt -- login.php login_username UPDATE
2006498	ET WEB_SPECIFIC_APPS Jasmine CMS SQL Injection Attempt -- news.php item SELECT
2006499	ET WEB_SPECIFIC_APPS Jasmine CMS SQL Injection Attempt -- news.php item UNION SELECT
2006500	ET WEB_SPECIFIC_APPS Jasmine CMS SQL Injection Attempt -- news.php item INSERT
2006502	ET WEB_SPECIFIC_APPS Jasmine CMS SQL Injection Attempt -- news.php item ASCII
2006503	ET WEB_SPECIFIC_APPS Jasmine CMS SQL Injection Attempt -- news.php item UPDATE
2004077	ET WEB_SPECIFIC_APPS Jelsoft vBulletin SQL Injection Attempt -- attachment.php SELECT
2004078	ET WEB_SPECIFIC_APPS Jelsoft vBulletin SQL Injection Attempt -- attachment.php UNION SELECT
2004079	ET WEB_SPECIFIC_APPS Jelsoft vBulletin SQL Injection Attempt -- attachment.php INSERT
2004080	ET WEB_SPECIFIC_APPS Jelsoft vBulletin SQL Injection Attempt -- attachment.php DELETE
2004081	ET WEB_SPECIFIC_APPS Jelsoft vBulletin SQL Injection Attempt -- attachment.php ASCII
2004082	ET WEB_SPECIFIC_APPS Jelsoft vBulletin SQL Injection Attempt -- attachment.php UPDATE
2004667	ET WEB_SPECIFIC_APPS Jelsoft vBulletin SQL Injection Attempt -- inlinemod.php postids UNION SELECT
2004668	ET WEB_SPECIFIC_APPS Jelsoft vBulletin SQL Injection Attempt -- inlinemod.php postids INSERT
2004669	ET WEB_SPECIFIC_APPS Jelsoft vBulletin SQL Injection Attempt -- inlinemod.php postids DELETE
2004670	ET WEB_SPECIFIC_APPS Jelsoft vBulletin SQL Injection Attempt -- inlinemod.php postids ASCII
2004671	ET WEB_SPECIFIC_APPS Jelsoft vBulletin SQL Injection Attempt -- inlinemod.php postids UPDATE
2009118	ET WEB_SPECIFIC_APPS Jetik.net ESA sayfalar.php KayitNo Parameter SQL Injection
2009119	ET WEB_SPECIFIC_APPS Jetik.net ESA diger.php KayitNo Parameter SQL Injection
2007344	ET WEB_SPECIFIC_APPS JiRos FAQ Manager SQL Injection Attempt -- index.asp tID SELECT
2007345	ET WEB_SPECIFIC_APPS JiRos FAQ Manager SQL Injection Attempt -- index.asp tID UNION SELECT
2007346	ET WEB_SPECIFIC_APPS JiRos FAQ Manager SQL Injection Attempt -- index.asp tID INSERT
2007347	ET WEB_SPECIFIC_APPS JiRos FAQ Manager SQL Injection Attempt -- index.asp tID DELETE
2007348	ET WEB_SPECIFIC_APPS JiRos FAQ Manager SQL Injection Attempt -- index.asp tID ASCII
2007349	ET WEB_SPECIFIC_APPS JiRos FAQ Manager SQL Injection Attempt -- index.asp tID UPDATE
2007350	ET WEB_SPECIFIC_APPS JiRos Links Manager SQL Injection Attempt -- openlink.asp LinkID SELECT
2007351	ET WEB_SPECIFIC_APPS JiRos Links Manager SQL Injection Attempt -- openlink.asp LinkID UNION SELECT
2007352	ET WEB_SPECIFIC_APPS JiRos Links Manager SQL Injection Attempt -- openlink.asp LinkID INSERT
2007353	ET WEB_SPECIFIC_APPS JiRos Links Manager SQL Injection Attempt -- openlink.asp LinkID DELETE
2007354	ET WEB_SPECIFIC_APPS JiRos Links Manager SQL Injection Attempt -- openlink.asp LinkID ASCII
2007355	ET WEB_SPECIFIC_APPS JiRos Links Manager SQL Injection Attempt -- openlink.asp LinkID UPDATE
2007356	ET WEB_SPECIFIC_APPS JiRos Links Manager SQL Injection Attempt -- viewlinks.asp CategoryID SELECT
2007357	ET WEB_SPECIFIC_APPS JiRos Links Manager SQL Injection Attempt -- viewlinks.asp CategoryID UNION SELECT
2007358	ET WEB_SPECIFIC_APPS JiRos Links Manager SQL Injection Attempt -- viewlinks.asp CategoryID INSERT
2007359	ET WEB_SPECIFIC_APPS JiRos Links Manager SQL Injection Attempt -- viewlinks.asp CategoryID DELETE
2007360	ET WEB_SPECIFIC_APPS JiRos Links Manager SQL Injection Attempt -- viewlinks.asp CategoryID ASCII
2007361	ET WEB_SPECIFIC_APPS JiRos Links Manager SQL Injection Attempt -- viewlinks.asp CategoryID UPDATE
2004373	ET WEB_SPECIFIC_APPS PHP Labs JobSitePro SQL Injection Attempt -- search.php salary SELECT
2004374	ET WEB_SPECIFIC_APPS PHP Labs JobSitePro SQL Injection Attempt -- search.php salary UNION SELECT
2004375	ET WEB_SPECIFIC_APPS PHP Labs JobSitePro SQL Injection Attempt -- search.php salary INSERT
2004376	ET WEB_SPECIFIC_APPS PHP Labs JobSitePro SQL Injection Attempt -- search.php salary DELETE
2004377	ET WEB_SPECIFIC_APPS PHP Labs JobSitePro SQL Injection Attempt -- search.php salary ASCII
2004378	ET WEB_SPECIFIC_APPS PHP Labs JobSitePro SQL Injection Attempt -- search.php salary UPDATE
2005292	ET WEB_SPECIFIC_APPS Joomla! SQL Injection Attempt -- category.php catid SELECT
2005293	ET WEB_SPECIFIC_APPS Joomla! SQL Injection Attempt -- category.php catid UNION SELECT
2005294	ET WEB_SPECIFIC_APPS Joomla! SQL Injection Attempt -- category.php catid INSERT
2005295	ET WEB_SPECIFIC_APPS Joomla! SQL Injection Attempt -- category.php catid DELETE
2005296	ET WEB_SPECIFIC_APPS Joomla! SQL Injection Attempt -- category.php catid ASCII
2005297	ET WEB_SPECIFIC_APPS Joomla! SQL Injection Attempt -- category.php catid UPDATE
2005298	ET WEB_SPECIFIC_APPS Joomla! SQL Injection Attempt -- letterman.class.php id SELECT
2005299	ET WEB_SPECIFIC_APPS Joomla! SQL Injection Attempt -- letterman.class.php id UNION SELECT
2005300	ET WEB_SPECIFIC_APPS Joomla! SQL Injection Attempt -- letterman.class.php id INSERT
2005301	ET WEB_SPECIFIC_APPS Joomla! SQL Injection Attempt -- letterman.class.php id DELETE
2005302	ET WEB_SPECIFIC_APPS Joomla! SQL Injection Attempt -- letterman.class.php id ASCII
2005303	ET WEB_SPECIFIC_APPS Joomla! SQL Injection Attempt -- letterman.class.php id UPDATE
2005390	ET WEB_SPECIFIC_APPS Joomla! SQL Injection Attempt -- example.php SELECT
2005391	ET WEB_SPECIFIC_APPS Joomla! SQL Injection Attempt -- example.php UNION SELECT
2005802	ET WEB_SPECIFIC_APPS Joomla! SQL Injection Attempt -- example.php INSERT
2005392	ET WEB_SPECIFIC_APPS Joomla! SQL Injection Attempt -- example.php DELETE
2005394	ET WEB_SPECIFIC_APPS Joomla! SQL Injection Attempt -- example.php ASCII
2005395	ET WEB_SPECIFIC_APPS Joomla! SQL Injection Attempt -- example.php UPDATE
2005396	ET WEB_SPECIFIC_APPS Joomla! SQL Injection Attempt -- gmail.php SELECT
2005397	ET WEB_SPECIFIC_APPS Joomla! SQL Injection Attempt -- gmail.php UNION SELECT
2005398	ET WEB_SPECIFIC_APPS Joomla! SQL Injection Attempt -- gmail.php INSERT
2005399	ET WEB_SPECIFIC_APPS Joomla! SQL Injection Attempt -- gmail.php DELETE
2005400	ET WEB_SPECIFIC_APPS Joomla! SQL Injection Attempt -- gmail.php ASCII
2005401	ET WEB_SPECIFIC_APPS Joomla! SQL Injection Attempt -- gmail.php UPDATE
2005402	ET WEB_SPECIFIC_APPS Joomla! SQL Injection Attempt -- example.php SELECT
2005403	ET WEB_SPECIFIC_APPS Joomla! SQL Injection Attempt -- example.php UNION SELECT
2005404	ET WEB_SPECIFIC_APPS Joomla! SQL Injection Attempt -- example.php INSERT
2005405	ET WEB_SPECIFIC_APPS Joomla! SQL Injection Attempt -- example.php DELETE
2005406	ET WEB_SPECIFIC_APPS Joomla! SQL Injection Attempt -- example.php ASCII
2005407	ET WEB_SPECIFIC_APPS Joomla! SQL Injection Attempt -- example.php UPDATE
2005408	ET WEB_SPECIFIC_APPS Joomla! SQL Injection Attempt -- ldap.php SELECT
2005409	ET WEB_SPECIFIC_APPS Joomla! SQL Injection Attempt -- ldap.php UNION SELECT
2005410	ET WEB_SPECIFIC_APPS Joomla! SQL Injection Attempt -- ldap.php INSERT
2005411	ET WEB_SPECIFIC_APPS Joomla! SQL Injection Attempt -- ldap.php DELETE
2005412	ET WEB_SPECIFIC_APPS Joomla! SQL Injection Attempt -- ldap.php ASCII
2005413	ET WEB_SPECIFIC_APPS Joomla! SQL Injection Attempt -- ldap.php UPDATE
2005414	ET WEB_SPECIFIC_APPS Joomla! SQL Injection Attempt -- menu.php SELECT
2005415	ET WEB_SPECIFIC_APPS Joomla! SQL Injection Attempt -- menu.php UNION SELECT
2005416	ET WEB_SPECIFIC_APPS Joomla! SQL Injection Attempt -- menu.php INSERT
2005417	ET WEB_SPECIFIC_APPS Joomla! SQL Injection Attempt -- menu.php DELETE
2005418	ET WEB_SPECIFIC_APPS Joomla! SQL Injection Attempt -- menu.php ASCII
2005419	ET WEB_SPECIFIC_APPS Joomla! SQL Injection Attempt -- menu.php UPDATE
2005420	ET WEB_SPECIFIC_APPS Joomla! SQL Injection Attempt -- content.php where SELECT
2005421	ET WEB_SPECIFIC_APPS Joomla! SQL Injection Attempt -- content.php where UNION SELECT
2005422	ET WEB_SPECIFIC_APPS Joomla! SQL Injection Attempt -- content.php where INSERT
2005423	ET WEB_SPECIFIC_APPS Joomla! SQL Injection Attempt -- content.php where DELETE
2005424	ET WEB_SPECIFIC_APPS Joomla! SQL Injection Attempt -- content.php where ASCII
2005425	ET WEB_SPECIFIC_APPS Joomla! SQL Injection Attempt -- content.php where UPDATE
2005426	ET WEB_SPECIFIC_APPS Joomla! SQL Injection Attempt -- weblinks.php where SELECT
2005427	ET WEB_SPECIFIC_APPS Joomla! SQL Injection Attempt -- weblinks.php where UNION SELECT
2005428	ET WEB_SPECIFIC_APPS Joomla! SQL Injection Attempt -- weblinks.php where INSERT
2005429	ET WEB_SPECIFIC_APPS Joomla! SQL Injection Attempt -- weblinks.php where DELETE
2005430	ET WEB_SPECIFIC_APPS Joomla! SQL Injection Attempt -- weblinks.php where ASCII
2005431	ET WEB_SPECIFIC_APPS Joomla! SQL Injection Attempt -- weblinks.php where UPDATE
2005432	ET WEB_SPECIFIC_APPS Joomla! SQL Injection Attempt -- contacts.php text SELECT
2005433	ET WEB_SPECIFIC_APPS Joomla! SQL Injection Attempt -- contacts.php text UNION SELECT
2005434	ET WEB_SPECIFIC_APPS Joomla! SQL Injection Attempt -- contacts.php text INSERT
2005435	ET WEB_SPECIFIC_APPS Joomla! SQL Injection Attempt -- contacts.php text DELETE
2005436	ET WEB_SPECIFIC_APPS Joomla! SQL Injection Attempt -- contacts.php text ASCII
2005437	ET WEB_SPECIFIC_APPS Joomla! SQL Injection Attempt -- contacts.php text UPDATE
2005438	ET WEB_SPECIFIC_APPS Joomla! SQL Injection Attempt -- categories.php text SELECT
2005439	ET WEB_SPECIFIC_APPS Joomla! SQL Injection Attempt -- categories.php text UNION SELECT
2005440	ET WEB_SPECIFIC_APPS Joomla! SQL Injection Attempt -- categories.php text INSERT
2005441	ET WEB_SPECIFIC_APPS Joomla! SQL Injection Attempt -- categories.php text DELETE
2005442	ET WEB_SPECIFIC_APPS Joomla! SQL Injection Attempt -- categories.php text ASCII
2005443	ET WEB_SPECIFIC_APPS Joomla! SQL Injection Attempt -- categories.php text UPDATE
2005444	ET WEB_SPECIFIC_APPS Joomla! SQL Injection Attempt -- sections.php text SELECT
2005445	ET WEB_SPECIFIC_APPS Joomla! SQL Injection Attempt -- sections.php text UNION SELECT
2005446	ET WEB_SPECIFIC_APPS Joomla! SQL Injection Attempt -- sections.php text INSERT
2005447	ET WEB_SPECIFIC_APPS Joomla! SQL Injection Attempt -- sections.php text DELETE
2005448	ET WEB_SPECIFIC_APPS Joomla! SQL Injection Attempt -- sections.php text ASCII
2005449	ET WEB_SPECIFIC_APPS Joomla! SQL Injection Attempt -- sections.php text UPDATE
2005450	ET WEB_SPECIFIC_APPS Joomla! SQL Injection Attempt -- user.php email SELECT
2005451	ET WEB_SPECIFIC_APPS Joomla! SQL Injection Attempt -- user.php email UNION SELECT
2005452	ET WEB_SPECIFIC_APPS Joomla! SQL Injection Attempt -- user.php email INSERT
2005453	ET WEB_SPECIFIC_APPS Joomla! SQL Injection Attempt -- user.php email DELETE
2005454	ET WEB_SPECIFIC_APPS Joomla! SQL Injection Attempt -- user.php email ASCII
2005455	ET WEB_SPECIFIC_APPS Joomla! SQL Injection Attempt -- user.php email UPDATE
2009834	ET WEB_SPECIFIC_APPS Joomla portalid Component UNION SELECT SQL Injection
2009835	ET WEB_SPECIFIC_APPS Joomla portalid Component SELECT FROM SQL Injection
2009836	ET WEB_SPECIFIC_APPS Joomla portalid Component DELETE FROM SQL Injection
2009913	ET WEB_SPECIFIC_APPS joomla com_djcatalog component SELECT FROM SQL Injection
2009914	ET WEB_SPECIFIC_APPS joomla com_djcatalog component DELETE FROM SQL Injection
2009915	ET WEB_SPECIFIC_APPS joomla com_djcatalog component INSERT INTO SQL Injection
2009916	ET WEB_SPECIFIC_APPS joomla com_djcatalog component UNION SELECT SQL Injection
2009917	ET WEB_SPECIFIC_APPS joomla com_djcatalog component UPDATE SET SQL Injection
2009919	ET WEB_SPECIFIC_APPS Joomla! Foobla RSS Feed Creator Component 'id' Parameter SELECT FROM SQL Injection
2009920	ET WEB_SPECIFIC_APPS Joomla! Foobla RSS Feed Creator Component 'id' Parameter DELETE FROM SQL Injection
2009921	ET WEB_SPECIFIC_APPS Joomla! Foobla RSS Feed Creator Component 'id' Parameter UNION SELECT SQL Injection
2009924	ET WEB_SPECIFIC_APPS Joomla! Foobla RSS Feed Creator Component 'id' Parameter INSERT INTO SQL Injection
2009922	ET WEB_SPECIFIC_APPS Joomla! Foobla RSS Feed Creator Component 'id' Parameter UPDATE SET SQL Injection
2009938	ET WEB_SPECIFIC_APPS Joomla! Survey Manager Component SELECT FROM SQL Injection
2009939	ET WEB_SPECIFIC_APPS Joomla! Survey Manager Component DELETE FROM SQL Injection
2009940	ET WEB_SPECIFIC_APPS Joomla! Survey Manager Component UNION SELECT SQL Injection
2009941	ET WEB_SPECIFIC_APPS Joomla! Survey Manager Component INSERT INTO SQL Injection
2009942	ET WEB_SPECIFIC_APPS Joomla! Survey Manager Component UPDATE SET SQL Injection
2009943	ET WEB_SPECIFIC_APPS Joomla! JBudgetsMagic 'bid' Parameter SELECT FROM SQL Injection
2009944	ET WEB_SPECIFIC_APPS Joomla! JBudgetsMagic 'bid' Parameter DELETE FROM SQL Injection
2009945	ET WEB_SPECIFIC_APPS Joomla! JBudgetsMagic 'bid' Parameter UNION SELECT SQL Injection
2009946	ET WEB_SPECIFIC_APPS Joomla! JBudgetsMagic 'bid' Parameter INSERT INTO SQL Injection
2009947	ET WEB_SPECIFIC_APPS Joomla! JBudgetsMagic 'bid' Parameter UPDATE SET SQL Injection
2009956	ET WEB_SPECIFIC_APPS Joomla! JoomlaFacebook Component SELECT FROM SQL Injection
2009957	ET WEB_SPECIFIC_APPS Joomla! JoomlaFacebook Component DELETE FROM SQL Injection
2009958	ET WEB_SPECIFIC_APPS Joomla! JoomlaFacebook Component UNION SELECT SQL Injection
2009959	ET WEB_SPECIFIC_APPS Joomla! JoomlaFacebook Component INSERT INTO SQL Injection
2009960	ET WEB_SPECIFIC_APPS Joomla! JoomlaFacebook Component UPDATE SET SQL Injection
2009961	ET WEB_SPECIFIC_APPS Joomla! SportFusion Component SELECT FROM SQL Injection
2009962	ET WEB_SPECIFIC_APPS Joomla! SportFusion Component DELETE FROM SQL Injection
2009963	ET WEB_SPECIFIC_APPS Joomla! SportFusion Component UNION SELECT SQL Injection
2009964	ET WEB_SPECIFIC_APPS Joomla! SportFusion Component INSERT INTO SQL Injection
2009965	ET WEB_SPECIFIC_APPS Joomla! SportFusion Component UPDATE SET SQL Injection
2010014	ET WEB_SPECIFIC_APPS Possible Joomla! Game Server Component 'id' Parameter UNION SELECT SQL Injection
2010015	ET WEB_SPECIFIC_APPS Possible Joomla! Game Server Component 'id' Parameter SELECT FROM SQL Injection
2010016	ET WEB_SPECIFIC_APPS Possible Joomla! Game Server Component 'id' Parameter DELETE FROM SQL Injection
2010017	ET WEB_SPECIFIC_APPS Possible Joomla! Game Server Component 'id' Parameter UPDATE SET SQL Injection
2010040	ET WEB_SPECIFIC_APPS Joomla! CB Resume Builder 'group_id' Parameter SELECT FROM SQL Injection
2010041	ET WEB_SPECIFIC_APPS Joomla! CB Resume Builder 'group_id' Parameter DELETE FROM SQL Injection
2010042	ET WEB_SPECIFIC_APPS Joomla! CB Resume Builder 'group_id' Parameter UNION SELECT SQL Injection
2010043	ET WEB_SPECIFIC_APPS Joomla! CB Resume Builder 'group_id' Parameter INSERT INTO SQL Injection
2010044	ET WEB_SPECIFIC_APPS Joomla! CB Resume Builder 'group_id' Parameter UPDATE SET SQL Injection
2010045	ET WEB_SPECIFIC_APPS Joomla! Soundset Component 'cat_id' Parameter SELECT FROM SQL Injection
2010046	ET WEB_SPECIFIC_APPS Joomla! Soundset Component 'cat_id' Parameter DELETE FROM SQL Injection
2010047	ET WEB_SPECIFIC_APPS Joomla! Soundset Component 'cat_id' Parameter UNION SELECT SQL Injection
2010048	ET WEB_SPECIFIC_APPS Joomla! Soundset Component 'cat_id' Parameter INSERT INTO SQL Injection
2010349	ET WEB_SPECIFIC_APPS Joomla com_photoblog component category Parameter SELECT FROM SQL Injection Attempt
2010350	ET WEB_SPECIFIC_APPS Joomla com_photoblog component category Parameter DELETE FROM SQL Injection Attempt
2010351	ET WEB_SPECIFIC_APPS Joomla com_photoblog component category Parameter UNION SELECT SQL Injection Attempt
2010352	ET WEB_SPECIFIC_APPS Joomla com_photoblog component category Parameter INSERT INTO SQL Injection Attempt
2010353	ET WEB_SPECIFIC_APPS Joomla com_photoblog component category Parameter UPDATE SET SQL Injection Attempt
2010476	ET WEB_SPECIFIC_APPS Joomla com_jshop pid Parameter SELECT FROM SQL Injection Attempt
2010477	ET WEB_SPECIFIC_APPS Joomla com_jshop pid Parameter DELETE FROM SQL Injection Attempt
2010478	ET WEB_SPECIFIC_APPS Joomla com_jshop pid Parameter UNION SELECT SQL Injection Attempt
2010479	ET WEB_SPECIFIC_APPS Joomla com_jshop component pid Parameter INSERT INTO SQL Injection Attempt
2010480	ET WEB_SPECIFIC_APPS Joomla com_jshop component pid Parameter UPDATE SET SQL Injection Attempt
2010528	ET WEB_SPECIFIC_APPS Joomla MyRemote Video Gallery (user_id) Blind SQL Injection Attempt
2010529	ET WEB_SPECIFIC_APPS Joomla component com_jinc (newsid) Blind SQL Injection Attempt
2010535	ET WEB_SPECIFIC_APPS Joomla Component City Portal (Itemid) Blind SQL Injection Attempt
2010536	ET WEB_SPECIFIC_APPS Joomla Component Event Manager 1.5 (id) Blind SQL Injection Attempt
2010537	ET WEB_SPECIFIC_APPS Joomla Component com_zcalendar (eid) Blind SQL Injection Attempt
2010538	ET WEB_SPECIFIC_APPS Joomla Component com_acmis (Itemid) SQL Injection Attempt
2010541	ET WEB_SPECIFIC_APPS Joomla Component com_personel (id) Blind SQL Injection Attempt
2010542	ET WEB_SPECIFIC_APPS Joomla Component com_joomportfolio (secid) Blind SQL Injection Attempt
2010555	ET WEB_SPECIFIC_APPS Joomla com_joaktree Component treeId Parameter SELECT FROM SQL Injection Attempt
2010556	ET WEB_SPECIFIC_APPS Joomla com_joaktree Component treeId Parameter DELETE FROM SQL Injection Attempt
2010557	ET WEB_SPECIFIC_APPS Joomla com_joaktree Component treeId Parameter UNION SELECT SQL Injection Attempt
2010558	ET WEB_SPECIFIC_APPS Joomla com_joaktree Component treeId Parameter INSERT INTO SQL Injection Attempt
2010559	ET WEB_SPECIFIC_APPS Joomla com_joaktree Component treeId Parameter UPDATE SET SQL Injection Attempt
2010606	ET WEB_SPECIFIC_APPS Joomla Component com_kkcontent Blind SQL Injection Attempt
2010636	ET WEB_SPECIFIC_APPS Joomla com_jphoto Component Id Parameter SELECT FROM SQL Injection Attempt
2010637	ET WEB_SPECIFIC_APPS Joomla com_jphoto Component Id Parameter DELETE FROM SQL Injection Attempt
2010638	ET WEB_SPECIFIC_APPS Joomla com_jphoto Component Id Parameter UNION SELECT SQL Injection Attempt
2010639	ET WEB_SPECIFIC_APPS Joomla com_jphoto Component Id Parameter INSERT INTO SQL Injection Attempt
2010640	ET WEB_SPECIFIC_APPS Joomla com_jphoto Component Id Parameter UPDATE SET SQL Injection Attempt
2010710	ET WEB_SPECIFIC_APPS Joomla Foobla Suggestions Component idea_id SELECT FROM SQL Injection Attempt
2010711	ET WEB_SPECIFIC_APPS Joomla Foobla Suggestions Component idea_id DELETE FROM SQL Injection Attempt
2010712	ET WEB_SPECIFIC_APPS Joomla Foobla Suggestions Component idea_id UNION SELECT SQL Injection Attempt
2010713	ET WEB_SPECIFIC_APPS Joomla Foobla Suggestions Component idea_id INSERT INTO SQL Injection Attempt
2010714	ET WEB_SPECIFIC_APPS Joomla Foobla Suggestions Component idea_id UPDATE SET SQL Injection Attempt
2010750	ET WEB_SPECIFIC_APPS Joomla com_musicgallery Component Id Parameter SELECT FROM SQL Injection Attempt
2010751	ET WEB_SPECIFIC_APPS Joomla com_musicgallery Component Id Parameter DELETE FROM SQL Injection Attempt
2010752	ET WEB_SPECIFIC_APPS Joomla com_musicgallery Component Id Parameter UNION SELECT SQL Injection Attempt
2010753	ET WEB_SPECIFIC_APPS Joomla com_musicgallery Component Id Parameter INSERT INTO SQL Injection Attempt
2010754	ET WEB_SPECIFIC_APPS Joomla com_musicgallery Component Id Parameter UPDATE SET SQL Injection Attempt
2010805	ET WEB_SPECIFIC_APPS Joomla com_yelp Component cid Parameter SELECT FROM SQL Injection Attempt
2010806	ET WEB_SPECIFIC_APPS Joomla com_yelp Component cid Parameter DELETE FROM SQL Injection Attempt
2010807	ET WEB_SPECIFIC_APPS Joomla com_yelp Component cid Parameter UNION SELECT SQL Injection Attempt
2010808	ET WEB_SPECIFIC_APPS Joomla com_yelp Component cid Parameter INSERT INTO SQL Injection Attempt
2010809	ET WEB_SPECIFIC_APPS Joomla com_yelp Component cid Parameter UPDATE SET SQL Injection Attempt
2010843	ET WEB_SPECIFIC_APPS Joomla com_avosbilletsy Component id Parameter SELECT FROM SQL Injection Attempt
2010844	ET WEB_SPECIFIC_APPS Joomla com_avosbillets Component id Parameter DELETE FROM SQL Injection Attempt
2010845	ET WEB_SPECIFIC_APPS Joomla com_avosbillets Component id Parameter UNION SELECT SQL Injection Attempt
2010846	ET WEB_SPECIFIC_APPS Joomla com_avosbillets Component id Parameter INSERT INTO SQL Injection Attempt
2010842	ET WEB_SPECIFIC_APPS Joomla com_avosbillets Component id Parameter UPDATE SET SQL Injection Attempt
2010853	ET WEB_SPECIFIC_APPS Joomla com_job Component id_job Parameter SELECT FROM SQL Injection Attempt
2010854	ET WEB_SPECIFIC_APPS Joomla com_job Component id_job Parameter DELETE FROM SQL Injection Attempt
2010855	ET WEB_SPECIFIC_APPS Joomla com_job Component id_job Parameter UNION SELECT SQL Injection Attempt
2010856	ET WEB_SPECIFIC_APPS Joomla com_job Component id_job Parameter INSERT INTO SQL Injection Attempt
2010857	ET WEB_SPECIFIC_APPS Joomla com_job Component id_job Parameter UPDATE SET SQL Injection Attempt
2010924	ET WEB_SPECIFIC_APPS Joomla com_perchagallery Component id Parameter SELECT FROM SQL Injection Attempt
2010925	ET WEB_SPECIFIC_APPS Joomla com_perchagallery Component id Parameter DELETE FROM SQL Injection Attempt
2010926	ET WEB_SPECIFIC_APPS Joomla com_perchagallery Component id Parameter UNION SELECT SQL Injection Attempt
2010927	ET WEB_SPECIFIC_APPS Joomla com_perchagallery Component id Parameter INSERT INTO SQL Injection Attempt
2010928	ET WEB_SPECIFIC_APPS Joomla com_perchagallery Component id Parameter UPDATE SET SQL Injection Attempt
2010947	ET WEB_SPECIFIC_APPS Joomla com_hdflvplayer Component id Parameter SELECT FROM SQL Injection Attempt
2010948	ET WEB_SPECIFIC_APPS Joomla com_hdflvplayer Component id Parameter DELETE FROM SQL Injection Attempt
2010949	ET WEB_SPECIFIC_APPS Joomla com_hdflvplayer Component id Parameter UNION SELECT SQL Injection Attempt
2010950	ET WEB_SPECIFIC_APPS Joomla com_hdflvplayer Component id Parameter INSERT INTO SQL Injection Attempt
2010951	ET WEB_SPECIFIC_APPS Joomla com_hdflvplayer Component id Parameter UPDATE SET SQL Injection Attempt
2010990	ET WEB_SPECIFIC_APPS Joomla SQL Reports user_id Parameter SELECT FROM SQL Injection Attempt
2010991	ET WEB_SPECIFIC_APPS Joomla SQL Reports user_id Parameter DELETE FROM SQL Injection Attempt
2010992	ET WEB_SPECIFIC_APPS Joomla SQL Reports user_id Parameter UNION SELECT SQL Injection Attempt
2010993	ET WEB_SPECIFIC_APPS Joomla SQL Reports user_id Parameter INSERT INTO SQL Injection Attempt
2010994	ET WEB_SPECIFIC_APPS Joomla SQL Reports user_id Parameter UPDATE SET SQL Injection Attempt
2010981	ET WEB_SPECIFIC_APPS Joomla com_quicknews Component newsid Parameter SELECT FROM SQL Injection Attempt
2010982	ET WEB_SPECIFIC_APPS Joomla com_quicknews Component newsid Parameter DELETE FROM SQL Injection Attempt
2010983	ET WEB_SPECIFIC_APPS Joomla com_quicknews Component newsid Parameter UNION SELECT SQL Injection Attempt
2010984	ET WEB_SPECIFIC_APPS Joomla com_quicknews Component newsid Parameter INSERT INTO SQL Injection Attempt
2010985	ET WEB_SPECIFIC_APPS Joomla com_quicknews Component newsid Parameter UPDATE SET SQL Injection Attempt
2011001	ET WEB_SPECIFIC_APPS Joomla com_rsgallery2 Component catid Parameter SELECT FROM SQL Injection Attempt
2011002	ET WEB_SPECIFIC_APPS Joomla com_rsgallery2 Component catid Parameter DELETE FROM SQL Injection Attempt
2011003	ET WEB_SPECIFIC_APPS Joomla com_rsgallery2 Component catid Parameter UNION SELECT SQL Injection Attempt
2011004	ET WEB_SPECIFIC_APPS Joomla com_rsgallery2 Component catid Parameter INSERT INTO SQL Injection Attempt
2011005	ET WEB_SPECIFIC_APPS Joomla com_rsgallery2 Component catid Parameter UPDATE SET SQL Injection Attempt
2011022	ET WEB_SPECIFIC_APPS Joomla com_blog Component id Parameter SELECT FROM SQL Injection Attempt
2011023	ET WEB_SPECIFIC_APPS Joomla com_blog Component id Parameter DELETE FROM SQL Injection Attempt
2011024	ET WEB_SPECIFIC_APPS Joomla com_blog Component id Parameter UNION SELECT SQL Injection Attempt
2011025	ET WEB_SPECIFIC_APPS Joomla com_blog Component id Parameter INSERT INTO SQL Injection Attempt
2011026	ET WEB_SPECIFIC_APPS Joomla com_blog Component id Parameter UPDATE SET SQL Injection Attempt
2011077	ET WEB_SPECIFIC_APPS Joomla FaceBook Component face_id Parameter SELECT FROM SQL Injection Attempt
2011078	ET WEB_SPECIFIC_APPS Joomla FaceBook Component face_id Parameter DELETE FROM SQL Injection Attempt
2011079	ET WEB_SPECIFIC_APPS Joomla FaceBook Component face_id Parameter UNION SELECT SQL Injection Attempt
2011080	ET WEB_SPECIFIC_APPS Joomla FaceBook Component face_id Parameter INSERT INTO SQL Injection Attempt
2011081	ET WEB_SPECIFIC_APPS Joomla FaceBook Component face_id Parameter UPDATE SET SQL Injection Attempt
2006760	ET WEB_SPECIFIC_APPS KLF-DESIGN (aka Kim L. Fraser) KLF-REALTY SQL Injection Attempt -- search_listing.asp category SELECT
2006761	ET WEB_SPECIFIC_APPS KLF-DESIGN (aka Kim L. Fraser) KLF-REALTY SQL Injection Attempt -- search_listing.asp category UNION SELECT
2006762	ET WEB_SPECIFIC_APPS KLF-DESIGN (aka Kim L. Fraser) KLF-REALTY SQL Injection Attempt -- search_listing.asp category INSERT
2006763	ET WEB_SPECIFIC_APPS KLF-DESIGN (aka Kim L. Fraser) KLF-REALTY SQL Injection Attempt -- search_listing.asp category DELETE
2006764	ET WEB_SPECIFIC_APPS KLF-DESIGN (aka Kim L. Fraser) KLF-REALTY SQL Injection Attempt -- search_listing.asp category ASCII
2006765	ET WEB_SPECIFIC_APPS KLF-DESIGN (aka Kim L. Fraser) KLF-REALTY SQL Injection Attempt -- search_listing.asp category UPDATE
2006766	ET WEB_SPECIFIC_APPS KLF-DESIGN (aka Kim L. Fraser) KLF-REALTY SQL Injection Attempt -- search_listing.asp agent SELECT
2006767	ET WEB_SPECIFIC_APPS KLF-DESIGN (aka Kim L. Fraser) KLF-REALTY SQL Injection Attempt -- search_listing.asp agent UNION SELECT
2006768	ET WEB_SPECIFIC_APPS KLF-DESIGN (aka Kim L. Fraser) KLF-REALTY SQL Injection Attempt -- search_listing.asp agent INSERT
2006769	ET WEB_SPECIFIC_APPS KLF-DESIGN (aka Kim L. Fraser) KLF-REALTY SQL Injection Attempt -- search_listing.asp agent DELETE
2006770	ET WEB_SPECIFIC_APPS KLF-DESIGN (aka Kim L. Fraser) KLF-REALTY SQL Injection Attempt -- search_listing.asp agent ASCII
2006771	ET WEB_SPECIFIC_APPS KLF-DESIGN (aka Kim L. Fraser) KLF-REALTY SQL Injection Attempt -- search_listing.asp agent UPDATE
2006772	ET WEB_SPECIFIC_APPS KLF-DESIGN (aka Kim L. Fraser) KLF-REALTY SQL Injection Attempt -- detail.asp property_id SELECT
2006773	ET WEB_SPECIFIC_APPS KLF-DESIGN (aka Kim L. Fraser) KLF-REALTY SQL Injection Attempt -- detail.asp property_id UNION SELECT
2006774	ET WEB_SPECIFIC_APPS KLF-DESIGN (aka Kim L. Fraser) KLF-REALTY SQL Injection Attempt -- detail.asp property_id INSERT
2006775	ET WEB_SPECIFIC_APPS KLF-DESIGN (aka Kim L. Fraser) KLF-REALTY SQL Injection Attempt -- detail.asp property_id DELETE
2006776	ET WEB_SPECIFIC_APPS KLF-DESIGN (aka Kim L. Fraser) KLF-REALTY SQL Injection Attempt -- detail.asp property_id ASCII
2006777	ET WEB_SPECIFIC_APPS KLF-DESIGN (aka Kim L. Fraser) KLF-REALTY SQL Injection Attempt -- detail.asp property_id UPDATE
2004641	ET WEB_SPECIFIC_APPS Kartli Alisveris Sistemi SQL Injection Attempt -- news.asp news_id SELECT
2004642	ET WEB_SPECIFIC_APPS Kartli Alisveris Sistemi SQL Injection Attempt -- news.asp news_id UNION SELECT
2004643	ET WEB_SPECIFIC_APPS Kartli Alisveris Sistemi SQL Injection Attempt -- news.asp news_id INSERT
2004644	ET WEB_SPECIFIC_APPS Kartli Alisveris Sistemi SQL Injection Attempt -- news.asp news_id DELETE
2004645	ET WEB_SPECIFIC_APPS Kartli Alisveris Sistemi SQL Injection Attempt -- news.asp news_id ASCII
2004646	ET WEB_SPECIFIC_APPS Kartli Alisveris Sistemi SQL Injection Attempt -- news.asp news_id UPDATE
2004979	ET WEB_SPECIFIC_APPS Kisisel Site 2007 SQL Injection Attempt -- forum.asp forumid SELECT
2004980	ET WEB_SPECIFIC_APPS Kisisel Site 2007 SQL Injection Attempt -- forum.asp forumid UNION SELECT
2004981	ET WEB_SPECIFIC_APPS Kisisel Site 2007 SQL Injection Attempt -- forum.asp forumid INSERT
2004982	ET WEB_SPECIFIC_APPS Kisisel Site 2007 SQL Injection Attempt -- forum.asp forumid DELETE
2004983	ET WEB_SPECIFIC_APPS Kisisel Site 2007 SQL Injection Attempt -- forum.asp forumid ASCII
2004984	ET WEB_SPECIFIC_APPS Kisisel Site 2007 SQL Injection Attempt -- forum.asp forumid UPDATE
2005796	ET WEB_SPECIFIC_APPS Kolayindir Download (Yenionline) SQL Injection Attempt -- down.asp id SELECT
2005797	ET WEB_SPECIFIC_APPS Kolayindir Download (Yenionline) SQL Injection Attempt -- down.asp id UNION SELECT
2005798	ET WEB_SPECIFIC_APPS Kolayindir Download (Yenionline) SQL Injection Attempt -- down.asp id INSERT
2005799	ET WEB_SPECIFIC_APPS Kolayindir Download (Yenionline) SQL Injection Attempt -- down.asp id DELETE
2005800	ET WEB_SPECIFIC_APPS Kolayindir Download (Yenionline) SQL Injection Attempt -- down.asp id ASCII
2005801	ET WEB_SPECIFIC_APPS Kolayindir Download (Yenionline) SQL Injection Attempt -- down.asp id UPDATE
2005069	ET WEB_SPECIFIC_APPS Michelles L2J Dropcalc SQL Injection Attempt -- i-search.php itemid SELECT
2005070	ET WEB_SPECIFIC_APPS Michelles L2J Dropcalc SQL Injection Attempt -- i-search.php itemid UNION SELECT
2005071	ET WEB_SPECIFIC_APPS Michelles L2J Dropcalc SQL Injection Attempt -- i-search.php itemid INSERT
2005072	ET WEB_SPECIFIC_APPS Michelles L2J Dropcalc SQL Injection Attempt -- i-search.php itemid DELETE
2005073	ET WEB_SPECIFIC_APPS Michelles L2J Dropcalc SQL Injection Attempt -- i-search.php itemid ASCII
2005074	ET WEB_SPECIFIC_APPS Michelles L2J Dropcalc SQL Injection Attempt -- i-search.php itemid UPDATE
2005973	ET WEB_SPECIFIC_APPS Neocrome Land Down Under (LDU) SQL Injection Attempt -- journal.php w SELECT
2005974	ET WEB_SPECIFIC_APPS Neocrome Land Down Under (LDU) SQL Injection Attempt -- journal.php w UNION SELECT
2005975	ET WEB_SPECIFIC_APPS Neocrome Land Down Under (LDU) SQL Injection Attempt -- journal.php w INSERT
2005976	ET WEB_SPECIFIC_APPS Neocrome Land Down Under (LDU) SQL Injection Attempt -- journal.php w DELETE
2005977	ET WEB_SPECIFIC_APPS Neocrome Land Down Under (LDU) SQL Injection Attempt -- journal.php w ASCII
2005978	ET WEB_SPECIFIC_APPS Neocrome Land Down Under (LDU) SQL Injection Attempt -- journal.php w UPDATE
2006315	ET WEB_SPECIFIC_APPS Neocrome Land Down Under (LDU) SQL Injection Attempt -- polls.php id SELECT
2006316	ET WEB_SPECIFIC_APPS Neocrome Land Down Under (LDU) SQL Injection Attempt -- polls.php id UNION SELECT
2006317	ET WEB_SPECIFIC_APPS Neocrome Land Down Under (LDU) SQL Injection Attempt -- polls.php id INSERT
2006318	ET WEB_SPECIFIC_APPS Neocrome Land Down Under (LDU) SQL Injection Attempt -- polls.php id DELETE
2006319	ET WEB_SPECIFIC_APPS Neocrome Land Down Under (LDU) SQL Injection Attempt -- polls.php id ASCII
2006320	ET WEB_SPECIFIC_APPS Neocrome Land Down Under (LDU) SQL Injection Attempt -- polls.php id UPDATE
2004523	ET WEB_SPECIFIC_APPS LI-Guestbook SQL Injection Attempt -- guestbook.php country SELECT
2004524	ET WEB_SPECIFIC_APPS LI-Guestbook SQL Injection Attempt -- guestbook.php country UNION SELECT
2004525	ET WEB_SPECIFIC_APPS LI-Guestbook SQL Injection Attempt -- guestbook.php country INSERT
2004526	ET WEB_SPECIFIC_APPS LI-Guestbook SQL Injection Attempt -- guestbook.php country DELETE
2004527	ET WEB_SPECIFIC_APPS LI-Guestbook SQL Injection Attempt -- guestbook.php country ASCII
2004528	ET WEB_SPECIFIC_APPS LI-Guestbook SQL Injection Attempt -- guestbook.php country UPDATE
2007294	ET WEB_SPECIFIC_APPS Doug Luxem Liberum Help Desk SQL Injection Attempt -- status.asp id SELECT
2007295	ET WEB_SPECIFIC_APPS Doug Luxem Liberum Help Desk SQL Injection Attempt -- status.asp id UNION SELECT
2007296	ET WEB_SPECIFIC_APPS Doug Luxem Liberum Help Desk SQL Injection Attempt -- status.asp id INSERT
2007297	ET WEB_SPECIFIC_APPS Doug Luxem Liberum Help Desk SQL Injection Attempt -- status.asp id DELETE
2007298	ET WEB_SPECIFIC_APPS Doug Luxem Liberum Help Desk SQL Injection Attempt -- status.asp id ASCII
2007299	ET WEB_SPECIFIC_APPS Doug Luxem Liberum Help Desk SQL Injection Attempt -- status.asp id UPDATE
2007300	ET WEB_SPECIFIC_APPS Doug Luxem Liberum Help Desk SQL Injection Attempt -- update.asp id SELECT
2007301	ET WEB_SPECIFIC_APPS Doug Luxem Liberum Help Desk SQL Injection Attempt -- update.asp id UNION SELECT
2007302	ET WEB_SPECIFIC_APPS Doug Luxem Liberum Help Desk SQL Injection Attempt -- update.asp id INSERT
2007303	ET WEB_SPECIFIC_APPS Doug Luxem Liberum Help Desk SQL Injection Attempt -- update.asp id DELETE
2007304	ET WEB_SPECIFIC_APPS Doug Luxem Liberum Help Desk SQL Injection Attempt -- update.asp id ASCII
2007305	ET WEB_SPECIFIC_APPS Doug Luxem Liberum Help Desk SQL Injection Attempt -- update.asp id UPDATE
2007306	ET WEB_SPECIFIC_APPS Doug Luxem Liberum Help Desk SQL Injection Attempt -- forgotpass.asp id SELECT
2007307	ET WEB_SPECIFIC_APPS Doug Luxem Liberum Help Desk SQL Injection Attempt -- forgotpass.asp id UNION SELECT
2007308	ET WEB_SPECIFIC_APPS Doug Luxem Liberum Help Desk SQL Injection Attempt -- forgotpass.asp id INSERT
2007309	ET WEB_SPECIFIC_APPS Doug Luxem Liberum Help Desk SQL Injection Attempt -- forgotpass.asp id DELETE
2007310	ET WEB_SPECIFIC_APPS Doug Luxem Liberum Help Desk SQL Injection Attempt -- forgotpass.asp id ASCII
2007311	ET WEB_SPECIFIC_APPS Doug Luxem Liberum Help Desk SQL Injection Attempt -- forgotpass.asp id UPDATE
2007312	ET WEB_SPECIFIC_APPS Doug Luxem Liberum Help Desk SQL Injection Attempt -- forgotpass.asp uid SELECT
2007313	ET WEB_SPECIFIC_APPS Doug Luxem Liberum Help Desk SQL Injection Attempt -- forgotpass.asp uid UNION SELECT
2007314	ET WEB_SPECIFIC_APPS Doug Luxem Liberum Help Desk SQL Injection Attempt -- forgotpass.asp uid INSERT
2007315	ET WEB_SPECIFIC_APPS Doug Luxem Liberum Help Desk SQL Injection Attempt -- forgotpass.asp uid DELETE
2007316	ET WEB_SPECIFIC_APPS Doug Luxem Liberum Help Desk SQL Injection Attempt -- forgotpass.asp uid ASCII
2007317	ET WEB_SPECIFIC_APPS Doug Luxem Liberum Help Desk SQL Injection Attempt -- forgotpass.asp uid UPDATE
2007318	ET WEB_SPECIFIC_APPS Doug Luxem Liberum Help Desk SQL Injection Attempt -- update.asp uid SELECT
2007319	ET WEB_SPECIFIC_APPS Doug Luxem Liberum Help Desk SQL Injection Attempt -- update.asp uid UNION SELECT
2007320	ET WEB_SPECIFIC_APPS Doug Luxem Liberum Help Desk SQL Injection Attempt -- update.asp uid INSERT
2007321	ET WEB_SPECIFIC_APPS Doug Luxem Liberum Help Desk SQL Injection Attempt -- update.asp uid DELETE
2007322	ET WEB_SPECIFIC_APPS Doug Luxem Liberum Help Desk SQL Injection Attempt -- update.asp uid ASCII
2007323	ET WEB_SPECIFIC_APPS Doug Luxem Liberum Help Desk SQL Injection Attempt -- update.asp uid UPDATE
2007324	ET WEB_SPECIFIC_APPS Doug Luxem Liberum Help Desk SQL Injection Attempt -- status.asp uid SELECT
2007325	ET WEB_SPECIFIC_APPS Doug Luxem Liberum Help Desk SQL Injection Attempt -- status.asp uid UNION SELECT
2007326	ET WEB_SPECIFIC_APPS Doug Luxem Liberum Help Desk SQL Injection Attempt -- status.asp uid INSERT
2007327	ET WEB_SPECIFIC_APPS Doug Luxem Liberum Help Desk SQL Injection Attempt -- status.asp uid DELETE
2007328	ET WEB_SPECIFIC_APPS Doug Luxem Liberum Help Desk SQL Injection Attempt -- status.asp uid ASCII
2007329	ET WEB_SPECIFIC_APPS Doug Luxem Liberum Help Desk SQL Injection Attempt -- status.asp uid UPDATE
2007330	ET WEB_SPECIFIC_APPS Doug Luxem Liberum Help Desk SQL Injection Attempt -- details.asp id SELECT
2007331	ET WEB_SPECIFIC_APPS Doug Luxem Liberum Help Desk SQL Injection Attempt -- details.asp id UNION SELECT
2007332	ET WEB_SPECIFIC_APPS Doug Luxem Liberum Help Desk SQL Injection Attempt -- details.asp id INSERT
2007333	ET WEB_SPECIFIC_APPS Doug Luxem Liberum Help Desk SQL Injection Attempt -- details.asp id DELETE
2007334	ET WEB_SPECIFIC_APPS Doug Luxem Liberum Help Desk SQL Injection Attempt -- details.asp id ASCII
2007335	ET WEB_SPECIFIC_APPS Doug Luxem Liberum Help Desk SQL Injection Attempt -- details.asp id UPDATE
2006657	ET WEB_SPECIFIC_APPS LINK Content Management Server (CMS) SQL Injection Attempt -- navigacija.php IDMeniGlavni SELECT
2006658	ET WEB_SPECIFIC_APPS LINK Content Management Server (CMS) SQL Injection Attempt -- navigacija.php IDMeniGlavni UNION SELECT
2006659	ET WEB_SPECIFIC_APPS LINK Content Management Server (CMS) SQL Injection Attempt -- navigacija.php IDMeniGlavni INSERT
2006660	ET WEB_SPECIFIC_APPS LINK Content Management Server (CMS) SQL Injection Attempt -- navigacija.php IDMeniGlavni DELETE
2006661	ET WEB_SPECIFIC_APPS LINK Content Management Server (CMS) SQL Injection Attempt -- navigacija.php IDMeniGlavni ASCII
2006662	ET WEB_SPECIFIC_APPS LINK Content Management Server (CMS) SQL Injection Attempt -- navigacija.php IDMeniGlavni UPDATE
2006663	ET WEB_SPECIFIC_APPS LINK Content Management Server (CMS) SQL Injection Attempt -- prikazInformacije.php IDStranicaPodaci SELECT
2006664	ET WEB_SPECIFIC_APPS LINK Content Management Server (CMS) SQL Injection Attempt -- prikazInformacije.php IDStranicaPodaci UNION SELECT
2006665	ET WEB_SPECIFIC_APPS LINK Content Management Server (CMS) SQL Injection Attempt -- prikazInformacije.php IDStranicaPodaci INSERT
2006666	ET WEB_SPECIFIC_APPS LINK Content Management Server (CMS) SQL Injection Attempt -- prikazInformacije.php IDStranicaPodaci DELETE
2006667	ET WEB_SPECIFIC_APPS LINK Content Management Server (CMS) SQL Injection Attempt -- prikazInformacije.php IDStranicaPodaci ASCII
2006668	ET WEB_SPECIFIC_APPS LINK Content Management Server (CMS) SQL Injection Attempt -- prikazInformacije.php IDStranicaPodaci UPDATE
2007362	ET WEB_SPECIFIC_APPS Link Exchange Lite SQL Injection Attempt -- linkslist.asp psearch SELECT
2007364	ET WEB_SPECIFIC_APPS Link Exchange Lite SQL Injection Attempt -- linkslist.asp psearch UNION SELECT
2007363	ET WEB_SPECIFIC_APPS Link Exchange Lite SQL Injection Attempt -- linkslist.asp psearch INSERT
2007365	ET WEB_SPECIFIC_APPS Link Exchange Lite SQL Injection Attempt -- linkslist.asp psearch DELETE
2007366	ET WEB_SPECIFIC_APPS Link Exchange Lite SQL Injection Attempt -- linkslist.asp psearch ASCII
2007367	ET WEB_SPECIFIC_APPS Link Exchange Lite SQL Injection Attempt -- linkslist.asp psearch UPDATE
2007368	ET WEB_SPECIFIC_APPS Link Exchange Lite SQL Injection Attempt -- search.asp SELECT
2007369	ET WEB_SPECIFIC_APPS Link Exchange Lite SQL Injection Attempt -- search.asp UNION SELECT
2007370	ET WEB_SPECIFIC_APPS Link Exchange Lite SQL Injection Attempt -- search.asp INSERT
2007371	ET WEB_SPECIFIC_APPS Link Exchange Lite SQL Injection Attempt -- search.asp DELETE
2007372	ET WEB_SPECIFIC_APPS Link Exchange Lite SQL Injection Attempt -- search.asp ASCII
2007373	ET WEB_SPECIFIC_APPS Link Exchange Lite SQL Injection Attempt -- search.asp UPDATE
2006473	ET WEB_SPECIFIC_APPS LiveCMS SQL Injection Attempt -- categoria.php cid SELECT
2006474	ET WEB_SPECIFIC_APPS LiveCMS SQL Injection Attempt -- categoria.php cid UNION SELECT
2006475	ET WEB_SPECIFIC_APPS LiveCMS SQL Injection Attempt -- categoria.php cid INSERT
2006476	ET WEB_SPECIFIC_APPS LiveCMS SQL Injection Attempt -- categoria.php cid DELETE
2006477	ET WEB_SPECIFIC_APPS LiveCMS SQL Injection Attempt -- categoria.php cid ASCII
2006478	ET WEB_SPECIFIC_APPS LiveCMS SQL Injection Attempt -- categoria.php cid UPDATE
2005829	ET WEB_SPECIFIC_APPS LocazoList SQL Injection Attempt -- main.asp subcatID SELECT
2005830	ET WEB_SPECIFIC_APPS LocazoList SQL Injection Attempt -- main.asp subcatID UNION SELECT
2005831	ET WEB_SPECIFIC_APPS LocazoList SQL Injection Attempt -- main.asp subcatID INSERT
2005832	ET WEB_SPECIFIC_APPS LocazoList SQL Injection Attempt -- main.asp subcatID DELETE
2005833	ET WEB_SPECIFIC_APPS LocazoList SQL Injection Attempt -- main.asp subcatID ASCII
2006321	ET WEB_SPECIFIC_APPS Lotfian Request For Travel SQL Injection Attempt -- ProductDetails.asp PID SELECT
2006322	ET WEB_SPECIFIC_APPS Lotfian Request For Travel SQL Injection Attempt -- ProductDetails.asp PID UNION SELECT
2006323	ET WEB_SPECIFIC_APPS Lotfian Request For Travel SQL Injection Attempt -- ProductDetails.asp PID INSERT
2006324	ET WEB_SPECIFIC_APPS Lotfian Request For Travel SQL Injection Attempt -- ProductDetails.asp PID DELETE
2006325	ET WEB_SPECIFIC_APPS Lotfian Request For Travel SQL Injection Attempt -- ProductDetails.asp PID ASCII
2006326	ET WEB_SPECIFIC_APPS Lotfian Request For Travel SQL Injection Attempt -- ProductDetails.asp PID UPDATE
2004962	ET WEB_SPECIFIC_APPS LushiNews SQL Injection Attempt -- comments.php id UNION SELECT
2004967	ET WEB_SPECIFIC_APPS LushiWarPlaner SQL Injection Attempt -- register.php id SELECT
2004968	ET WEB_SPECIFIC_APPS LushiWarPlaner SQL Injection Attempt -- register.php id UNION SELECT
2004969	ET WEB_SPECIFIC_APPS LushiWarPlaner SQL Injection Attempt -- register.php id INSERT
2004970	ET WEB_SPECIFIC_APPS LushiWarPlaner SQL Injection Attempt -- register.php id DELETE
2004971	ET WEB_SPECIFIC_APPS LushiWarPlaner SQL Injection Attempt -- register.php id ASCII
2004972	ET WEB_SPECIFIC_APPS LushiWarPlaner SQL Injection Attempt -- register.php id UPDATE
2005511	ET WEB_SPECIFIC_APPS MGB OpenSource Guestbook SQL Injection Attempt -- email.php id SELECT
2005512	ET WEB_SPECIFIC_APPS MGB OpenSource Guestbook SQL Injection Attempt -- email.php id UNION SELECT
2005514	ET WEB_SPECIFIC_APPS MGB OpenSource Guestbook SQL Injection Attempt -- email.php id INSERT
2005515	ET WEB_SPECIFIC_APPS MGB OpenSource Guestbook SQL Injection Attempt -- email.php id DELETE
2005516	ET WEB_SPECIFIC_APPS MGB OpenSource Guestbook SQL Injection Attempt -- email.php id ASCII
2005517	ET WEB_SPECIFIC_APPS MGB OpenSource Guestbook SQL Injection Attempt -- email.php id UPDATE
2006225	ET WEB_SPECIFIC_APPS MGinternet Property Site Manager SQL Injection Attempt -- detail.asp p SELECT
2006226	ET WEB_SPECIFIC_APPS MGinternet Property Site Manager SQL Injection Attempt -- detail.asp p UNION SELECT
2006227	ET WEB_SPECIFIC_APPS MGinternet Property Site Manager SQL Injection Attempt -- detail.asp p INSERT
2006228	ET WEB_SPECIFIC_APPS MGinternet Property Site Manager SQL Injection Attempt -- detail.asp p DELETE
2006229	ET WEB_SPECIFIC_APPS MGinternet Property Site Manager SQL Injection Attempt -- detail.asp p ASCII
2006230	ET WEB_SPECIFIC_APPS MGinternet Property Site Manager SQL Injection Attempt -- detail.asp p UPDATE
2006231	ET WEB_SPECIFIC_APPS MGinternet Property Site Manager SQL Injection Attempt -- listings.asp l SELECT
2006232	ET WEB_SPECIFIC_APPS MGinternet Property Site Manager SQL Injection Attempt -- listings.asp l UNION SELECT
2006233	ET WEB_SPECIFIC_APPS MGinternet Property Site Manager SQL Injection Attempt -- listings.asp l INSERT
2006234	ET WEB_SPECIFIC_APPS MGinternet Property Site Manager SQL Injection Attempt -- listings.asp l DELETE
2006235	ET WEB_SPECIFIC_APPS MGinternet Property Site Manager SQL Injection Attempt -- listings.asp l ASCII
2006236	ET WEB_SPECIFIC_APPS MGinternet Property Site Manager SQL Injection Attempt -- listings.asp l UPDATE
2012065	ET WEB_SPECIFIC_APPS Aigaion ID Parameter UNION SELECT SQL Injection Attempt
2012066	ET WEB_SPECIFIC_APPS Aigaion ID Parameter INSERT INTO SQL Injection Attempt
2012068	ET WEB_SPECIFIC_APPS Profi Einzelgebots Auktions System auktion_text.php Blind SQL Injection Attempt
2006237	ET WEB_SPECIFIC_APPS MGinternet Property Site Manager SQL Injection Attempt -- listings.asp typ SELECT
2006238	ET WEB_SPECIFIC_APPS MGinternet Property Site Manager SQL Injection Attempt -- listings.asp typ UNION SELECT
2006239	ET WEB_SPECIFIC_APPS MGinternet Property Site Manager SQL Injection Attempt -- listings.asp typ INSERT
2006240	ET WEB_SPECIFIC_APPS MGinternet Property Site Manager SQL Injection Attempt -- listings.asp typ DELETE
2006241	ET WEB_SPECIFIC_APPS MGinternet Property Site Manager SQL Injection Attempt -- listings.asp typ ASCII
2006242	ET WEB_SPECIFIC_APPS MGinternet Property Site Manager SQL Injection Attempt -- listings.asp typ UPDATE
2006243	ET WEB_SPECIFIC_APPS MGinternet Property Site Manager SQL Injection Attempt -- listings.asp loc SELECT
2006244	ET WEB_SPECIFIC_APPS MGinternet Property Site Manager SQL Injection Attempt -- listings.asp loc UNION SELECT
2006245	ET WEB_SPECIFIC_APPS MGinternet Property Site Manager SQL Injection Attempt -- listings.asp loc INSERT
2006246	ET WEB_SPECIFIC_APPS MGinternet Property Site Manager SQL Injection Attempt -- listings.asp loc DELETE
2006247	ET WEB_SPECIFIC_APPS MGinternet Property Site Manager SQL Injection Attempt -- listings.asp loc ASCII
2006248	ET WEB_SPECIFIC_APPS MGinternet Property Site Manager SQL Injection Attempt -- listings.asp loc UPDATE
2004427	ET WEB_SPECIFIC_APPS Mambo SQL Injection Attempt -- moscomment.php mcname SELECT
2004428	ET WEB_SPECIFIC_APPS Mambo SQL Injection Attempt -- moscomment.php mcname UNION SELECT
2004429	ET WEB_SPECIFIC_APPS Mambo SQL Injection Attempt -- moscomment.php mcname INSERT
2004430	ET WEB_SPECIFIC_APPS Mambo SQL Injection Attempt -- moscomment.php mcname DELETE
2004431	ET WEB_SPECIFIC_APPS Mambo SQL Injection Attempt -- moscomment.php mcname ASCII
2004432	ET WEB_SPECIFIC_APPS Mambo SQL Injection Attempt -- moscomment.php mcname UPDATE
2004433	ET WEB_SPECIFIC_APPS Mambo SQL Injection Attempt -- com_comment.php mcname SELECT
2004434	ET WEB_SPECIFIC_APPS Mambo SQL Injection Attempt -- com_comment.php mcname UNION SELECT
2004435	ET WEB_SPECIFIC_APPS Mambo SQL Injection Attempt -- com_comment.php mcname INSERT
2004436	ET WEB_SPECIFIC_APPS Mambo SQL Injection Attempt -- com_comment.php mcname DELETE
2004437	ET WEB_SPECIFIC_APPS Mambo SQL Injection Attempt -- com_comment.php mcname ASCII
2004438	ET WEB_SPECIFIC_APPS Mambo SQL Injection Attempt -- com_comment.php mcname UPDATE
2004766	ET WEB_SPECIFIC_APPS Mambo LaiThai SQL Injection Attempt -- mambo.php SELECT
2004767	ET WEB_SPECIFIC_APPS Mambo LaiThai SQL Injection Attempt -- mambo.php UNION SELECT
2004768	ET WEB_SPECIFIC_APPS Mambo LaiThai SQL Injection Attempt -- mambo.php INSERT
2004769	ET WEB_SPECIFIC_APPS Mambo LaiThai SQL Injection Attempt -- mambo.php DELETE
2004770	ET WEB_SPECIFIC_APPS Mambo LaiThai SQL Injection Attempt -- mambo.php ASCII
2004771	ET WEB_SPECIFIC_APPS Mambo LaiThai SQL Injection Attempt -- mambo.php UPDATE
2010605	ET WEB_SPECIFIC_APPS Mambo Component com_viewfulllisting SQL Injection Attempt
2011091	ET WEB_SPECIFIC_APPS Manage Engine Service Desk Plus WorkOrder.do SELECT FROM SQL Injection Attempt
2011092	ET WEB_SPECIFIC_APPS Manage Engine Service Desk Plus WorkOrder.do DELETE FROM SQL Injection Attempt
2011093	ET WEB_SPECIFIC_APPS Manage Engine Service Desk Plus WorkOrder.do UNION SELECT SQL Injection Attempt
2011094	ET WEB_SPECIFIC_APPS Manage Engine Service Desk Plus WorkOrder.do INSERT INTO SQL Injection Attempt
2011095	ET WEB_SPECIFIC_APPS Manage Engine Service Desk Plus WorkOrder.do UPDATE SET SQL Injection Attempt
2005141	ET WEB_SPECIFIC_APPS Martyn Kilbryde Newsposter Script SQL Injection Attempt -- news_page.asp uid SELECT
2005142	ET WEB_SPECIFIC_APPS Martyn Kilbryde Newsposter Script SQL Injection Attempt -- news_page.asp uid UNION SELECT
2005143	ET WEB_SPECIFIC_APPS Martyn Kilbryde Newsposter Script SQL Injection Attempt -- news_page.asp uid INSERT
2005144	ET WEB_SPECIFIC_APPS Martyn Kilbryde Newsposter Script SQL Injection Attempt -- news_page.asp uid DELETE
2005145	ET WEB_SPECIFIC_APPS Martyn Kilbryde Newsposter Script SQL Injection Attempt -- news_page.asp uid ASCII
2005146	ET WEB_SPECIFIC_APPS Martyn Kilbryde Newsposter Script SQL Injection Attempt -- news_page.asp uid UPDATE
2004265	ET WEB_SPECIFIC_APPS Koan Software Mega Mall SQL Injection Attempt -- product_review.php x SELECT
2004266	ET WEB_SPECIFIC_APPS Koan Software Mega Mall SQL Injection Attempt -- product_review.php x UNION SELECT
2004267	ET WEB_SPECIFIC_APPS Koan Software Mega Mall SQL Injection Attempt -- product_review.php x INSERT
2004268	ET WEB_SPECIFIC_APPS Koan Software Mega Mall SQL Injection Attempt -- product_review.php x DELETE
2004269	ET WEB_SPECIFIC_APPS Koan Software Mega Mall SQL Injection Attempt -- product_review.php x ASCII
2004270	ET WEB_SPECIFIC_APPS Koan Software Mega Mall SQL Injection Attempt -- product_review.php x UPDATE
2004271	ET WEB_SPECIFIC_APPS Koan Software Mega Mall SQL Injection Attempt -- product_review.php t SELECT
2004272	ET WEB_SPECIFIC_APPS Koan Software Mega Mall SQL Injection Attempt -- product_review.php t UNION SELECT
2004273	ET WEB_SPECIFIC_APPS Koan Software Mega Mall SQL Injection Attempt -- product_review.php t INSERT
2004274	ET WEB_SPECIFIC_APPS Koan Software Mega Mall SQL Injection Attempt -- product_review.php t DELETE
2004275	ET WEB_SPECIFIC_APPS Koan Software Mega Mall SQL Injection Attempt -- product_review.php t ASCII
2004276	ET WEB_SPECIFIC_APPS Koan Software Mega Mall SQL Injection Attempt -- product_review.php t UPDATE
2004277	ET WEB_SPECIFIC_APPS Koan Software Mega Mall SQL Injection Attempt -- product_review.php productId SELECT
2004278	ET WEB_SPECIFIC_APPS Koan Software Mega Mall SQL Injection Attempt -- product_review.php productId UNION SELECT
2004279	ET WEB_SPECIFIC_APPS Koan Software Mega Mall SQL Injection Attempt -- product_review.php productId INSERT
2004280	ET WEB_SPECIFIC_APPS Koan Software Mega Mall SQL Injection Attempt -- product_review.php productId DELETE
2004281	ET WEB_SPECIFIC_APPS Koan Software Mega Mall SQL Injection Attempt -- product_review.php productId ASCII
2004282	ET WEB_SPECIFIC_APPS Koan Software Mega Mall SQL Injection Attempt -- product_review.php productId UPDATE
2004283	ET WEB_SPECIFIC_APPS Koan Software Mega Mall SQL Injection Attempt -- product_review.php sk SELECT
2004284	ET WEB_SPECIFIC_APPS Koan Software Mega Mall SQL Injection Attempt -- product_review.php sk UNION SELECT
2004285	ET WEB_SPECIFIC_APPS Koan Software Mega Mall SQL Injection Attempt -- product_review.php sk INSERT
2004286	ET WEB_SPECIFIC_APPS Koan Software Mega Mall SQL Injection Attempt -- product_review.php sk DELETE
2004287	ET WEB_SPECIFIC_APPS Koan Software Mega Mall SQL Injection Attempt -- product_review.php sk ASCII
2004288	ET WEB_SPECIFIC_APPS Koan Software Mega Mall SQL Injection Attempt -- product_review.php sk UPDATE
2004289	ET WEB_SPECIFIC_APPS Koan Software Mega Mall SQL Injection Attempt -- product_review.php x SELECT
2004290	ET WEB_SPECIFIC_APPS Koan Software Mega Mall SQL Injection Attempt -- product_review.php x UNION SELECT
2004291	ET WEB_SPECIFIC_APPS Koan Software Mega Mall SQL Injection Attempt -- product_review.php x INSERT
2004292	ET WEB_SPECIFIC_APPS Koan Software Mega Mall SQL Injection Attempt -- product_review.php x DELETE
2004293	ET WEB_SPECIFIC_APPS Koan Software Mega Mall SQL Injection Attempt -- product_review.php x ASCII
2004294	ET WEB_SPECIFIC_APPS Koan Software Mega Mall SQL Injection Attempt -- product_review.php x UPDATE
2004295	ET WEB_SPECIFIC_APPS Koan Software Mega Mall SQL Injection Attempt -- product_review.php so SELECT
2004296	ET WEB_SPECIFIC_APPS Koan Software Mega Mall SQL Injection Attempt -- product_review.php so UNION SELECT
2004297	ET WEB_SPECIFIC_APPS Koan Software Mega Mall SQL Injection Attempt -- product_review.php so INSERT
2004298	ET WEB_SPECIFIC_APPS Koan Software Mega Mall SQL Injection Attempt -- product_review.php so DELETE
2004299	ET WEB_SPECIFIC_APPS Koan Software Mega Mall SQL Injection Attempt -- product_review.php so ASCII
2004300	ET WEB_SPECIFIC_APPS Koan Software Mega Mall SQL Injection Attempt -- product_review.php so UPDATE
2004301	ET WEB_SPECIFIC_APPS Koan Software Mega Mall SQL Injection Attempt -- order-track.php orderNo SELECT
2004302	ET WEB_SPECIFIC_APPS Koan Software Mega Mall SQL Injection Attempt -- order-track.php orderNo UNION SELECT
2004303	ET WEB_SPECIFIC_APPS Koan Software Mega Mall SQL Injection Attempt -- order-track.php orderNo INSERT
2004304	ET WEB_SPECIFIC_APPS Koan Software Mega Mall SQL Injection Attempt -- order-track.php orderNo DELETE
2004305	ET WEB_SPECIFIC_APPS Koan Software Mega Mall SQL Injection Attempt -- order-track.php orderNo ASCII
2004306	ET WEB_SPECIFIC_APPS Koan Software Mega Mall SQL Injection Attempt -- order-track.php orderNo UPDATE
2006627	ET WEB_SPECIFIC_APPS MyStats SQL Injection Attempt -- mystats.php details SELECT
2006628	ET WEB_SPECIFIC_APPS MyStats SQL Injection Attempt -- mystats.php details UNION SELECT
2006629	ET WEB_SPECIFIC_APPS MyStats SQL Injection Attempt -- mystats.php details INSERT
2006630	ET WEB_SPECIFIC_APPS MyStats SQL Injection Attempt -- mystats.php details DELETE
2006631	ET WEB_SPECIFIC_APPS MyStats SQL Injection Attempt -- mystats.php details ASCII
2006632	ET WEB_SPECIFIC_APPS MyStats SQL Injection Attempt -- mystats.php details UPDATE
2004612	ET WEB_SPECIFIC_APPS My Datebook SQL Injection Attempt -- diary.php delete SELECT
2004613	ET WEB_SPECIFIC_APPS My Datebook SQL Injection Attempt -- diary.php delete UNION SELECT
2004614	ET WEB_SPECIFIC_APPS My Datebook SQL Injection Attempt -- diary.php delete INSERT
2004615	ET WEB_SPECIFIC_APPS My Datebook SQL Injection Attempt -- diary.php delete DELETE
2004616	ET WEB_SPECIFIC_APPS My Datebook SQL Injection Attempt -- diary.php delete ASCII
2004617	ET WEB_SPECIFIC_APPS My Datebook SQL Injection Attempt -- diary.php delete UPDATE
2004095	ET WEB_SPECIFIC_APPS My Little Forum SQL Injection Attempt -- user.php id SELECT
2004096	ET WEB_SPECIFIC_APPS My Little Forum SQL Injection Attempt -- user.php id UNION SELECT
2004097	ET WEB_SPECIFIC_APPS My Little Forum SQL Injection Attempt -- user.php id INSERT
2004098	ET WEB_SPECIFIC_APPS My Little Forum SQL Injection Attempt -- user.php id DELETE
2004099	ET WEB_SPECIFIC_APPS My Little Forum SQL Injection Attempt -- user.php id ASCII
2004100	ET WEB_SPECIFIC_APPS My Little Forum SQL Injection Attempt -- user.php id UPDATE
2004743	ET WEB_SPECIFIC_APPS Nabopoll SQL Injection Attempt -- result.php surv UNION SELECT
2004742	ET WEB_SPECIFIC_APPS Nabopoll SQL Injection Attempt -- result.php surv SELECT
2004744	ET WEB_SPECIFIC_APPS Nabopoll SQL Injection Attempt -- result.php surv INSERT
2004745	ET WEB_SPECIFIC_APPS Nabopoll SQL Injection Attempt -- result.php surv DELETE
2004746	ET WEB_SPECIFIC_APPS Nabopoll SQL Injection Attempt -- result.php surv ASCII
2004747	ET WEB_SPECIFIC_APPS Nabopoll SQL Injection Attempt -- result.php surv UPDATE
2006880	ET WEB_SPECIFIC_APPS Neocrome Land Down Under (LDU) SQL Injection Attempt -- users.php id SELECT
2006881	ET WEB_SPECIFIC_APPS Neocrome Land Down Under (LDU) SQL Injection Attempt -- users.php id UNION SELECT
2006882	ET WEB_SPECIFIC_APPS Neocrome Land Down Under (LDU) SQL Injection Attempt -- users.php id INSERT
2006883	ET WEB_SPECIFIC_APPS Neocrome Land Down Under (LDU) SQL Injection Attempt -- users.php id DELETE
2006884	ET WEB_SPECIFIC_APPS Neocrome Land Down Under (LDU) SQL Injection Attempt -- users.php id ASCII
2006885	ET WEB_SPECIFIC_APPS Neocrome Land Down Under (LDU) SQL Injection Attempt -- users.php id UPDATE
2006736	ET WEB_SPECIFIC_APPS Neocrome Seditio SQL Injection Attempt -- ipsearch.admin.php SELECT
2006737	ET WEB_SPECIFIC_APPS Neocrome Seditio SQL Injection Attempt -- ipsearch.admin.php UNION SELECT
2006738	ET WEB_SPECIFIC_APPS Neocrome Seditio SQL Injection Attempt -- ipsearch.admin.php INSERT
2006739	ET WEB_SPECIFIC_APPS Neocrome Seditio SQL Injection Attempt -- ipsearch.admin.php DELETE
2006740	ET WEB_SPECIFIC_APPS Neocrome Seditio SQL Injection Attempt -- ipsearch.admin.php ASCII
2006741	ET WEB_SPECIFIC_APPS Neocrome Seditio SQL Injection Attempt -- ipsearch.admin.php UPDATE
2006742	ET WEB_SPECIFIC_APPS Neocrome Seditio SQL Injection Attempt -- pfs.edit.inc.php SELECT
2006743	ET WEB_SPECIFIC_APPS Neocrome Seditio SQL Injection Attempt -- pfs.edit.inc.php UNION SELECT
2006744	ET WEB_SPECIFIC_APPS Neocrome Seditio SQL Injection Attempt -- pfs.edit.inc.php INSERT
2006745	ET WEB_SPECIFIC_APPS Neocrome Seditio SQL Injection Attempt -- pfs.edit.inc.php DELETE
2006746	ET WEB_SPECIFIC_APPS Neocrome Seditio SQL Injection Attempt -- pfs.edit.inc.php ASCII
2006747	ET WEB_SPECIFIC_APPS Neocrome Seditio SQL Injection Attempt -- pfs.edit.inc.php UPDATE
2012131	ET WEB_SPECIFIC_APPS Joomla Seyret Video com_seyret Component Blind SQL Injection Attempt
2012159	ET WEB_SPECIFIC_APPS Informacion General informacion_general.php SELECT FROM SQL Injection Attempt
2012161	ET WEB_SPECIFIC_APPS Informacion General informacion_general.php UNION SELECT SQL Injection Attempt
2012162	ET WEB_SPECIFIC_APPS Informacion General informacion_general.php INSERT INTO SQL Injection Attempt
2012163	ET WEB_SPECIFIC_APPS Informacion General informacion_general.php UPDATE SET SQL Injection Attempt
2012167	ET WEB_SPECIFIC_APPS ndCMS editor.aspx index Parameter SQL Injection Attempt
2006748	ET WEB_SPECIFIC_APPS Neocrome Seditio SQL Injection Attempt -- users.register.inc.php SELECT
2006749	ET WEB_SPECIFIC_APPS Neocrome Seditio SQL Injection Attempt -- users.register.inc.php UNION SELECT
2006751	ET WEB_SPECIFIC_APPS Neocrome Seditio SQL Injection Attempt -- users.register.inc.php DELETE
2006752	ET WEB_SPECIFIC_APPS Neocrome Seditio SQL Injection Attempt -- users.register.inc.php ASCII
2006753	ET WEB_SPECIFIC_APPS Neocrome Seditio SQL Injection Attempt -- users.register.inc.php UPDATE
2012212	ET WEB_SPECIFIC_APPS Tunngavik CMS id Parameter DELETE FROM SQL Injection Attempt
2012211	ET WEB_SPECIFIC_APPS Tunngavik CMS id Parameter SELECT FROM SQL Injection Attempt
2012213	ET WEB_SPECIFIC_APPS Tunngavik CMS id Parameter UNION SELECT SQL Injection Attempt
2012214	ET WEB_SPECIFIC_APPS Tunngavik CMS id Parameter INSERT INTO SQL Injection Attempt
2012215	ET WEB_SPECIFIC_APPS Tunngavik CMS id Parameter UPDATE SET SQL Injection Attempt
2012335	ET WEB_SPECIFIC_APPS Coupon Script bus parameter Blind SQL Injection Attempt
2012338	ET WEB_SPECIFIC_APPS PHP-fusion Team Structure Infusion team_id Parameter SELECT FROM SQL Injection Attempt
2012339	ET WEB_SPECIFIC_APPS PHP-fusion Team Structure Infusion team_id Parameter DELETE FROM SQL Injection Attempt
2012340	ET WEB_SPECIFIC_APPS PHP-fusion Team Structure Infusion team_id Parameter UNION SELECT SQL Injection Attempt
2012341	ET WEB_SPECIFIC_APPS PHP-fusion Team Structure Infusion team_id Parameter INSERT INTO SQL Injection Attempt
2012342	ET WEB_SPECIFIC_APPS PHP-fusion Team Structure Infusion team_id Parameter UPDATE SET SQL Injection Attempt
2012346	ET WEB_SPECIFIC_APPS PMB Services id Parameter SELECT FROM SQL Injection Attempt
2012347	ET WEB_SPECIFIC_APPS PMB Services id Parameter DELETE FROM SQL Injection Attempt
2012348	ET WEB_SPECIFIC_APPS Services id Parameter UNION SELECT SQL Injection Attempt
2012349	ET WEB_SPECIFIC_APPS PMB Services id Parameter INSERT INTO SQL Injection Attempt
2012350	ET WEB_SPECIFIC_APPS PMB Services id Parameter UPDATE SET SQL Injection Attempt
2012352	ET WEB_SPECIFIC_APPS PHP Classified ads software cid parameter Blind SQL Injection Attempt
2012358	ET WEB_SPECIFIC_APPS PHPCMS modelid Parameter SQL Injection Attempt
2012359	ET WEB_SPECIFIC_APPS T-Content Management System id_novedad Parameter SELECT FROM SQL Injection Attempt
2012360	ET WEB_SPECIFIC_APPS T-Content Management System id_novedad Parameter DELETE FROM SQL Injection Attempt
2012361	ET WEB_SPECIFIC_APPS T-Content Management System id_novedad Parameter UNION SELECT SQL Injection Attempt
2012362	ET WEB_SPECIFIC_APPS T-Content Management System id_novedad Parameter INSERT INTO SQL Injection Attempt
2012363	ET WEB_SPECIFIC_APPS T-Content Management System id_novedad Parameter UPDATE SET SQL Injection Attempt
2012364	ET WEB_SPECIFIC_APPS Bexfront sid Parameter SELECT FROM SQL Injection Attempt
2012365	ET WEB_SPECIFIC_APPS Bexfront sid Parameter DELETE FROM SQL Injection Attempt
2012366	ET WEB_SPECIFIC_APPS Bexfront sid Parameter UNION SELECT SQL Injection Attempt
2012367	ET WEB_SPECIFIC_APPS Bexfront sid Parameter INSERT INTO SQL Injection Attempt
2012368	ET WEB_SPECIFIC_APPS Bexfront sid Parameter UPDATE SET SQL Injection Attempt
2012372	ET WEB_SPECIFIC_APPS ColdUserGroup LibraryID Parameter Blind SQL Injection Attempt
2012374	ET WEB_SPECIFIC_APPS Woltlab Burning Board katid Parameter SELECT FROM SQL Injection Attempt
2012375	ET WEB_SPECIFIC_APPS Woltlab Burning Board katid Parameter DELETE FROM SQL Injection Attempt
2012376	ET WEB_SPECIFIC_APPS Woltlab Burning Board katid Parameter UNION SELECT SQL Injection Attempt
2012377	ET WEB_SPECIFIC_APPS Woltlab Burning Board katid Parameter INSERT INTO SQL Injection Attempt
2012378	ET WEB_SPECIFIC_APPS Woltlab Burning Board katid Parameter UPDATE SET SQL Injection Attempt
2012379	ET WEB_SPECIFIC_APPS TelebidAuctionScript aid Parameter Blind SQL Injection Attempt
2012381	ET WEB_SPECIFIC_APPS ITechBids productid Parameter Blind SQL Injection Attempt
2012412	ET WEB_SPECIFIC_APPS IWantOneButton Wordpress SQL Injection Attempt  updateAJAX.php post_id SELECT
2012413	ET WEB_SPECIFIC_APPS IWantOneButton Wordpress SQL Injection Attempt updateAJAX.php post_id UNION SELECT
2012414	ET WEB_SPECIFIC_APPS IWantOneButton Wordpress SQL Injection Attempt updateAJAX.php post_id INSERT
2012415	ET WEB_SPECIFIC_APPS IWantOneButton Wordpress SQL Injection Attempt updateAJAX.php post_id DELETE
2012416	ET WEB_SPECIFIC_APPS IWantOneButton Wordpress SQL Injection Attempt updateAJAX.php post_id ASCII
2012417	ET WEB_SPECIFIC_APPS IWantOneButton Wordpress SQL Injection Attempt updateAJAX.php post_id UPDATE
2012760	ET WEB_SPECIFIC_APPS Cisco Unified Communications Manager xmldirectorylist.jsp SQL Injection Attempt
2004364	ET WEB_SPECIFIC_APPS Grayscale Blog SQL Injection Attempt -- detail.php id DELETE
2009980	ET WEB_SPECIFIC_APPS CMScontrol 7.x (index.php id_menu) SQL Injection Vulnerability
2010078	ET WEB_SPECIFIC_APPS Possible Docebo UPDATE SET SQL Injection Attempt
2004529	ET WEB_SPECIFIC_APPS AJ Auction SQL Injection Attempt -- subcat.php cate_id SELECT
2004530	ET WEB_SPECIFIC_APPS AJ Auction SQL Injection Attempt -- subcat.php cate_id UNION SELECT
2004531	ET WEB_SPECIFIC_APPS AJ Auction SQL Injection Attempt -- subcat.php cate_id INSERT
2004532	ET WEB_SPECIFIC_APPS AJ Auction SQL Injection Attempt -- subcat.php cate_id DELETE
2004533	ET WEB_SPECIFIC_APPS AJ Auction SQL Injection Attempt -- subcat.php cate_id ASCII
2004534	ET WEB_SPECIFIC_APPS AJ Auction SQL Injection Attempt -- subcat.php cate_id UPDATE
2004535	ET WEB_SPECIFIC_APPS AJDating SQL Injection Attempt -- view_profile.php user_id SELECT
2004536	ET WEB_SPECIFIC_APPS AJDating SQL Injection Attempt -- view_profile.php user_id UNION SELECT
2004537	ET WEB_SPECIFIC_APPS AJDating SQL Injection Attempt -- view_profile.php user_id INSERT
2004538	ET WEB_SPECIFIC_APPS AJDating SQL Injection Attempt -- view_profile.php user_id DELETE
2004539	ET WEB_SPECIFIC_APPS AJDating SQL Injection Attempt -- view_profile.php user_id ASCII
2004540	ET WEB_SPECIFIC_APPS AJDating SQL Injection Attempt -- view_profile.php user_id UPDATE
2004541	ET WEB_SPECIFIC_APPS AJ Classifieds SQL Injection Attempt -- postingdetails.php postingid SELECT
2009978	ET WEB_SPECIFIC_APPS CMScontrol 7.x (index.php id_menu) SQL Injection Vulnerability
2012219	ET WEB_SPECIFIC_APPS BetMore Site Suite mainx_a.php bid Parameter Blind SQL Injection Attempt
2004546	ET WEB_SPECIFIC_APPS AJ Classifieds SQL Injection Attempt -- postingdetails.php postingid UPDATE
2004386	ET WEB_SPECIFIC_APPS fystyq Duyuru Scripti SQL Injection Attempt -- goster.asp id UNION SELECT
2012160	ET WEB_SPECIFIC_APPS Informacion General informacion_general.php DELETE FROM SQL Injection Attempt
2019139	ET WEB_SPECIFIC_APPS WordPress Huge IT Image Gallery 1.0.0 SQL Injection
2018612	ET WEB_SPECIFIC_APPS Cacti Superlinks Plugin SQL Injection
2004023	ET WEB_SPECIFIC_APPS BtiTracker SQL Injection Attempt -- account_change.php style SELECT
2005850	ET WEB_SPECIFIC_APPS Coppermine Photo Gallery SQL Injection Attempt -- usermgr.php gid DELETE
2006022	ET WEB_SPECIFIC_APPS The Address Book SQL Injection Attempt -- user.php passwordNew UNION SELECT
2006116	ET WEB_SPECIFIC_APPS DMXReady Secure Login Manager SQL Injection Attempt -- members.asp sent UPDATE
2006145	ET WEB_SPECIFIC_APPS Dragon Business Directory SQL Injection Attempt -- bus_details.asp ID ASCII
2006846	ET WEB_SPECIFIC_APPS ASPMForum SQL Injection Attempt -- mesajkutum.asp mesajno DELETE
2006935	ET WEB_SPECIFIC_APPS PHP-Nuke SQL Injection Attempt -- modules.php pid INSERT
2025747	ET WEB_SPECIFIC_APPS WordPress Plugin Pie Register SQL Injection
2014081	ET WEB_SPECIFIC_APPS Mambo Zorder zorder Parameter INSERT INTO SQL Injection Vulnerability
2013984	ET WEB_SPECIFIC_APPS Zabbix popup.php  SELECT FROM SQL Injection Vulnerability
2011839	ET WEB_SPECIFIC_APPS PHP-Fusion mguser fotoalbum album_id Parameter DELETE FROM SQL Injection Attempt
2004168	ET WEB_SPECIFIC_APPS Minerva mod SQL Injection Attempt -- forum.php c ASCII
2011108	ET WEB_SPECIFIC_APPS Openfire Jabber-Server type Parameter SELECT FROM SQL Injection Attempt
2011109	ET WEB_SPECIFIC_APPS Openfire Jabber-Server type Parameter DELETE FROM SQL Injection Attempt
2011110	ET WEB_SPECIFIC_APPS Openfire Jabber-Server type Parameter UNION SELECT SQL Injection Attempt
2011111	ET WEB_SPECIFIC_APPS Openfire Jabber-Server type Parameter INSERT INTO SQL Injection Attempt
2011112	ET WEB_SPECIFIC_APPS Openfire Jabber-Server type Parameter UPDATE SET SQL Injection Attempt
2033403	ET WEB_SPECIFIC_APPS Apache SkyWalking GraphQL SQL Injection Inbound (CVE-2020-13921)
2005478	ET WEB_SPECIFIC_APPS Francisco Burzi PHP-Nuke SQL Injection Attempt -- index.php clickurl ASCII
2046192	ET WEB_SPECIFIC_APPS MOVEit File Transfer - Trigger SQL Injection via guestaccess.aspx - CVE-2023-34362 Stage 2
2002663	ET WEB_SPECIFIC_APPS e107 resetcore.php SQL Injection attempt
2002671	ET WEB_SPECIFIC_APPS Galerie ShowGallery.php SQL Injection attempt
2002678	ET WEB_SPECIFIC_APPS Cyphor show.php SQL injection attempt
2008672	ET WEB_SPECIFIC_APPS My PHP Dating id parameter SQL Injection
2008684	ET WEB_SPECIFIC_APPS E-Shop Shopping Cart Script search_results.php SQL Injection
2008685	ET WEB_SPECIFIC_APPS Joomla DS-Syndicate Component feed_id SQL Injection
2008686	ET WEB_SPECIFIC_APPS zeeproperty adid Parameter Remote SQL Injection
2008688	ET WEB_SPECIFIC_APPS XOOPS Makale Module id SQL Injection
2008722	ET WEB_SPECIFIC_APPS Simple Customer contact.php SQL injection
2008723	ET WEB_SPECIFIC_APPS ShopMaker product.php id Parameter Remote SQL Injection
2008725	ET WEB_SPECIFIC_APPS WordPress Newsletter Plugin newsletter Parameter SQL Injection
2008786	ET WEB_SPECIFIC_APPS PozScripts Classified Auctions id parameter SQL Injection
2008787	ET WEB_SPECIFIC_APPS All In One Control Panel poll_id parameter SQL Injection
2008813	ET WEB_SPECIFIC_APPS e107 Plugin lyrics_menu lyrics_song.php l_id Parameter Remote SQL Injection
2008815	ET WEB_SPECIFIC_APPS SFS EZ Hotscripts-like Site showcategory.php cid Parameter SQL Injection
2008816	ET WEB_SPECIFIC_APPS SFS EZ Hotscripts-like Site software-description.php id Parameter SQL Injection
2008817	ET WEB_SPECIFIC_APPS YourFreeWorld Autoresponder hosting tr.php id Parameter SQL Injection
2008818	ET WEB_SPECIFIC_APPS YourFreeWorld Reminder Service tr.php id Parameter SQL Injection
2008819	ET WEB_SPECIFIC_APPS YourFreeWorld Classifieds Blaster tr.php id Parameter SQL Injection
2008821	ET WEB_SPECIFIC_APPS Tours Manager cityview.php cityid Parameter SQL Injection
2008823	ET WEB_SPECIFIC_APPS Pre Podcast Portal tour.php id SQL Injection
2008827	ET WEB_SPECIFIC_APPS TurnkeyForms Business Survey Pro id parameter SQL Injection
2008828	ET WEB_SPECIFIC_APPS Turnkeyforms Software Directory showcategory.php cid parameter SQL Injection
2008830	ET WEB_SPECIFIC_APPS DevelopItEasy Photo Gallery cat_id parameter SQL Injection
2008831	ET WEB_SPECIFIC_APPS DevelopItEasy Photo Gallery photo_id parameter SQL Injection
2008834	ET WEB_SPECIFIC_APPS DevelopItEasy News And Article aid parameter SQL Injection
2008835	ET WEB_SPECIFIC_APPS MyioSoft EasyBookMarker Parent parameter SQL Injection
2008837	ET WEB_SPECIFIC_APPS Maran PHP Shop id Parameter Remote SQL Injection
2008838	ET WEB_SPECIFIC_APPS DeltaScripts PHP Classifieds siteid parameter Remote SQL Injection
2008866	ET WEB_SPECIFIC_APPS ClipShare Pro channel_detail.php chid Parameter SQL Injection
2008867	ET WEB_SPECIFIC_APPS SlimCMS edit.php pageid Parameter SQL Injection
2008873	ET WEB_SPECIFIC_APPS PHPStore Wholesales id Parameter SQL Injection
2008875	ET WEB_SPECIFIC_APPS Vlog System note parameter SQL Injection
2008883	ET WEB_SPECIFIC_APPS Easyedit CMS page.php intpageID parameter sql injection
2008884	ET WEB_SPECIFIC_APPS Easyedit CMS subcategory.php intSubCategoryID parameter sql injection
2008885	ET WEB_SPECIFIC_APPS Easyedit CMS news.php intPageID parameter sql injection
2008896	ET WEB_SPECIFIC_APPS Bandwebsite lyrics.php id parameter Sql Injection
2008921	ET WEB_SPECIFIC_APPS Nitrotech members.php id Parameter SQL Injection
2008926	ET WEB_SPECIFIC_APPS Venalsur Booking Centre HotelID Parameter SQL Injection
2008927	ET WEB_SPECIFIC_APPS Lito Lite CMS cate.php cid parameter Remote SQL Injection
2008930	ET WEB_SPECIFIC_APPS ParsBlogger blog.asp wr parameter Remote SQL Injection
2008931	ET WEB_SPECIFIC_APPS Experts answer.php question_id parameter SQL Injection
2008932	ET WEB_SPECIFIC_APPS SunByte e-Flower popupproduct.php id Parameter SQL Injection
2008933	ET WEB_SPECIFIC_APPS Check New findoffice.php search parameter Remote SQL Injection
2008936	ET WEB_SPECIFIC_APPS ASPApps.com Template Creature media_level.asp mcatid parameter SQL Injection
2008939	ET WEB_SPECIFIC_APPS Wbstreet show.php id parameter Remote SQL Injection
2008994	ET WEB_SPECIFIC_APPS Multiple Membership Script id parameter SQL injection
2008997	ET WEB_SPECIFIC_APPS icash Click&BaneX user_menu.asp ID parameter SQL Injection
2008998	ET WEB_SPECIFIC_APPS EvimGibi Pro Resim Galerisi kat_id parameter SQL Injection
2009000	ET WEB_SPECIFIC_APPS RSS Simple News news.php pid parameter Remote SQL Injection
2009013	ET WEB_SPECIFIC_APPS WebPhotoPro art.php idm Parameter SQL Injection
2009014	ET WEB_SPECIFIC_APPS WebPhotoPro rub.php idr Parameter SQL Injection
2009015	ET WEB_SPECIFIC_APPS WebPhotoPro galeri_info.php ida Parameter SQL Injection
2009016	ET WEB_SPECIFIC_APPS WebPhotoPro galeri_info.php lang Parameter SQL Injection
2009017	ET WEB_SPECIFIC_APPS WebPhotoPro rubrika.php idr Parameter SQL Injection
2009045	ET WEB_SPECIFIC_APPS cfagcms right.php title Parameter SQL Injection
2009049	ET WEB_SPECIFIC_APPS RealtyListings type.asp iType Parameter SQL Injection
2009050	ET WEB_SPECIFIC_APPS RealtyListings detail.asp iPro Parameter SQL Injection
2009058	ET WEB_SPECIFIC_APPS WSN Guest search.php search parameter SQL Injection
2009122	ET WEB_SPECIFIC_APPS Wazzum Dating Software profile_view.php userid Parameter SQL Injection
2009140	ET WEB_SPECIFIC_APPS ReVou Micro Blogging user_updates.php user Parameter SQL Injection
2009192	ET WEB_SPECIFIC_APPS CMS Faethon info.php item Parameter SQL Injection
2009198	ET WEB_SPECIFIC_APPS Kalptaru Infotech Product Sale Framework customer.forumtopic.php forum_topic_id parameter SQL Injection
2009227	ET WEB_SPECIFIC_APPS eFiction toplists.php list Parameter SQL Injection
2009228	ET WEB_SPECIFIC_APPS AlstraSoft Video Share Enterprise album.php UID Parameter SQL Injection
2009319	ET WEB_SPECIFIC_APPS DeZine DZcms products.php pcat parameter SQL injection
2009323	ET WEB_SPECIFIC_APPS Demium CMS tracking.php follow_kat Parameter SQL Injection
2009335	ET WEB_SPECIFIC_APPS nicLOR CMS-School showarticle.php aID Parameter SQL Injection
2009365	ET WEB_SPECIFIC_APPS Beerwins PHPLinkAdmin edlink.php linkid Parameter SQL Injection
2009366	ET WEB_SPECIFIC_APPS EasySiteNetwork Riddles Complete Website riddle.php riddleid Parameter SQL Injection
2009368	ET WEB_SPECIFIC_APPS DeluxeBB misc.php qorder Parameter SQL Injection
2009394	ET WEB_SPECIFIC_APPS GDL gdl.php node Parameter SQL Injection
2009424	ET WEB_SPECIFIC_APPS AjaxPortal ajaxp_backend.php page Parameter SQL Injection
2009513	ET WEB_SPECIFIC_APPS Possible Rentventory SQL Injection Attempt
2009658	ET WEB_SPECIFIC_APPS Kalptaru Infotech Automated Link Exchange Portal cat_id Parameter SQL Injection
2009674	ET WEB_SPECIFIC_APPS Guestbook guestbook.php mes_id SQL Injection attempt
2009716	ET WEB_SPECIFIC_APPS ECShop user.php order_sn Parameter SQL Injection
2009718	ET WEB_SPECIFIC_APPS AvailScript Photo Album Script pics.php sid Parameter SQL Injection
2009727	ET WEB_SPECIFIC_APPS Scripts For Sites EZ e-store searchresults.php where Parameter SQL Injection
2009730	ET WEB_SPECIFIC_APPS JobHut browse.php pk Parameter SQL Injection
2009731	ET WEB_SPECIFIC_APPS VS Panel showcat.php Cat_ID Parameter SQL Injection
2009734	ET WEB_SPECIFIC_APPS 212cafe Board view.php qID Parameter SQL Injection
2009738	ET WEB_SPECIFIC_APPS X-BLC get_read.php section Parameter SQL Injection
2009739	ET WEB_SPECIFIC_APPS DMXReady Multiple Products upload_image_category.asp cid Parameter SQL Injection
2009740	ET WEB_SPECIFIC_APPS BibCiter projects.php idp Parameter SQL Injection
2009741	ET WEB_SPECIFIC_APPS BibCiter contacts.php idc Parameter SQL Injection
2009742	ET WEB_SPECIFIC_APPS BibCiter users.php idu Parameter SQL Injection
2009744	ET WEB_SPECIFIC_APPS SuperNews valor.php noticia Parameter SQL Injection
2009747	ET WEB_SPECIFIC_APPS AvailScript Article Script articles.php aIDS Parameter SQL Injection
2009787	ET WEB_SPECIFIC_APPS Community CMS view.php article_id Parameter SQL Injection
2009791	ET WEB_SPECIFIC_APPS GS Real Estate Portal email.php AgentID Parameter SQL Injection
2009794	ET WEB_SPECIFIC_APPS VidShare Pro listing_video.php catid Parameter SQL Injection
2009795	ET WEB_SPECIFIC_APPS Dog Pedigree Online Database managePerson.php personId Parameter SQL Injection
2009849	ET WEB_SPECIFIC_APPS Flash Quiz num_questions.php quiz Parameter SQL Injection
2009850	ET WEB_SPECIFIC_APPS Flash Quiz answers.php quiz Parameter SQL Injection
2009851	ET WEB_SPECIFIC_APPS Flash Quiz answers.php order_number Parameter SQL Injection
2009852	ET WEB_SPECIFIC_APPS Flash Quiz high_score_web.php quiz Parameter SQL Injection
2009853	ET WEB_SPECIFIC_APPS Flash Quiz results_table_web.php quiz Parameter SQL Injection
2009854	ET WEB_SPECIFIC_APPS Flash Quiz question.php quiz Parameter SQL Injection
2009855	ET WEB_SPECIFIC_APPS Flash Quiz question.php order_number Parameter SQL Injection
2009856	ET WEB_SPECIFIC_APPS Flash Quiz high_score.php quiz Parameter SQL Injection
2009878	ET WEB_SPECIFIC_APPS Harlandscripts Pro Traffic One mypage.php trg Parameter SQL Injection
2009881	ET WEB_SPECIFIC_APPS Possible Joomla Com_joomlub Component Union Select SQL Injection
2009906	ET WEB_SPECIFIC_APPS Online Grades parents.php ADD Parameter SQL Injection
2009935	ET WEB_SPECIFIC_APPS Frontis aps_browse_sources.php source_class Parameter SQL Injection
2009936	ET WEB_SPECIFIC_APPS Plogger plog-download.php checked Parameter SQL Injection
2010020	ET WEB_SPECIFIC_APPS SHOP-INET show_cat2.php grid Parameter SQL Injection
2010021	ET WEB_SPECIFIC_APPS RS-CMS rscms_mod_newsview.php key Parameter Processing Remote SQL Injection
2010022	ET WEB_SPECIFIC_APPS AdaptWeb a_index.php CodigoDisciplina Parameter Remote SQL Injection
2010026	ET WEB_SPECIFIC_APPS TorrentTrader Classic delreq.php categ Parameter Sql Injection
2010028	ET WEB_SPECIFIC_APPS NewSolved newsscript.php jahr Parameter SQL Injection
2010098	ET WEB_SPECIFIC_APPS Telephone Directory 2008 edit1.php code Parameter SQL Injection
2010121	ET WEB_SPECIFIC_APPS Celepar module for Xoops aviso.php codigo SQL injection
2010122	ET WEB_SPECIFIC_APPS NewSolved newsscript.php idneu Parameter SQL Injection
2010123	ET WEB_SPECIFIC_APPS NewSolved newsscript.php newsid Parameter SQL Injection
2010195	ET WEB_SPECIFIC_APPS DS CMS DetailFile.php nFileId Parameter SQL Injection
2010196	ET WEB_SPECIFIC_APPS 2FLY Gift Delivery 2fly_gift.php gameid Parameter SQL Injection
2010259	ET WEB_SPECIFIC_APPS DvBBS boardrule.php groupboardid Parameter SQL Injection
2024342	ET WEB_SPECIFIC_APPS Joomla 3.7.0 - Sql Injection (CVE-2017-8917)
2001197	ET WEB_SPECIFIC_APPS PHPNuke SQL injection attempt
2001202	ET WEB_SPECIFIC_APPS PHPNuke general SQL injection attempt
2010673	ET WEB_SPECIFIC_APPS Possible Zenoss Network Monitoring Application UNTION SELECT SQL Injection Attempt
2010672	ET WEB_SPECIFIC_APPS Possible Zenoss Network Monitoring Application INSERT INTO SQL Injection Attempt
2010670	ET WEB_SPECIFIC_APPS Possible Zenoss Network Monitoring Application SELECT FROM SQL Injection Attempt
2010669	ET WEB_SPECIFIC_APPS Possible Zenoss Network Monitoring Application INTO OUTFILE SQL Injection Attempt
2010134	ET WEB_SPECIFIC_APPS Possible Achievo userid= Variable DELETE FROM SQL Injection Attempt
2010133	ET WEB_SPECIFIC_APPS Possible Achievo userid= Variable INSERT INTO SQL Injection Attempt
2006834	ET WEB_SPECIFIC_APPS ASPMForum SQL Injection Attempt -- aramayap.asp kelimeler DELETE
2006829	ET WEB_SPECIFIC_APPS ASPMForum SQL Injection Attempt -- kullanicilistesi.asp ak ASCII
2049386	ET WEB_SPECIFIC_APPS Jiecheng Management Information System CWSFinanceCommon SQL injection
2056391	ET WEB_SPECIFIC_APPS Ivanti EPM SQL Injection (CVE-2024-29824)
2056642	ET WEB_SPECIFIC_APPS Palto Alto Expedition Unauthenticated SQL Injection in Checkpoint Config Parser (CVE-2024-9465)
2057436	ET WEB_SPECIFIC_APPS Mura CMS SQL Injection via processAsyncObject API Method (CVE-2024-32640)
2056768	ET WEB_SPECIFIC_APPS Grafana Post-Authentication DuckDB SQL Injection (CVE-2024-9264)
2056183	ET WEB_SPECIFIC_APPS F5 BIG-IP Next Central Manager SQL Injection (CVE-2024-26026)
2055989	ET WEB_SPECIFIC_APPS Zabbix Server Blind SQL Injection via clientip Parameter (CVE-2024-22120)
2049926	ET WEB_SPECIFIC_APPS GL.iNet Authentication Bypass/SQL Injection attempt (CVE-2023-50919)
2055983	ET WEB_SPECIFIC_APPS Progress WhatsUp Gold HasErrors SQL Injection Authentication Bypass (CVE-2024-6670)
2058117	ET WEB_SPECIFIC_APPS Riello Netman 204 UPS SQL Injection Attempt (CVE-2024-8877)
2059681	ET WEB_SPECIFIC_APPS Microsoft Configuration Manager Unauthenticated SQL Injection (CVE-2024-43468)
2060814	ET WEB_SPECIFIC_APPS GLPI Pre-auth SQL Injection (CVE-2025-24799)
2061770	ET WEB_SPECIFIC_APPS GLPI < 10.0.17 Pre-Auth SQL Injection (CVE-2025-24799)
2062742	ET WEB_SPECIFIC_APPS Infoblox NetMRI login.tdf skipjackUsername Parameter SQL Injection Attempt - Credential Theft (CVE-2025-32814)
2062745	ET WEB_SPECIFIC_APPS Infoblox NetMRI Run.tdf Scripts Parameter SQL Injection Attempt - Credential theft (CVE-2024-52874)
2063277	ET WEB_SPECIFIC_APPS D-Link importhtml sql Parameter SQL Injection Attempt
2063426	ET WEB_SPECIFIC_APPS Fortinet FortiWeb Fabric Connector Unauthenticated SQL Injection (CVE-2025-25257) M1
2063427	ET WEB_SPECIFIC_APPS Fortinet FortiWeb Fabric Connector Unauthenticated SQL Injection (CVE-2025-25257) M2
2063646	ET WEB_SPECIFIC_APPS Joomla JS jobs Plugin jsjobs GDPR Multiple Parameters SQL Injection Attempt (CVE-2025-22206, CVE-2025-22208)
2064156	ET WEB_SPECIFIC_APPS VTENext SQL Injection via Fax Module
2064717	ET WEB_SPECIFIC_APPS FreePBX ajax.php endpoint module SQL Injection Attempt (CVE-2025-57819) M1
2064719	ET WEB_SPECIFIC_APPS FreePBX ajax.php endpoint module SQL Injection Attempt (CVE-2025-57819) M2
2065485	ET WEB_SPECIFIC_APPS Kaseya VSA Authenticated SQL Injection in exportFldr (CVE-2021-30117)
2065573	ET WEB_SPECIFIC_APPS IPFire ovpnclients.dat CONNECTION_NAME Parameter SQL Injection Attempt (CVE-2025-34304)
2065636	ET WEB_SPECIFIC_APPS Guetebruck param.cgi group Parameter SQL Injection Attempt (CVE-2025-12463)
2066283	ET WEB_SPECIFIC_APPS Zoho ManageEngine Password Manager Pro SQL Injection (CVE-2022-40300)
2066284	ET WEB_SPECIFIC_APPS Zoho ManageEngine OpManager addMailServerSettings SQL Injection (CVE-2018-18949) M1
2066285	ET WEB_SPECIFIC_APPS Zoho ManageEngine OpManager addMailServerSettings SQL Injection (CVE-2018-18949) M2
2066286	ET WEB_SPECIFIC_APPS Zoho ManageEngine OpManager getGraphData SQL Injection (CVE-2018-20173)
2066287	ET WEB_SPECIFIC_APPS Zoho ManageEngine OpManager setManaged SQL Injection (CVE-2018-17283)
2066288	ET WEB_SPECIFIC_APPS Zoho ManageEngine OpManager getReportData SQL Injection (CVE-2021-41288)
2066759	ET WEB_SPECIFIC_APPS FreePBX Authenticated SQL Injection via baseline Configuration (CVE-2025-61675)
2066760	ET WEB_SPECIFIC_APPS FreePBX Authenticated SQL Injection via firmware Configuration (CVE-2025-61675)
2066761	ET WEB_SPECIFIC_APPS FreePBX Authenticated SQL Injection via model Configuration (CVE-2025-61675)
2066762	ET WEB_SPECIFIC_APPS FreePBX Authenticated SQL Injection via extension Configuration (CVE-2025-61675)
2067153	ET WEB_SPECIFIC_APPS GLPI Unauthenticated SQL Injection via Login (CVE-2022-31061)
2067155	ET WEB_SPECIFIC_APPS GLPI Account Takeover via SQL Injection in UI Layout Preferences (CVE-2023-41320)
2067156	ET WEB_SPECIFIC_APPS GLPI Authenticated SQL Injection in Saved Searches (CVE-2023-43813)
2067158	ET WEB_SPECIFIC_APPS GLPI Authenticated SQL Injection in Search (CVE-2024-27096)
2067160	ET WEB_SPECIFIC_APPS GLPI Authenticated SQL Injection in Map Search (CVE-2024-31456)
2067161	ET WEB_SPECIFIC_APPS GLPI Authenticated SQL Injection in Saved Searches (CVE-2024-29889)
2067165	ET WEB_SPECIFIC_APPS GLPI Authenticated Account Takeover via SQL Injection (CVE-2024-37148) M1
2067166	ET WEB_SPECIFIC_APPS GLPI Authenticated Account Takeover via SQL Injection (CVE-2024-37148) M2
2067167	ET WEB_SPECIFIC_APPS GLPI Authenticated Account Takeover via SQL Injection (CVE-2024-40638)
2067185	ET WEB_SPECIFIC_APPS GLPI Unauthenticated SQL Injection via GLPI Inventory Plugin (CVE-2025-32786)
2068447	ET WEB_SPECIFIC_APPS Fortigate Forticlient EMS HTTP Site Header SQL injection attempt (CVE-2026-21643)
2068893	ET WEB_SPECIFIC_APPS Mailcow Second-Order SQL Injection via quarantine_category (CVE-2026-40871)
2006583	ET WEB_SPECIFIC_APPS AnnonceScriptHP okvalannonce.php SQL Injection via idannonce Parameter (CVE-2006-6478)
2006567	ET WEB_SPECIFIC_APPS AnnonceScriptHP voirannonce.php SQL Injection Attempt via no Parameter (CVE-2006-6478)
2006573	ET WEB_SPECIFIC_APPS AnnonceScriptHP SQL Injection Attempt -- fiche_membre.php idmembre SELECT
2006585	ET WEB_SPECIFIC_APPS AnnonceScriptHP changeannonce.php SQL Injection Attempt via idannonce Parameter (CVE-2006-6478)
2004803	ET WEB_SPECIFIC_APPS Mathis Dirksen-Thedens ZephyrSoft Toolbox Address Book Continued (ABC) functions.php SQL Injection via id Parameter (CVE-2007-1122)
2069337	ET WEB_SPECIFIC_APPS Cacti graph_view.php rfilter parameter SQL Injection Attempt (CVE-2023-39361)
2071329	ET WEB_SPECIFIC_APPS Veracore timeoutWarning PmSess1 Parameter SQL Injection Attempt (CVE-2025-25181)
2071536	ET WEB_SPECIFIC_APPS Metabase Password Reset SQL Injection (CVE-2026-72898)
2071607	ET WEB_SPECIFIC_APPS Progress WhatsUp Gold GetStatisticalMonitorList SQL Injection Authentication Bypass (CVE-2024-6671)
2071986	ET WEB_SPECIFIC_APPS Sangoma Switchvox PhoneIP Parameter SQL Injection Attempt (CVE-2026-9586)
